{"type":"FeatureCollection","features":[{"type":"Feature","geometry":{"type":"LineString","coordinates":[[11.69874,44.99507],[11.69897,44.99499],[11.69915,44.99492],[11.69994,44.99462],[11.69993,44.99459],[11.69972,44.99424],[11.69936,44.99363],[11.70055,44.99327],[11.7007,44.99322],[11.7017,44.9929],[11.70174,44.99289],[11.70059,44.99105],[11.70027,44.99059],[11.69827,44.98747],[11.69821,44.98737],[11.72002,44.98059],[11.7202,44.98053],[11.72445,44.97921],[11.725,44.97903],[11.72468,44.97861],[11.7245,44.97816],[11.72447,44.97787],[11.7245,44.9776],[11.7246,44.97718],[11.72459,44.97684],[11.72443,44.97649],[11.7233,44.97588],[11.72291,44.97539],[11.72277,44.97497],[11.7227,44.97465],[11.72272,44.97428],[11.72281,44.97354],[11.723,44.97281],[11.72305,44.97255],[11.72299,44.97236],[11.72288,44.97226],[11.72254,44.972],[11.72244,44.97184],[11.72244,44.97164],[11.72258,44.96989],[11.7228,44.96719],[11.72294,44.96678],[11.72292,44.96663],[11.72289,44.96659],[11.72345,44.96634],[11.72362,44.96625],[11.72387,44.96609],[11.7242,44.96584],[11.72429,44.96579],[11.72441,44.96575],[11.72456,44.96571],[11.72474,44.96568],[11.72493,44.96566],[11.72511,44.96564],[11.72525,44.96564],[11.72593,44.96567],[11.72612,44.96567],[11.7263,44.96565],[11.72649,44.96563],[11.72665,44.9656],[11.72683,44.96554],[11.72696,44.96546],[11.72781,44.96489],[11.72792,44.96479],[11.728,44.9647],[11.72805,44.9646],[11.72808,44.96446],[11.72808,44.96423],[11.72798,44.96379],[11.72796,44.96365],[11.72795,44.96352],[11.72795,44.96319],[11.72795,44.96306],[11.72798,44.96295],[11.72804,44.96275],[11.72807,44.96268],[11.72828,44.96216],[11.72843,44.96181],[11.72847,44.9617],[11.72852,44.96143],[11.72853,44.96136],[11.7285,44.96109],[11.72835,44.96021],[11.72829,44.95995],[11.72825,44.95983],[11.72807,44.95949],[11.72802,44.95942],[11.72799,44.95937],[11.72812,44.95932],[11.72828,44.95925],[11.7298,44.95859],[11.73018,44.95845],[11.73086,44.95821],[11.73201,44.95783],[11.7335,44.95736],[11.73408,44.95717],[11.73432,44.95711],[11.73525,44.95687],[11.73561,44.95679],[11.73578,44.95675],[11.73597,44.95672],[11.73617,44.95669],[11.73634,44.95668],[11.73652,44.95668],[11.7367,44.95669],[11.73683,44.95671],[11.73707,44.95675],[11.73737,44.95684],[11.73752,44.95689],[11.73768,44.95697],[11.73783,44.95706],[11.73797,44.95716],[11.73825,44.95741],[11.73833,44.95748],[11.73839,44.95753],[11.7386,44.95772],[11.73867,44.95777],[11.73878,44.95785],[11.73897,44.95795],[11.73914,44.95803],[11.73934,44.95812],[11.73944,44.9582],[11.73951,44.95829],[11.73957,44.95834],[11.73968,44.95839],[11.73987,44.95867],[11.74031,44.95932],[11.74063,44.95978],[11.74093,44.96022],[11.74106,44.96042],[11.74114,44.96053],[11.74123,44.96066],[11.7413,44.96076],[11.74135,44.96084],[11.74142,44.96094],[11.74157,44.96116],[11.74163,44.96125],[11.74143,44.96132],[11.74125,44.96138],[11.74104,44.96145],[11.74086,44.96151],[11.741,44.96171]]},"properties":{"town_name":"Frassinelle Polesine"}},{"type":"Feature","geometry":{"type":"LineString","coordinates":[[11.60883,44.99132],[11.60911,44.99136],[11.60977,44.99149],[11.61012,44.99158],[11.61022,44.99162],[11.61037,44.99151],[11.61056,44.99141],[11.61079,44.9912],[11.61094,44.99105],[11.61118,44.99081],[11.6113,44.99067],[11.61139,44.99053],[11.61145,44.99039],[11.61148,44.99026],[11.6115,44.99015],[11.61146,44.98955],[11.61146,44.98926],[11.61147,44.98915],[11.61151,44.98903],[11.61155,44.9889],[11.61156,44.98881],[11.61156,44.98873],[11.61155,44.98863],[11.61139,44.98834],[11.61127,44.98805],[11.61113,44.98775],[11.61091,44.98739],[11.61085,44.98729],[11.6108,44.98719],[11.61078,44.98715],[11.61068,44.98699],[11.61056,44.98678],[11.61032,44.98636],[11.61008,44.98597],[11.60996,44.98572],[11.60988,44.98555],[11.60983,44.98539],[11.60969,44.98485],[11.60962,44.98468],[11.60956,44.98457],[11.60935,44.98428],[11.60929,44.98421],[11.60903,44.98389],[11.60898,44.98382],[11.60887,44.98369],[11.60881,44.98361],[11.60814,44.98274],[11.60768,44.98209],[11.60727,44.98155],[11.60724,44.98148],[11.60723,44.98141],[11.60724,44.98138],[11.60737,44.98099],[11.60747,44.98079],[11.60757,44.98063],[11.60774,44.98045],[11.60793,44.98029],[11.60807,44.9802],[11.60856,44.98001],[11.60878,44.97989],[11.60895,44.97975],[11.60908,44.97961],[11.60918,44.97945],[11.60937,44.97908],[11.60952,44.97875],[11.60958,44.97854],[11.60959,44.97835],[11.60957,44.97821],[11.60952,44.97808],[11.60944,44.97795],[11.60934,44.97783],[11.60873,44.97736],[11.60854,44.97719],[11.60845,44.97708],[11.60838,44.97696],[11.60833,44.9768],[11.60832,44.97664],[11.60831,44.97644],[11.6083,44.97627],[11.60827,44.97615],[11.6082,44.97602],[11.60784,44.97557],[11.60777,44.97541],[11.60774,44.97525],[11.60774,44.97511],[11.60777,44.97496],[11.60784,44.97482],[11.60863,44.97385],[11.60883,44.97362],[11.60892,44.9735],[11.60995,44.97218],[11.61051,44.97137],[11.611,44.97055],[11.61116,44.97027],[11.6112,44.97016],[11.6112,44.97002],[11.61119,44.96988],[11.61112,44.96967],[11.61108,44.96957],[11.61059,44.96897],[11.61056,44.9689],[11.61048,44.96886],[11.6104,44.96877],[11.61035,44.96872],[11.61018,44.9685],[11.60977,44.96801],[11.6095,44.9677],[11.60927,44.96741],[11.60915,44.96715],[11.6091,44.96672],[11.60898,44.96626],[11.60881,44.96578],[11.60862,44.96536],[11.60835,44.96476],[11.60807,44.96435],[11.60761,44.96397],[11.60726,44.96376],[11.6071,44.96375],[11.60688,44.9638],[11.60655,44.96393],[11.60584,44.96431],[11.6058,44.96433],[11.60578,44.96433],[11.60576,44.96433],[11.60573,44.96432],[11.60572,44.96431],[11.60495,44.96226],[11.60492,44.9622],[11.60491,44.96215],[11.60489,44.96211],[11.60486,44.96203],[11.60459,44.96131],[11.60457,44.96125],[11.60455,44.96122],[11.60432,44.96126],[11.60418,44.96129],[11.6031,44.96173],[11.60264,44.96087],[11.60238,44.96033],[11.60226,44.96004],[11.60216,44.9598],[11.60206,44.95953]]},"properties":{"town_name":"Pincara"}},{"type":"Feature","geometry":{"type":"LineString","coordinates":[[11.35653,44.99147],[11.35664,44.99158],[11.35674,44.99167],[11.35649,44.99182],[11.35518,44.99261],[11.35449,44.99297],[11.35337,44.9935],[11.35295,44.99371],[11.35265,44.99385],[11.35181,44.99433],[11.35129,44.99463],[11.35064,44.995],[11.35001,44.9955],[11.34915,44.99604],[11.34689,44.99681],[11.34588,44.99715],[11.34472,44.99754],[11.34438,44.99765],[11.3426,44.99816],[11.34252,44.9982],[11.34192,44.99843],[11.33984,44.99976],[11.33888,45.00037],[11.33847,45.00062],[11.33782,45.00091],[11.33354,45.00263],[11.33337,45.00277],[11.33327,45.003],[11.33329,45.00349],[11.33344,45.00417],[11.33337,45.00438],[11.33324,45.00454],[11.33304,45.00465],[11.3325,45.0048],[11.33069,45.00526],[11.32919,45.00564],[11.32881,45.00583],[11.32868,45.00601],[11.32852,45.00672],[11.32854,45.00724],[11.32846,45.00753],[11.3282,45.00778],[11.32404,45.00946],[11.3228,45.00971],[11.31983,45.01017],[11.31832,45.01061],[11.31647,45.01119],[11.31719,45.01225],[11.31724,45.01233],[11.3176,45.01289],[11.31668,45.01309],[11.31552,45.01334],[11.31488,45.0136],[11.31438,45.0138],[11.31302,45.01442],[11.31219,45.01481],[11.31232,45.01494],[11.31242,45.01516],[11.31243,45.01541],[11.3124,45.01615],[11.31238,45.01697],[11.31269,45.01698],[11.31278,45.01698],[11.313,45.01698],[11.313,45.01711],[11.31324,45.01712]]},"properties":{"town_name":"Calto"}},{"type":"Feature","geometry":{"type":"LineString","coordinates":[[12.07829,45.00566],[12.0783,45.00564],[12.0783,45.00549],[12.07833,45.00542],[12.07832,45.00515],[12.07906,45.00513],[12.07973,45.00511],[12.08086,45.00506],[12.08094,45.00506],[12.08118,45.00504],[12.08122,45.00504],[12.08213,45.005],[12.08249,45.00499],[12.0825,45.00499],[12.08276,45.00497],[12.0829,45.00497],[12.08303,45.00495],[12.08313,45.00493],[12.08327,45.00495],[12.08337,45.00496],[12.08338,45.00498],[12.0834,45.005],[12.08343,45.00502],[12.08346,45.00503],[12.08349,45.00503],[12.08351,45.00504],[12.08357,45.00506],[12.0837,45.0051],[12.08382,45.00514],[12.08384,45.00515],[12.08391,45.00518],[12.085,45.00564],[12.08519,45.00572],[12.08543,45.0058],[12.08579,45.00591],[12.0861,45.00597],[12.08649,45.00603],[12.08682,45.00607],[12.08713,45.00609],[12.08748,45.00612],[12.08773,45.00616],[12.0881,45.00623],[12.08846,45.00633],[12.08884,45.00647],[12.08922,45.00662],[12.09021,45.00699],[12.09223,45.00776],[12.09274,45.00796],[12.09292,45.00802],[12.09345,45.00821],[12.0942,45.00849],[12.09487,45.00872],[12.09508,45.00879],[12.09563,45.00897],[12.09589,45.00905],[12.09605,45.00913],[12.09624,45.0092],[12.09643,45.00928],[12.09653,45.00933],[12.09662,45.00938],[12.09673,45.00945],[12.09681,45.00952],[12.09688,45.00958],[12.09803,45.0108],[12.09812,45.01092],[12.09855,45.0115],[12.0989,45.012],[12.09956,45.01306],[12.09981,45.01358],[12.09998,45.01408],[12.10004,45.01456],[12.10007,45.01496],[12.10005,45.01531],[12.09982,45.01758],[12.09881,45.02731],[12.09888,45.02884],[12.09911,45.03006],[12.09942,45.03158],[12.09974,45.03385],[12.09978,45.03411],[12.09984,45.03451],[12.10022,45.03675],[12.10024,45.03685],[12.10031,45.03739],[12.10031,45.03768],[12.10029,45.03789],[12.10033,45.03833],[12.10031,45.03857],[12.10024,45.03879],[12.10012,45.03905],[12.09999,45.03924],[12.09973,45.03952],[12.09953,45.03969],[12.09937,45.03983],[12.09917,45.03996],[12.09892,45.04009],[12.0985,45.04027],[12.09809,45.04037],[12.09769,45.04043],[12.09729,45.04047],[12.09688,45.04049],[12.09648,45.04052],[12.09604,45.04051],[12.09355,45.04043],[12.0924,45.0404],[12.08995,45.04033],[12.08782,45.04026],[12.08627,45.04022],[12.08492,45.04018],[12.08368,45.04012],[12.08295,45.04008],[12.08259,45.04005],[12.0822,45.04003],[12.08174,45.04],[12.0812,45.03996],[12.08008,45.03987],[12.07845,45.03973],[12.07283,45.03898],[12.07163,45.03877],[12.07105,45.03867],[12.06328,45.03723],[12.06247,45.03707],[12.06188,45.03697],[12.0617,45.03695],[12.06159,45.03695],[12.0615,45.03697],[12.06137,45.03702],[12.06126,45.03708],[12.06116,45.03716],[12.06111,45.03725],[12.06111,45.03727],[12.0611,45.03731],[12.0611,45.03743],[12.06111,45.03855],[12.06111,45.03951],[12.06111,45.03956],[12.06112,45.04002],[12.06111,45.04006],[12.06105,45.04151],[12.06105,45.04172],[12.06105,45.04174],[12.06105,45.04175],[12.06106,45.04184],[12.06106,45.04202],[12.06107,45.04225],[12.06105,45.04239],[12.06102,45.0425],[12.06095,45.0426],[12.06086,45.04268],[12.0608,45.04269],[12.06074,45.04272],[12.06068,45.04276],[12.06064,45.04282],[12.06064,45.04288],[12.06062,45.04292],[12.06059,45.04296],[12.06055,45.043],[12.0605,45.04305],[12.06046,45.04307],[12.06041,45.04311],[12.06035,45.04317],[12.0602,45.0435],[12.05992,45.04412],[12.05981,45.04435],[12.05977,45.04443],[12.05972,45.0445],[12.05965,45.04448],[12.05953,45.04446],[12.05926,45.04445],[12.05919,45.04444],[12.05915,45.04444],[12.05883,45.04441],[12.05823,45.04435],[12.05822,45.04438],[12.05923,45.04447],[12.05917,45.04476],[12.05792,45.04465],[12.05789,45.04475],[12.05753,45.04472]]},"properties":{"town_name":"Corbola"}},{"type":"Feature","geometry":{"type":"LineString","coordinates":[[11.58978,45.02954],[11.5898,45.02951],[11.59006,45.02921],[11.59009,45.02918],[11.59014,45.02919],[11.59017,45.02918],[11.59035,45.02919],[11.5905,45.02919],[11.59067,45.02921],[11.5909,45.02925],[11.59146,45.02937],[11.59185,45.02943],[11.59193,45.02945],[11.59208,45.02947],[11.59214,45.0295],[11.5922,45.02953],[11.59286,45.02988],[11.5941,45.03045],[11.59482,45.03079],[11.59582,45.03114],[11.59793,45.03173],[11.59915,45.03199],[11.59967,45.0321],[11.60012,45.03216],[11.60324,45.03264],[11.60404,45.03281],[11.60448,45.03286],[11.60471,45.03287],[11.605,45.03286],[11.60558,45.03285],[11.60585,45.03285],[11.60608,45.03286],[11.60659,45.03294],[11.60698,45.033],[11.60772,45.03303],[11.60967,45.03308],[11.61063,45.03315],[11.61104,45.03318],[11.61158,45.03319],[11.61207,45.03316],[11.61238,45.03315],[11.61258,45.03311],[11.61273,45.03305],[11.61289,45.03298],[11.61303,45.03295],[11.61322,45.03295],[11.61339,45.03298],[11.61364,45.03308],[11.6138,45.03313],[11.61402,45.03316],[11.61429,45.03316],[11.61454,45.03317],[11.61498,45.03325],[11.61537,45.03326],[11.61577,45.03325],[11.6164,45.03322],[11.61723,45.03323],[11.61758,45.03321],[11.61832,45.03313],[11.61902,45.03303],[11.61927,45.033],[11.61949,45.03296],[11.62021,45.03275],[11.62077,45.0326],[11.62086,45.03257],[11.62104,45.03252],[11.62106,45.03252],[11.62122,45.03244],[11.62131,45.03234],[11.62136,45.03222],[11.62139,45.03204],[11.62148,45.03188],[11.6216,45.03175],[11.62174,45.03164],[11.62187,45.0316],[11.62204,45.03158],[11.62218,45.0316],[11.62256,45.0317],[11.62263,45.03171],[11.62282,45.0317],[11.62308,45.03157],[11.62409,45.031],[11.62453,45.03064],[11.62513,45.03022],[11.62581,45.02981],[11.62591,45.02972],[11.62597,45.02963],[11.62602,45.02943],[11.62605,45.02935],[11.62613,45.02928],[11.62632,45.02915],[11.62697,45.02894],[11.62761,45.02865],[11.62824,45.02837],[11.6284,45.02833],[11.62859,45.02831],[11.62895,45.02831],[11.62986,45.02833],[11.6308,45.02834],[11.63172,45.0284],[11.6326,45.02857],[11.63322,45.02861],[11.6338,45.02866],[11.63397,45.02868],[11.63413,45.02869],[11.63425,45.0287],[11.63536,45.02879],[11.63536,45.02882],[11.63538,45.02885],[11.63547,45.0289],[11.63559,45.02895],[11.63576,45.029],[11.63641,45.02914],[11.63808,45.02942],[11.63861,45.02956],[11.639,45.02978],[11.63914,45.02983],[11.63942,45.02982],[11.63985,45.02974],[11.63999,45.02983],[11.64021,45.02995],[11.64032,45.03],[11.64058,45.03002],[11.6407,45.03003],[11.64074,45.03006],[11.64076,45.0301],[11.64077,45.03035],[11.64077,45.03044],[11.64083,45.03044],[11.64108,45.03045],[11.64117,45.03045],[11.64117,45.03059],[11.64118,45.03079],[11.6412,45.03087]]},"properties":{"town_name":"San Bellino"}},{"type":"Feature","geometry":{"type":"LineString","coordinates":[[11.76656,45.00078],[11.76648,45.00074],[11.7664,45.0007],[11.7658,45.00042],[11.76551,45.00034],[11.76531,45.00032],[11.76472,45.00038],[11.76434,45.00044],[11.76363,45.00053],[11.76367,45.00069],[11.76348,45.00072],[11.7635,45.00078],[11.76351,45.00081],[11.7635,45.00109],[11.76341,45.00111],[11.76353,45.00164],[11.76357,45.00185],[11.7636,45.00201],[11.76362,45.00211],[11.76379,45.00293],[11.76381,45.00305],[11.76388,45.00336],[11.76425,45.00506],[11.76436,45.00562],[11.76449,45.00621],[11.76454,45.0064],[11.7646,45.00655],[11.76471,45.00682],[11.76482,45.00704],[11.76483,45.00707],[11.76486,45.00713],[11.76497,45.00734],[11.76499,45.00739],[11.76507,45.00757],[11.76534,45.00805],[11.76545,45.00825],[11.76627,45.00993],[11.76646,45.0103],[11.76648,45.01035],[11.76731,45.01186],[11.7674,45.01204],[11.76749,45.01221],[11.7677,45.01263],[11.76917,45.01548],[11.76943,45.01597],[11.76964,45.01638],[11.77236,45.02166],[11.77308,45.02308],[11.77338,45.02341],[11.77379,45.02381],[11.77421,45.02418],[11.77433,45.02436],[11.77494,45.02517],[11.77534,45.02573],[11.7755,45.02581],[11.77582,45.02598],[11.77614,45.0261],[11.77673,45.02624],[11.77742,45.0264],[11.778,45.02656],[11.77856,45.02675],[11.77899,45.02692],[11.77956,45.02718],[11.78089,45.02786],[11.78175,45.02829],[11.78187,45.02847],[11.78192,45.02855],[11.78193,45.02865],[11.78191,45.02871],[11.78185,45.02878],[11.78172,45.02887],[11.78122,45.029],[11.78076,45.02912],[11.7802,45.02926],[11.78001,45.02926],[11.77996,45.02923],[11.7799,45.02922],[11.77984,45.02921],[11.77977,45.02922],[11.77971,45.02924],[11.77965,45.02928],[11.77962,45.02932],[11.77961,45.02938],[11.77957,45.02941],[11.7795,45.02944],[11.77935,45.0295],[11.77924,45.02953],[11.77904,45.02958],[11.77888,45.02962],[11.77875,45.02962],[11.77854,45.02958],[11.77826,45.02957],[11.77807,45.02959],[11.77779,45.02908],[11.77759,45.02901],[11.77753,45.02888],[11.77746,45.02874],[11.7774,45.02862]]},"properties":{"town_name":"Bosaro"}},{"type":"Feature","geometry":{"type":"LineString","coordinates":[[11.36904,45.01369],[11.36909,45.01337],[11.36948,45.01351],[11.36932,45.01374],[11.36893,45.01442],[11.36881,45.01453],[11.36765,45.01485],[11.36643,45.01513],[11.36545,45.01549],[11.36497,45.01567],[11.36452,45.01591],[11.36408,45.01628],[11.36393,45.01647],[11.36376,45.01678],[11.36358,45.01704],[11.36352,45.01709],[11.36318,45.01737],[11.36203,45.01809],[11.36112,45.01869],[11.35998,45.01921],[11.3594,45.01949],[11.35908,45.01966],[11.35875,45.0199],[11.35816,45.02029],[11.358,45.02038],[11.35785,45.02046],[11.35772,45.02051],[11.35754,45.02058],[11.35743,45.0206],[11.35729,45.02064],[11.35678,45.02073],[11.3564,45.02081],[11.35623,45.02084],[11.3561,45.02086],[11.35586,45.02087],[11.35566,45.02085],[11.35528,45.02082],[11.35514,45.02083],[11.35494,45.02086],[11.35475,45.0209],[11.35365,45.02114],[11.35222,45.02144],[11.352,45.02147],[11.35178,45.0215],[11.35156,45.02152],[11.35127,45.02153],[11.3507,45.02155],[11.35012,45.02159],[11.34887,45.0217],[11.3478,45.02176],[11.34763,45.02176],[11.34745,45.02174],[11.34727,45.02171],[11.34713,45.02166],[11.347,45.02162],[11.34685,45.02154],[11.34671,45.02146],[11.34658,45.02136],[11.34648,45.02127],[11.34638,45.02115],[11.34629,45.02102],[11.34624,45.0209],[11.3462,45.02076],[11.34612,45.02048],[11.34607,45.02035],[11.34601,45.02024],[11.34597,45.0202],[11.34586,45.02007],[11.34577,45.01999],[11.34567,45.01993],[11.34555,45.01985],[11.34542,45.01979],[11.3453,45.01973],[11.34323,45.01922],[11.34207,45.01893],[11.34075,45.0185],[11.33992,45.01824],[11.33903,45.01803],[11.33816,45.01788],[11.33779,45.01779],[11.33709,45.01753],[11.33684,45.01744],[11.33633,45.01732],[11.33611,45.01728],[11.33574,45.01723],[11.33544,45.0172],[11.33504,45.01717],[11.33421,45.01709],[11.3341,45.01709],[11.33353,45.01705],[11.33266,45.01703],[11.33196,45.01704],[11.33111,45.0171],[11.33033,45.01719],[11.32997,45.01722],[11.32971,45.01721],[11.32946,45.01717],[11.32943,45.0172],[11.32939,45.01724],[11.32935,45.01727],[11.3293,45.01729],[11.32924,45.0173],[11.32918,45.01731],[11.32912,45.01731],[11.32906,45.0173],[11.32901,45.01729],[11.32896,45.01726],[11.32891,45.01724],[11.3287,45.01734],[11.32849,45.01748],[11.32826,45.01767],[11.32803,45.01771],[11.32792,45.01776],[11.32765,45.01789],[11.32728,45.01804],[11.32706,45.01811],[11.32695,45.01815],[11.32647,45.0183],[11.32611,45.01843],[11.3257,45.0186],[11.32545,45.01872],[11.32524,45.01887],[11.32514,45.01896],[11.32495,45.0192],[11.32457,45.01969],[11.32452,45.01975],[11.32443,45.01984],[11.32427,45.01995],[11.3241,45.02005],[11.32391,45.02014],[11.32355,45.02031],[11.32303,45.02055],[11.32267,45.02068],[11.32185,45.02093],[11.32153,45.02101],[11.32031,45.02127],[11.3199,45.02136],[11.31958,45.02063],[11.31909,45.01956],[11.31905,45.01933],[11.319,45.01908],[11.31899,45.01903],[11.31899,45.01892],[11.31901,45.01884],[11.31904,45.01876],[11.31913,45.01861],[11.31915,45.01848],[11.31909,45.01837],[11.31901,45.01822],[11.31879,45.01785],[11.31795,45.01784],[11.31771,45.01785],[11.31763,45.01783],[11.31755,45.01781],[11.31742,45.01778],[11.31723,45.01777],[11.31676,45.01777],[11.31553,45.01775],[11.31485,45.01773],[11.31479,45.01774],[11.31476,45.01776],[11.31475,45.01785],[11.31394,45.01782],[11.31382,45.01782],[11.31383,45.01749],[11.31364,45.01749],[11.31365,45.01713],[11.31324,45.01712]]},"properties":{"town_name":"Ceneselli"}},{"type":"Feature","geometry":{"type":"LineString","coordinates":[[11.69331,45.01443],[11.69336,45.01443],[11.69337,45.01448],[11.6934,45.01464],[11.6934,45.01464],[11.69341,45.01465],[11.69342,45.01466],[11.69343,45.01467],[11.69347,45.01483],[11.69323,45.01487],[11.69322,45.01494],[11.69338,45.01534],[11.69343,45.01537],[11.69387,45.01691],[11.69341,45.01703],[11.69359,45.01734],[11.69372,45.01755],[11.69383,45.01766],[11.69391,45.01777],[11.69403,45.0179],[11.69415,45.01804],[11.69426,45.01819],[11.69441,45.01836],[11.69449,45.01844],[11.69459,45.0186],[11.69465,45.01875],[11.69478,45.01894],[11.69489,45.01908],[11.69503,45.01929],[11.69516,45.01944],[11.69534,45.0197],[11.69543,45.01989],[11.69547,45.02003],[11.69555,45.02026],[11.69561,45.02043],[11.69525,45.02064],[11.69494,45.02084],[11.69464,45.02104],[11.69422,45.02133],[11.69389,45.02155],[11.69248,45.02223],[11.69182,45.02254],[11.6917,45.02259],[11.69185,45.02279],[11.69201,45.02312],[11.69233,45.02425],[11.69242,45.02441],[11.6926,45.02452],[11.69367,45.02492],[11.69407,45.02504],[11.69424,45.02511],[11.69447,45.02525],[11.69467,45.02543],[11.69477,45.02559],[11.69479,45.02575],[11.69475,45.02588],[11.69443,45.02649],[11.69429,45.02755],[11.69423,45.0277],[11.69414,45.0278],[11.69443,45.02788],[11.69459,45.02796],[11.69467,45.02808],[11.69459,45.02825],[11.69451,45.02844],[11.69456,45.02852],[11.69479,45.02873],[11.69513,45.02889],[11.69545,45.02899],[11.69576,45.02912],[11.69597,45.02925],[11.69612,45.02941],[11.69617,45.02953],[11.6962,45.0298],[11.69629,45.02996],[11.69637,45.03006],[11.69647,45.03012],[11.69704,45.03027],[11.69724,45.03033],[11.69733,45.03042],[11.69732,45.03049],[11.69708,45.03077],[11.69698,45.03092],[11.69694,45.03113],[11.697,45.03124],[11.69712,45.03149],[11.69711,45.03162],[11.69708,45.03187],[11.69708,45.03194],[11.69715,45.03206],[11.69739,45.03217],[11.69781,45.03228],[11.69799,45.03236],[11.69816,45.03253],[11.69818,45.03264],[11.69813,45.03328],[11.69818,45.03348],[11.69833,45.03363],[11.69861,45.03373],[11.69896,45.03382],[11.69935,45.03411],[11.69942,45.03416],[11.69983,45.0344],[11.7004,45.0346],[11.70104,45.03488],[11.70143,45.03512],[11.70195,45.03559],[11.70221,45.03567],[11.70232,45.03569],[11.70217,45.03582],[11.70206,45.03591],[11.70163,45.03632],[11.70109,45.03682],[11.70098,45.03691],[11.70076,45.03712],[11.7006,45.03727],[11.7004,45.03745],[11.70011,45.0377],[11.69976,45.03803],[11.69928,45.0385],[11.69872,45.039],[11.69803,45.03959],[11.69761,45.03999],[11.69736,45.04027],[11.69686,45.04115],[11.69642,45.04187],[11.69619,45.04209],[11.69587,45.04229],[11.69485,45.04268],[11.69463,45.04277],[11.69417,45.04302],[11.69399,45.04316],[11.69386,45.04333],[11.69376,45.04348],[11.6937,45.04369],[11.69371,45.0439],[11.69382,45.04472],[11.6938,45.04508],[11.6938,45.04516],[11.69341,45.04676],[11.69314,45.04794],[11.69382,45.04813],[11.69417,45.04824],[11.69449,45.0484],[11.69447,45.04844],[11.69424,45.04883],[11.69433,45.04887],[11.6945,45.04896],[11.69494,45.04924],[11.69536,45.04946],[11.69583,45.04967],[11.69618,45.04992],[11.69624,45.05005],[11.69627,45.05023],[11.69624,45.05055]]},"properties":{"town_name":"Villamarzana"}},{"type":"Feature","geometry":{"type":"LineString","coordinates":[[11.25298,45.06003],[11.25325,45.0601],[11.25349,45.06018],[11.25387,45.06032],[11.25441,45.06048],[11.25447,45.0605],[11.25457,45.0605],[11.25476,45.06046],[11.25535,45.06054],[11.25646,45.06062],[11.25844,45.06108],[11.25871,45.06111],[11.25892,45.0611],[11.26142,45.06059],[11.26214,45.06048],[11.26433,45.06017],[11.2673,45.0597],[11.26805,45.0595],[11.26845,45.05935],[11.26881,45.05921],[11.26916,45.05905],[11.2692,45.05908],[11.26923,45.0591],[11.27014,45.05886],[11.27075,45.05854],[11.27134,45.05864],[11.27159,45.05868],[11.27216,45.0587],[11.27276,45.05869],[11.27451,45.05851],[11.27456,45.05833],[11.27462,45.05814],[11.2747,45.05793],[11.27478,45.05775],[11.27485,45.0576],[11.27509,45.05717],[11.2751,45.05713],[11.27625,45.05502],[11.27634,45.05483],[11.27636,45.05475],[11.27639,45.05465],[11.2764,45.05456],[11.27639,45.05436],[11.27635,45.05377],[11.27632,45.05352],[11.27629,45.05333],[11.27629,45.05329],[11.27605,45.05191],[11.27599,45.05158],[11.27598,45.05147],[11.27597,45.05137],[11.27599,45.05128],[11.27603,45.05113],[11.27607,45.05103],[11.27669,45.04993],[11.27794,45.04767],[11.27864,45.04649],[11.27884,45.04602],[11.27902,45.04562],[11.27907,45.04553],[11.27914,45.0454],[11.27948,45.04492],[11.27955,45.04483],[11.27961,45.04476],[11.27969,45.04469],[11.27977,45.04462],[11.27988,45.04455],[11.28001,45.04447],[11.28014,45.04442],[11.28025,45.04437],[11.28037,45.04433],[11.28051,45.04429],[11.28068,45.04426],[11.28083,45.04423],[11.28102,45.0442],[11.282,45.04406],[11.28217,45.04404],[11.28284,45.04394],[11.2835,45.04385],[11.2837,45.0438],[11.2839,45.04375],[11.28405,45.04371],[11.28418,45.04367],[11.28536,45.04318],[11.28595,45.04293],[11.28622,45.04281],[11.28659,45.04266],[11.28874,45.04174],[11.28889,45.04167],[11.28973,45.04131],[11.28979,45.04129],[11.29001,45.04119],[11.29022,45.04109],[11.2904,45.04098],[11.29056,45.04088],[11.29071,45.04078],[11.29086,45.04067],[11.29116,45.04038],[11.29144,45.04008],[11.29162,45.0399],[11.29179,45.03972],[11.29327,45.03803],[11.29351,45.03776],[11.29354,45.03772],[11.29358,45.03768],[11.2936,45.03767],[11.29375,45.0375],[11.29381,45.03743],[11.29416,45.03702],[11.2948,45.03631],[11.29522,45.03594],[11.29598,45.03539],[11.29633,45.03519],[11.29711,45.03475],[11.29831,45.03405],[11.29853,45.03379],[11.29857,45.03371],[11.29863,45.03353],[11.29865,45.03345],[11.29868,45.03322],[11.29869,45.03228],[11.29864,45.03168],[11.29853,45.03057],[11.29845,45.0297],[11.29837,45.02913],[11.2983,45.02893],[11.29823,45.02882],[11.29797,45.02859],[11.29788,45.02851],[11.29759,45.02832],[11.29701,45.02796],[11.29664,45.02769],[11.29638,45.02749],[11.29613,45.02724],[11.29598,45.02706],[11.29587,45.02689],[11.29582,45.02679],[11.29568,45.02653],[11.29537,45.02594],[11.29516,45.02555],[11.2953,45.02549],[11.29557,45.02544],[11.29528,45.02502],[11.29569,45.0255],[11.29576,45.02549],[11.29571,45.02545],[11.29558,45.02528]]},"properties":{"town_name":"Bergantino"}},{"type":"Feature","geometry":{"type":"LineString","coordinates":[[11.66279,45.10052],[11.6627,45.10049],[11.66273,45.10045],[11.66258,45.1004],[11.66261,45.10036],[11.66263,45.10033],[11.66275,45.10017],[11.66277,45.10015],[11.66139,45.0997],[11.66095,45.09956],[11.66088,45.09954],[11.66087,45.09949],[11.66116,45.09895],[11.6612,45.09885],[11.66116,45.09875],[11.66106,45.09865],[11.66068,45.09839],[11.66053,45.09829],[11.66011,45.09805],[11.65997,45.09799],[11.65989,45.09796],[11.65961,45.0979],[11.65912,45.09776],[11.65886,45.09774],[11.65864,45.09774],[11.65849,45.09776],[11.65823,45.09781],[11.65773,45.09794],[11.65749,45.09796],[11.65642,45.098],[11.65633,45.09801],[11.65558,45.09802],[11.65523,45.09803],[11.65386,45.09803],[11.65271,45.09804],[11.65253,45.09805],[11.65242,45.09804],[11.65132,45.09786],[11.65092,45.09783],[11.6504,45.09779],[11.65018,45.09771],[11.64994,45.09761],[11.64967,45.09744],[11.64934,45.09722],[11.64906,45.09702],[11.64877,45.09682],[11.64858,45.09671],[11.64833,45.0966],[11.64784,45.09639],[11.64741,45.09618],[11.64738,45.09616],[11.64706,45.09601],[11.64684,45.09594],[11.64653,45.0959],[11.64631,45.09588],[11.64602,45.09585],[11.64563,45.09581],[11.6453,45.09574],[11.64495,45.09566],[11.64464,45.09559],[11.64447,45.09554],[11.64426,45.09548],[11.64387,45.09537],[11.6435,45.09525],[11.64317,45.09512],[11.64289,45.09502],[11.64261,45.09496],[11.64219,45.09491],[11.64167,45.09485],[11.64084,45.09476],[11.64043,45.0947],[11.6401,45.09466],[11.6385,45.09438],[11.63819,45.09431],[11.6379,45.09424],[11.63755,45.09415],[11.63726,45.09409],[11.63717,45.09407],[11.63689,45.09406],[11.63643,45.09404],[11.63568,45.09399],[11.63453,45.09391],[11.63339,45.09385],[11.63319,45.09384],[11.63317,45.09381],[11.63315,45.09378],[11.63277,45.0935],[11.63274,45.09347],[11.63262,45.09334],[11.63147,45.09202],[11.63144,45.09192],[11.63145,45.09186],[11.63148,45.09182],[11.63156,45.09176],[11.63205,45.09148],[11.63221,45.09135],[11.6323,45.09121],[11.63237,45.09101],[11.63238,45.09084],[11.63239,45.09076],[11.63238,45.09066],[11.63235,45.09057],[11.6323,45.09048],[11.63229,45.09047],[11.63224,45.09038],[11.6318,45.09],[11.63152,45.08982],[11.63139,45.08973],[11.63126,45.08961],[11.63074,45.08895],[11.63058,45.08872],[11.63053,45.08864],[11.6305,45.08852],[11.63049,45.08836],[11.63049,45.08819],[11.63045,45.08812],[11.6304,45.08805],[11.6303,45.08801],[11.63019,45.08799],[11.63014,45.08799],[11.63006,45.08799],[11.6294,45.08819],[11.62911,45.08825],[11.62876,45.08826],[11.62838,45.08825],[11.62769,45.08823],[11.62735,45.08817],[11.62709,45.0881],[11.62687,45.08799],[11.62656,45.08778],[11.62641,45.08769],[11.6262,45.0876],[11.62602,45.08755],[11.62549,45.08744],[11.62492,45.08733],[11.62454,45.08721],[11.62445,45.08718],[11.62409,45.08698],[11.62383,45.08677],[11.6236,45.0866],[11.62337,45.08652],[11.6231,45.08644],[11.62287,45.08641],[11.62241,45.08643],[11.62167,45.08646],[11.62063,45.08644],[11.62012,45.08643],[11.61928,45.08643],[11.61896,45.0864],[11.61853,45.08632],[11.61667,45.08574],[11.61547,45.08537],[11.61499,45.08522],[11.61474,45.08517],[11.61475,45.08514],[11.61482,45.08457],[11.61478,45.08438],[11.61456,45.08419],[11.61448,45.08414],[11.61439,45.08406],[11.61442,45.084],[11.61444,45.08394],[11.61439,45.08382],[11.61434,45.08369],[11.61434,45.08356],[11.61446,45.0833],[11.61459,45.08296],[11.61458,45.08284],[11.61458,45.0827],[11.61457,45.08247],[11.6145,45.08216],[11.61449,45.08213],[11.61447,45.08204],[11.61445,45.082],[11.61424,45.08206],[11.61404,45.08211],[11.61402,45.08207],[11.61367,45.08217],[11.61344,45.08219],[11.61337,45.08216],[11.61326,45.08209],[11.61318,45.08199],[11.61317,45.08187],[11.61309,45.08188],[11.61298,45.08166],[11.61264,45.081],[11.61257,45.08088]]},"properties":{"town_name":"Lusia"}},{"type":"Feature","geometry":{"type":"LineString","coordinates":[[11.10368,45.14272],[11.10351,45.14268],[11.10315,45.14319],[11.10273,45.14389],[11.10267,45.144],[11.1026,45.14409],[11.10252,45.14419],[11.10221,45.1445],[11.10204,45.14465],[11.10187,45.14483],[11.10172,45.14495],[11.10136,45.14527],[11.10109,45.14547],[11.10078,45.14569],[11.10009,45.14611],[11.09957,45.14641],[11.09878,45.14686],[11.09835,45.14708],[11.09781,45.14732],[11.09689,45.14765],[11.09585,45.14796],[11.09466,45.14829],[11.09424,45.14841],[11.09385,45.14852],[11.09352,45.14862],[11.09293,45.14883],[11.09236,45.14909],[11.09141,45.14968],[11.09075,45.1502],[11.09042,45.15053],[11.09012,45.15087],[11.08965,45.1515],[11.08931,45.15199],[11.08759,45.15444],[11.08743,45.15467],[11.08578,45.15695],[11.08371,45.15958],[11.0827,45.16089],[11.08223,45.16139],[11.08163,45.1619],[11.08104,45.16228],[11.08026,45.16271],[11.07907,45.16331],[11.07796,45.16379],[11.0778,45.16386],[11.07786,45.16392],[11.0779,45.16399],[11.07787,45.16407],[11.07751,45.16429],[11.07701,45.16461],[11.07685,45.16472],[11.07636,45.1651],[11.07575,45.16557],[11.07533,45.16589],[11.07509,45.16608],[11.07491,45.16625],[11.07462,45.16651],[11.0742,45.16692],[11.07392,45.16718],[11.07361,45.16747],[11.07319,45.1679],[11.07301,45.16808],[11.07299,45.1681],[11.07267,45.16842],[11.0725,45.16857],[11.07223,45.16875],[11.07193,45.16893],[11.07137,45.16922],[11.07116,45.16934],[11.07104,45.1694],[11.07085,45.16956],[11.07047,45.16996],[11.07026,45.17017],[11.07007,45.1704],[11.06997,45.17051],[11.06954,45.17098],[11.06944,45.17109],[11.06921,45.17134],[11.06881,45.17173],[11.06836,45.17211],[11.06823,45.17221],[11.06819,45.17227],[11.06806,45.17239],[11.06797,45.1725],[11.06793,45.17262],[11.06786,45.17282],[11.06786,45.17323],[11.06783,45.17346],[11.06775,45.17351],[11.06754,45.17351],[11.06751,45.1738],[11.06739,45.17387],[11.06735,45.17391],[11.06725,45.17397],[11.06707,45.17402],[11.06702,45.17402],[11.06667,45.17397],[11.0666,45.17399],[11.06653,45.17422],[11.0665,45.17436],[11.06675,45.17439]]},"properties":{"town_name":"Gazzo Veronese"}},{"type":"Feature","geometry":{"type":"LineString","coordinates":[[11.66045,45.10641],[11.66018,45.10603],[11.66015,45.10599],[11.6599,45.10605],[11.65951,45.10608],[11.65902,45.1061],[11.65871,45.10612],[11.65843,45.10619],[11.65822,45.10621],[11.65806,45.10617],[11.65832,45.10612],[11.65861,45.10605],[11.65971,45.10572],[11.65967,45.10561],[11.65905,45.10419],[11.65904,45.10418],[11.65903,45.10416],[11.65904,45.10414],[11.65905,45.10413],[11.65898,45.10413],[11.65881,45.10415],[11.65866,45.10416],[11.6584,45.10416],[11.65752,45.10416],[11.65691,45.10419],[11.65615,45.10421],[11.65562,45.10419],[11.65513,45.10417],[11.65498,45.10414],[11.65479,45.10414],[11.65411,45.10412],[11.65368,45.10404],[11.65347,45.1037],[11.65342,45.10342],[11.65334,45.10286],[11.65326,45.10242],[11.65318,45.10179],[11.65306,45.10108],[11.65303,45.10084],[11.65298,45.10061],[11.65294,45.10045],[11.65284,45.09999],[11.65281,45.09975],[11.65269,45.09904],[11.65258,45.09844],[11.65253,45.09809],[11.65253,45.09805],[11.65242,45.09804],[11.65132,45.09786],[11.65092,45.09783],[11.6504,45.09779],[11.65018,45.09771],[11.64994,45.09761],[11.64967,45.09744],[11.64934,45.09722],[11.64906,45.09702],[11.64877,45.09682],[11.64858,45.09671],[11.64833,45.0966],[11.64784,45.09639],[11.64741,45.09618],[11.64738,45.09616],[11.64706,45.09601],[11.64684,45.09594],[11.64653,45.0959],[11.64631,45.09588],[11.64602,45.09585],[11.64563,45.09581],[11.6453,45.09574],[11.64495,45.09566],[11.64464,45.09559],[11.64447,45.09554],[11.64426,45.09548],[11.64387,45.09537],[11.6435,45.09525],[11.64317,45.09512],[11.64289,45.09502],[11.64261,45.09496],[11.64219,45.09491],[11.64167,45.09485],[11.64084,45.09476],[11.64043,45.0947],[11.6401,45.09466],[11.6385,45.09438],[11.63819,45.09431],[11.6379,45.09424],[11.63755,45.09415],[11.63726,45.09409],[11.63717,45.09407],[11.63689,45.09406],[11.63643,45.09404],[11.63568,45.09399],[11.63453,45.09391],[11.63339,45.09385],[11.63319,45.09384],[11.63317,45.09381],[11.63315,45.09378],[11.63277,45.0935],[11.63274,45.09347],[11.63262,45.09334],[11.63147,45.09202],[11.63144,45.09192],[11.63145,45.09186],[11.63148,45.09182],[11.63156,45.09176],[11.63205,45.09148],[11.63221,45.09135],[11.6323,45.09121],[11.63237,45.09101],[11.63238,45.09084],[11.63239,45.09076],[11.63238,45.09066],[11.63235,45.09057],[11.6323,45.09048],[11.63229,45.09047],[11.63224,45.09038],[11.6318,45.09],[11.63152,45.08982],[11.63139,45.08973],[11.63126,45.08961],[11.63074,45.08895],[11.63058,45.08872],[11.63053,45.08864],[11.6305,45.08852],[11.63049,45.08836],[11.63049,45.08819],[11.63045,45.08812],[11.6304,45.08805],[11.6303,45.08801],[11.63019,45.08799],[11.63014,45.08799],[11.63006,45.08799],[11.6294,45.08819],[11.62911,45.08825],[11.62876,45.08826],[11.62838,45.08825],[11.62769,45.08823],[11.62735,45.08817],[11.62709,45.0881],[11.62687,45.08799],[11.62656,45.08778],[11.62641,45.08769],[11.6262,45.0876],[11.62602,45.08755],[11.62549,45.08744],[11.62492,45.08733],[11.62454,45.08721],[11.62445,45.08718],[11.62409,45.08698],[11.62383,45.08677],[11.6236,45.0866],[11.62337,45.08652],[11.6231,45.08644],[11.62287,45.08641],[11.62241,45.08643],[11.62167,45.08646],[11.62063,45.08644],[11.62012,45.08643],[11.61928,45.08643],[11.61896,45.0864],[11.61853,45.08632],[11.61667,45.08574],[11.61547,45.08537],[11.61499,45.08522],[11.61474,45.08517],[11.61475,45.08514],[11.61482,45.08457],[11.61478,45.08438],[11.61456,45.08419],[11.61448,45.08414],[11.61439,45.08406],[11.61442,45.084],[11.61444,45.08394],[11.61439,45.08382],[11.61434,45.08369],[11.61434,45.08356],[11.61446,45.0833],[11.61459,45.08296],[11.61458,45.08284],[11.61458,45.0827],[11.61457,45.08247],[11.6145,45.08216],[11.61449,45.08213],[11.61447,45.08204],[11.61445,45.082],[11.61424,45.08206],[11.61404,45.08211],[11.61402,45.08207],[11.61367,45.08217],[11.61344,45.08219],[11.61337,45.08216],[11.61326,45.08209],[11.61318,45.08199],[11.61317,45.08187],[11.61309,45.08188],[11.61298,45.08166],[11.61264,45.081],[11.61257,45.08088]]},"properties":{"town_name":"Barbona"}},{"type":"Feature","geometry":{"type":"LineString","coordinates":[[11.99051,45.13505],[11.99055,45.1351],[11.99056,45.13511],[11.99057,45.13512],[11.99063,45.13509],[11.99067,45.13513],[11.99074,45.1351],[11.99078,45.13508],[11.99108,45.13502],[11.9911,45.13502],[11.99134,45.13506],[11.99141,45.13508],[11.99297,45.13593],[11.99426,45.13663],[11.99449,45.13676],[11.99462,45.13683],[11.99472,45.13688],[11.99483,45.13691],[11.99498,45.13694],[11.99511,45.13696],[11.99529,45.13697],[11.9978,45.13713],[11.99822,45.13716],[11.99847,45.13717],[11.99852,45.13719],[11.99856,45.1372],[11.99864,45.13718],[12.00002,45.13728],[12.00014,45.13728],[12.00014,45.13711],[12.00014,45.13704],[12.00014,45.13695],[12.00018,45.13668],[12.00045,45.13492],[12.00048,45.13476],[12.00048,45.13473],[12.00999,45.13477],[12.01087,45.13478],[12.01492,45.13479],[12.02028,45.13484],[12.02152,45.13487],[12.02228,45.1349],[12.02526,45.13497],[12.02552,45.13498],[12.0259,45.13498],[12.02609,45.13496],[12.02627,45.13495],[12.02646,45.13492],[12.02663,45.13488],[12.02694,45.13479],[12.02713,45.13473],[12.02729,45.13466],[12.02746,45.13458],[12.02761,45.13449],[12.02869,45.13381],[12.02921,45.13347],[12.02951,45.13329],[12.03227,45.13155],[12.03247,45.13143],[12.0325,45.13142],[12.0328,45.13128],[12.03282,45.13128],[12.03306,45.13119],[12.03326,45.13114],[12.03367,45.13105],[12.03414,45.13099],[12.03526,45.13101],[12.03618,45.13106],[12.04134,45.1313],[12.04237,45.1313],[12.04338,45.13122],[12.04544,45.13095],[12.04645,45.13082],[12.04655,45.13081],[12.04755,45.13067],[12.04779,45.13065],[12.04798,45.13065],[12.0483,45.13065],[12.04865,45.13067],[12.04921,45.13074],[12.04929,45.13076],[12.04932,45.13076],[12.05157,45.1314],[12.05192,45.13148],[12.05228,45.13154],[12.05267,45.13159],[12.05271,45.1316],[12.05297,45.13163],[12.05334,45.13165],[12.0576,45.13174],[12.05792,45.13175],[12.05825,45.13175],[12.05939,45.13178],[12.05993,45.13179],[12.06013,45.1318],[12.06059,45.13181],[12.06126,45.13181],[12.06163,45.13182],[12.06195,45.13183],[12.06199,45.13183],[12.06234,45.13184],[12.06273,45.13185],[12.0628,45.13185],[12.06325,45.13186],[12.06338,45.13187],[12.0638,45.13188],[12.06402,45.13188],[12.06408,45.13189],[12.06435,45.13189],[12.06728,45.13197],[12.06808,45.13196],[12.0692,45.13189],[12.06932,45.13188],[12.06945,45.13187],[12.06992,45.13183],[12.07005,45.13182],[12.0702,45.13182],[12.07043,45.13188],[12.07054,45.13193],[12.07062,45.13198],[12.07064,45.13202],[12.07066,45.13206],[12.07071,45.13209],[12.07072,45.13217],[12.07072,45.13236],[12.07066,45.13254],[12.07063,45.13278],[12.07057,45.13338],[12.07052,45.13394],[12.07052,45.13422],[12.07055,45.13448],[12.07056,45.13464],[12.07065,45.1357],[12.07068,45.13601],[12.07073,45.13657],[12.07076,45.13683],[12.07085,45.13712],[12.07096,45.13728],[12.07117,45.13753],[12.07137,45.13773],[12.07151,45.13783],[12.07166,45.1379],[12.07182,45.13795],[12.07211,45.13798],[12.07231,45.13797],[12.07249,45.13793],[12.07268,45.13785],[12.0731,45.13761],[12.07316,45.13757],[12.07326,45.13752],[12.07348,45.13742],[12.07351,45.13745],[12.07355,45.13748],[12.07358,45.13749],[12.07362,45.1375],[12.07367,45.13749],[12.07371,45.13748],[12.07374,45.13747],[12.07375,45.13746],[12.07388,45.13742],[12.074,45.13739],[12.0741,45.13738],[12.07418,45.13737],[12.0742,45.13737],[12.07424,45.13745],[12.07423,45.13745]]},"properties":{"town_name":"Pettorazza Grimani"}},{"type":"Feature","geometry":{"type":"LineString","coordinates":[[11.54763,45.12742],[11.54785,45.12725],[11.54781,45.12723],[11.54776,45.12722],[11.54733,45.12707],[11.54621,45.12683],[11.54594,45.12678],[11.5459,45.12677],[11.54582,45.12676],[11.54573,45.12675],[11.54556,45.12673],[11.54522,45.12671],[11.54494,45.1267],[11.54466,45.12668],[11.54462,45.12668],[11.5444,45.12666],[11.54402,45.12662],[11.54352,45.12655],[11.54285,45.12648],[11.54264,45.12646],[11.54245,45.12646],[11.54213,45.12646],[11.54186,45.12648],[11.5404,45.12658],[11.53916,45.12666],[11.53893,45.12665],[11.53882,45.12665],[11.53814,45.12659],[11.53758,45.12653],[11.53734,45.12649],[11.53709,45.12644],[11.53651,45.1263],[11.53579,45.12611],[11.53538,45.12597],[11.53208,45.12486],[11.53091,45.12447],[11.53076,45.12445],[11.53063,45.12441],[11.53052,45.12438],[11.53043,45.12431],[11.53018,45.12422],[11.52999,45.12416],[11.52975,45.12409],[11.52965,45.1241],[11.52952,45.12406],[11.52942,45.12401],[11.52931,45.12395],[11.52918,45.1239],[11.52908,45.12385],[11.52866,45.12372],[11.52609,45.12286],[11.52511,45.12252],[11.52501,45.12249],[11.52501,45.12244],[11.52495,45.1223],[11.52477,45.12185],[11.52471,45.12178],[11.52461,45.12171],[11.52441,45.12167],[11.52356,45.1215],[11.52284,45.12136],[11.52252,45.12125],[11.52229,45.12115],[11.52203,45.12102],[11.52163,45.1209],[11.52118,45.12075],[11.52101,45.12064],[11.5205,45.12049],[11.51965,45.12017],[11.51914,45.11994],[11.5175,45.11904],[11.51675,45.11863],[11.51261,45.11629],[11.50836,45.11372],[11.50551,45.11199],[11.50518,45.11179],[11.50082,45.10914],[11.49937,45.10825],[11.49822,45.10756],[11.49678,45.10674],[11.49242,45.10464],[11.49198,45.10448],[11.49168,45.10442],[11.49152,45.10438],[11.49136,45.10438],[11.49095,45.10442],[11.48972,45.10461],[11.48952,45.10464],[11.48946,45.10453],[11.48912,45.10389],[11.48877,45.10328],[11.48871,45.10317],[11.48868,45.10311],[11.48863,45.10293],[11.48862,45.1028],[11.48862,45.10268],[11.48864,45.10257],[11.48874,45.10224],[11.48878,45.10205],[11.48879,45.10186],[11.48872,45.10121],[11.48861,45.10037],[11.4886,45.1003],[11.48855,45.10009],[11.48846,45.09977],[11.48842,45.09962],[11.48847,45.09956],[11.48851,45.09954],[11.48857,45.09953],[11.48862,45.09953],[11.48867,45.09953],[11.48867,45.09946],[11.48866,45.09937],[11.48866,45.09911],[11.48865,45.09844],[11.48867,45.0982],[11.48867,45.0981],[11.48867,45.09807],[11.48873,45.09807],[11.48874,45.09788],[11.48874,45.0978],[11.48874,45.09773],[11.48874,45.09766],[11.48874,45.09723],[11.4888,45.09704],[11.48888,45.09688],[11.48924,45.09637],[11.48927,45.09632],[11.48949,45.09602],[11.48985,45.09561],[11.48995,45.0955],[11.49021,45.09526],[11.49035,45.09514],[11.49053,45.09499],[11.49056,45.09497],[11.49085,45.09477],[11.49136,45.09453],[11.49143,45.0945],[11.49151,45.09447],[11.49195,45.09427],[11.49204,45.09424],[11.49206,45.09423],[11.49238,45.09413],[11.49241,45.09412],[11.49246,45.0941],[11.4926,45.09406],[11.493,45.09395],[11.49303,45.09395],[11.49311,45.09395],[11.49361,45.09383],[11.49368,45.09395],[11.49368,45.09387],[11.4937,45.09384],[11.49391,45.09381],[11.4941,45.09379],[11.49447,45.09376],[11.4949,45.09372],[11.49529,45.09368],[11.49538,45.09367],[11.4954,45.09367],[11.49624,45.09354],[11.49627,45.09353],[11.49663,45.09347],[11.49668,45.09345],[11.49692,45.09339],[11.49748,45.0932],[11.49783,45.09308],[11.50045,45.09224],[11.50059,45.0922],[11.50067,45.09216],[11.50068,45.09213],[11.50083,45.09213],[11.50104,45.09214],[11.50188,45.09217],[11.50196,45.09217],[11.5025,45.09218],[11.50295,45.09219],[11.50304,45.09219],[11.50369,45.09222],[11.50397,45.09223],[11.50456,45.09224],[11.50467,45.09224],[11.50503,45.09225],[11.50577,45.09226],[11.5083,45.09233],[11.50868,45.09234],[11.51588,45.09254],[11.51615,45.09255],[11.51639,45.09256],[11.51686,45.09257],[11.51679,45.09285],[11.51657,45.09286],[11.51646,45.09286],[11.51606,45.09284]]},"properties":{"town_name":"Piacenza d'Adige"}},{"type":"Feature","geometry":{"type":"LineString","coordinates":[[11.39862,45.17341],[11.39808,45.17342],[11.39804,45.17307],[11.39803,45.17304],[11.39795,45.17298],[11.39793,45.17296],[11.39791,45.17293],[11.3979,45.1729],[11.3979,45.17283],[11.39788,45.17272],[11.39787,45.17264],[11.39785,45.17256],[11.39782,45.17249],[11.39779,45.1724],[11.39777,45.17236],[11.39768,45.17228],[11.39766,45.17223],[11.39754,45.17201],[11.39745,45.17186],[11.3974,45.17176],[11.39733,45.17167],[11.39725,45.17157],[11.39715,45.17146],[11.39711,45.17142],[11.39707,45.17138],[11.39702,45.17134],[11.39689,45.17125],[11.39672,45.17112],[11.39624,45.17079],[11.39623,45.17071],[11.39602,45.17056],[11.39582,45.17041],[11.39562,45.17024],[11.39526,45.16993],[11.39523,45.1699],[11.39501,45.16973],[11.39478,45.16956],[11.39465,45.16947],[11.39446,45.16934],[11.39442,45.16931],[11.39439,45.16928],[11.39435,45.16924],[11.39431,45.16918],[11.39425,45.16906],[11.39421,45.1688],[11.39422,45.16871],[11.39428,45.16792],[11.39426,45.16763],[11.39416,45.16721],[11.39379,45.16622],[11.39329,45.16505],[11.39326,45.16498],[11.39312,45.16455],[11.39297,45.16396],[11.39282,45.16339],[11.39275,45.16317],[11.39248,45.16256],[11.39245,45.16236],[11.39248,45.16206],[11.39245,45.16113],[11.39241,45.16102],[11.39235,45.16093],[11.39159,45.16016],[11.39142,45.15998],[11.39133,45.1598],[11.39127,45.1594],[11.39125,45.15921],[11.39127,45.15894],[11.39152,45.15847],[11.39159,45.15834],[11.39161,45.15828],[11.39164,45.15821],[11.39166,45.15812],[11.39169,45.15803],[11.39171,45.15795],[11.39184,45.1576],[11.39221,45.15667],[11.39231,45.15641],[11.39235,45.15629],[11.39238,45.15618],[11.39239,45.1561],[11.3924,45.15601],[11.39239,45.15575],[11.39239,45.15568],[11.39238,45.15562],[11.39236,45.15557],[11.39234,45.15553],[11.39232,45.15549],[11.39227,45.15545],[11.39216,45.15535],[11.39176,45.15502],[11.39153,45.15482],[11.39131,45.15461],[11.39088,45.1542],[11.39062,45.15394],[11.39016,45.15354],[11.39015,45.15352],[11.39016,45.15345],[11.39016,45.15343],[11.39015,45.15341],[11.38996,45.15318],[11.38979,45.15298],[11.38967,45.15281],[11.38961,45.15273],[11.38959,45.1527],[11.38951,45.15259],[11.38948,45.15255],[11.38945,45.1525],[11.38914,45.15206],[11.38902,45.15189],[11.38599,45.14765],[11.38585,45.14742],[11.38569,45.14717],[11.38558,45.14696],[11.38544,45.14665],[11.38527,45.14625],[11.38492,45.14532],[11.38485,45.14515],[11.38479,45.145],[11.38473,45.14486],[11.38467,45.14474],[11.38462,45.14464],[11.38457,45.14454],[11.38452,45.14444],[11.38446,45.14434],[11.38438,45.14421],[11.38429,45.14408],[11.38358,45.14302],[11.38356,45.14297],[11.38355,45.14292],[11.38356,45.14287],[11.38357,45.14283],[11.3836,45.14279],[11.38363,45.14276],[11.38367,45.14273],[11.38372,45.1427],[11.38392,45.14259],[11.38395,45.14257],[11.38401,45.14246],[11.38597,45.1416],[11.39066,45.13945],[11.39071,45.13942],[11.39083,45.13937],[11.39088,45.13935],[11.39119,45.13922],[11.39137,45.13915],[11.39179,45.139],[11.39177,45.13896],[11.39214,45.13883],[11.39224,45.13879]]},"properties":{"town_name":"Terrazzo"}},{"type":"Feature","geometry":{"type":"LineString","coordinates":[[11.4419,45.16709],[11.44186,45.16711],[11.44174,45.16718],[11.44167,45.16726],[11.44158,45.16738],[11.44155,45.16735],[11.44007,45.16615],[11.43959,45.16632],[11.43877,45.16658],[11.4384,45.16628],[11.43748,45.16563],[11.43712,45.16532],[11.4368,45.16499],[11.43667,45.16483],[11.43651,45.16463],[11.43641,45.16452],[11.43499,45.1628],[11.43374,45.16156],[11.43305,45.16086],[11.43257,45.16032],[11.43227,45.16005],[11.43215,45.15996],[11.43203,45.15989],[11.43197,45.15985],[11.43161,45.15967],[11.43156,45.15964],[11.43148,45.1596],[11.4314,45.15954],[11.43051,45.15871],[11.43031,45.15856],[11.43009,45.15845],[11.42961,45.15827],[11.4292,45.15815],[11.42898,45.15807],[11.42845,45.15791],[11.42673,45.15741],[11.42644,45.15728],[11.42621,45.15718],[11.42569,45.15689],[11.42549,45.15672],[11.42439,45.15574],[11.4243,45.1556],[11.42406,45.15475],[11.42386,45.15391],[11.42368,45.15361],[11.42304,45.15278],[11.42263,45.15222],[11.42251,45.15196],[11.42236,45.15122],[11.42214,45.15069],[11.4221,45.15039],[11.42206,45.15003],[11.42191,45.14977],[11.42134,45.14909],[11.41942,45.14757],[11.41918,45.14748],[11.41799,45.14746],[11.41609,45.14714],[11.41539,45.14695],[11.41398,45.1465],[11.413,45.14617],[11.41298,45.14616],[11.41296,45.14615],[11.41294,45.14612],[11.4129,45.14612],[11.41287,45.14612],[11.41281,45.14611],[11.41155,45.14571],[11.41081,45.14548],[11.41067,45.14544],[11.41062,45.14543],[11.41059,45.14544],[11.41056,45.14544],[11.41053,45.14541],[11.41051,45.14539],[11.41048,45.14538],[11.40919,45.14498],[11.40872,45.14484],[11.40799,45.14461],[11.40754,45.14445],[11.40749,45.14441],[11.40744,45.14436],[11.40739,45.14432],[11.40736,45.14428],[11.40713,45.14373],[11.40708,45.14369],[11.40703,45.14367],[11.40698,45.14366],[11.40692,45.14365],[11.40686,45.14366],[11.40636,45.14381],[11.40616,45.14386],[11.40596,45.14389],[11.40582,45.14391],[11.40564,45.1439],[11.40543,45.14391],[11.4052,45.14395],[11.40481,45.14403],[11.40471,45.14404],[11.40461,45.14404],[11.40453,45.14403],[11.40409,45.14412],[11.40359,45.14417],[11.40287,45.14418],[11.40273,45.14417],[11.40227,45.14415],[11.40129,45.1441],[11.40086,45.14409],[11.40064,45.14409],[11.4001,45.1441],[11.39956,45.14416],[11.39844,45.14433],[11.39715,45.14467],[11.3966,45.14499],[11.39618,45.14538],[11.39598,45.14565],[11.39551,45.14636],[11.3952,45.1467],[11.39431,45.14744],[11.3938,45.14797],[11.39327,45.14855],[11.3932,45.14861],[11.39312,45.14868],[11.39305,45.14872],[11.39294,45.14878],[11.3928,45.14885],[11.39262,45.14893],[11.39231,45.14905],[11.39208,45.14913],[11.39184,45.14922],[11.3916,45.1493],[11.39147,45.14934],[11.39134,45.14938],[11.39109,45.14945],[11.39091,45.14949],[11.3904,45.1496],[11.39,45.14969],[11.38931,45.14983],[11.38921,45.14986],[11.38913,45.1499],[11.38907,45.14993],[11.38902,45.14997],[11.38818,45.15058],[11.38812,45.15062],[11.38805,45.15067],[11.388,45.15069],[11.38794,45.15071],[11.38802,45.1508],[11.38807,45.15087],[11.38815,45.15102],[11.38817,45.15101],[11.38821,45.15101],[11.38824,45.15101],[11.3884,45.15106],[11.38847,45.15109],[11.38851,45.15113],[11.38914,45.1518],[11.38922,45.15188],[11.38928,45.15195],[11.38939,45.15211],[11.38942,45.15214],[11.38944,45.15216],[11.38947,45.15217],[11.3895,45.15219],[11.38955,45.1522],[11.38966,45.15223],[11.38971,45.15224],[11.38975,45.15226],[11.38978,45.15227],[11.38981,45.15229],[11.38984,45.15232],[11.38985,45.15234],[11.38987,45.15237],[11.38987,45.15241],[11.38987,45.15244],[11.38986,45.15247],[11.38984,45.1525],[11.38981,45.15253],[11.38978,45.15255],[11.38973,45.15256],[11.38967,45.15257],[11.38962,45.15257],[11.38956,45.15257],[11.38949,45.15255],[11.38948,45.15255],[11.38945,45.1525],[11.38914,45.15206],[11.38902,45.15189],[11.38599,45.14765],[11.38585,45.14742],[11.38569,45.14717],[11.38558,45.14696],[11.38544,45.14665],[11.38527,45.14625],[11.38492,45.14532],[11.38485,45.14515],[11.38479,45.145],[11.38473,45.14486],[11.38467,45.14474],[11.38462,45.14464],[11.38457,45.14454],[11.38452,45.14444],[11.38446,45.14434],[11.38438,45.14421],[11.38429,45.14408],[11.38358,45.14302],[11.38356,45.14297],[11.38355,45.14292],[11.38356,45.14287],[11.38357,45.14283],[11.3836,45.14279],[11.38363,45.14276],[11.38367,45.14273],[11.38372,45.1427],[11.38392,45.14259],[11.38395,45.14257],[11.38401,45.14246],[11.38597,45.1416],[11.39066,45.13945],[11.39071,45.13942],[11.39083,45.13937],[11.39088,45.13935],[11.39119,45.13922],[11.39137,45.13915],[11.39179,45.139],[11.39177,45.13896],[11.39214,45.13883],[11.39224,45.13879]]},"properties":{"town_name":"Merlara"}},{"type":"Feature","geometry":{"type":"LineString","coordinates":[[11.96081,45.17016],[11.96082,45.17051],[11.96085,45.17061],[11.96077,45.17074],[11.96062,45.17098],[11.96035,45.17129],[11.96009,45.17158],[11.95998,45.1717],[11.95989,45.1718],[11.95947,45.17225],[11.95896,45.17282],[11.95839,45.17341],[11.95704,45.17477],[11.95633,45.17552],[11.95599,45.17599],[11.95567,45.17647],[11.9554,45.17706],[11.95526,45.17735],[11.95509,45.17764],[11.95484,45.17798],[11.9546,45.17826],[11.95365,45.1793],[11.95344,45.17975],[11.95294,45.18145],[11.95284,45.18197],[11.95284,45.18278],[11.95293,45.18386],[11.95297,45.18601],[11.95297,45.18742],[11.95285,45.18829],[11.95297,45.19049],[11.95288,45.19079],[11.95253,45.19161],[11.95244,45.19184],[11.95192,45.19299],[11.95158,45.19389],[11.95056,45.197],[11.95048,45.19713],[11.95024,45.19751],[11.94986,45.19791],[11.94924,45.19837],[11.94752,45.19935],[11.94584,45.20021],[11.94451,45.20092],[11.9442,45.20119],[11.94386,45.20203],[11.94381,45.20219],[11.94378,45.20233],[11.94377,45.20262],[11.94374,45.20297],[11.94368,45.20312],[11.94355,45.20329],[11.94337,45.20344],[11.94237,45.20417],[11.94202,45.20444],[11.94108,45.20531],[11.94095,45.20551],[11.93955,45.20785],[11.9392,45.20814],[11.93854,45.20862],[11.93831,45.20888],[11.93818,45.20926],[11.93815,45.21013],[11.93815,45.21058],[11.93817,45.21071],[11.93819,45.21091],[11.93827,45.21115],[11.93831,45.21126],[11.93832,45.21131],[11.93838,45.2115],[11.93837,45.21162],[11.93832,45.21179],[11.93825,45.21197],[11.93817,45.21197],[11.93804,45.21214],[11.93795,45.21223],[11.93778,45.21237],[11.93762,45.21253],[11.93748,45.21269],[11.93729,45.21296],[11.93721,45.21307],[11.9371,45.21324],[11.93698,45.21337],[11.93683,45.21348],[11.93676,45.21353],[11.93631,45.21383],[11.93629,45.21385],[11.93604,45.21405],[11.93597,45.21411],[11.9354,45.21466],[11.93523,45.21485],[11.93492,45.21517],[11.93478,45.21533],[11.93462,45.21547],[11.93449,45.21556],[11.93438,45.21561],[11.9341,45.21571],[11.93391,45.21576],[11.93369,45.2158],[11.93324,45.21586],[11.93294,45.2159],[11.93295,45.21594],[11.93222,45.21603],[11.93202,45.21605],[11.93177,45.21609],[11.93151,45.21614],[11.93137,45.21619],[11.93127,45.21623],[11.93041,45.21654],[11.93036,45.21655],[11.93027,45.21658],[11.93016,45.2166],[11.93005,45.21662]]},"properties":{"town_name":"Agna"}},{"type":"Feature","geometry":{"type":"LineString","coordinates":[[10.97917,45.21337],[10.97913,45.21349],[10.97908,45.21367],[10.97901,45.21401],[10.97899,45.21407],[10.97924,45.21414],[10.97955,45.2142],[10.98003,45.21426],[10.98218,45.21449],[10.98277,45.21455],[10.98283,45.21456],[10.98391,45.21466],[10.98388,45.21473],[10.98336,45.21587],[10.98748,45.2164],[10.99359,45.21713],[10.99861,45.21772],[11.00246,45.21815],[11.0027,45.21818],[11.00286,45.21818],[11.00296,45.21818],[11.00304,45.21816],[11.00321,45.2181],[11.00354,45.21795],[11.00363,45.21792],[11.0037,45.2179],[11.0038,45.21788],[11.00389,45.21788],[11.00502,45.2179],[11.00509,45.21791],[11.00512,45.21792],[11.00514,45.21794],[11.00516,45.21796],[11.00517,45.218],[11.00519,45.21807],[11.00519,45.21815],[11.00519,45.21825],[11.00519,45.21831],[11.00517,45.21839],[11.00501,45.21889],[11.00464,45.22008],[11.00448,45.22098],[11.0043,45.22234],[11.00435,45.22241],[11.00447,45.22248],[11.00459,45.22251],[11.00619,45.22294],[11.00941,45.22388],[11.01215,45.22468],[11.01267,45.22485],[11.01274,45.22487],[11.01279,45.2249],[11.01282,45.22492],[11.01285,45.22496],[11.01289,45.22503],[11.0129,45.2252],[11.01287,45.22549],[11.01279,45.22573],[11.01275,45.22587],[11.01235,45.22682],[11.01215,45.22716],[11.0119,45.22748],[11.01136,45.22804],[11.01095,45.2284],[11.01004,45.22911],[11.01003,45.22913],[11.01002,45.22916],[11.01002,45.22919],[11.01004,45.22921],[11.01006,45.22922],[11.01018,45.22928],[11.01037,45.22938],[11.01068,45.22954],[11.01041,45.22968],[11.01025,45.2297],[11.00979,45.22985],[11.00978,45.22985],[11.00923,45.23026],[11.00839,45.23092],[11.00612,45.23314],[11.00541,45.23382],[11.00496,45.23427],[11.00443,45.23467],[11.00377,45.23513],[11.00324,45.23556],[11.00256,45.23629],[11.00225,45.23677],[11.00169,45.23836],[11.00008,45.24258],[10.99951,45.24452],[10.99926,45.24562],[10.99922,45.24575],[10.99905,45.24641],[10.99896,45.2468],[10.99883,45.24734],[10.99864,45.2482],[10.99857,45.24855],[10.9983,45.24955],[10.99825,45.2497],[10.99817,45.25017],[10.99815,45.25021],[10.99814,45.25047],[10.99823,45.25077],[10.99862,45.25182],[10.99872,45.25217],[10.99882,45.25247],[10.99894,45.25267],[10.99914,45.25316],[10.99917,45.25338],[10.99922,45.25365],[10.9993,45.25396],[10.99929,45.25408],[10.99928,45.2542],[10.99928,45.25437],[10.99936,45.25455],[10.99942,45.25466],[10.99953,45.25476],[10.99959,45.25482],[10.99978,45.25492],[10.99988,45.25492],[11.0003,45.25486],[11.0004,45.25488],[11.0005,45.25493],[11.00054,45.25497],[11.00054,45.25508],[11.00052,45.25526],[11.00053,45.25562],[11.00056,45.25588],[11.00053,45.25596],[11.00047,45.25602],[11.00036,45.2561],[11.00016,45.2562],[11.00008,45.25625],[11.00005,45.25631],[11.0001,45.25637],[11.00021,45.25649],[11.0004,45.25668],[11.00045,45.2568],[11.00045,45.257],[11.0004,45.25721],[11.00032,45.25752],[11.00003,45.25849],[10.99999,45.25861],[11.00001,45.25869],[11.00012,45.2587],[11.0006,45.25866],[11.00093,45.25863],[11.00132,45.25863],[11.00144,45.25865],[11.00149,45.25872],[11.00147,45.2592],[11.00142,45.2596],[11.00139,45.25999],[11.00139,45.26031],[11.0014,45.26091],[11.00142,45.26115],[11.00146,45.26142],[11.00153,45.26167],[11.00159,45.26199],[11.00165,45.26215],[11.00169,45.26228],[11.0018,45.26251],[11.00217,45.26322],[11.00235,45.26359],[11.00245,45.26394],[11.00249,45.26411],[11.00253,45.26445],[11.00253,45.26447],[11.00251,45.26467],[11.00235,45.26501],[11.00227,45.26525],[11.00218,45.2655],[11.00213,45.26562],[11.00195,45.26602],[11.00184,45.26632],[11.00179,45.2665],[11.00176,45.26659],[11.00176,45.26665],[11.00238,45.26691],[11.00266,45.26704],[11.00293,45.26711],[11.00334,45.26718],[11.00395,45.26746],[11.00398,45.26738],[11.00407,45.26734],[11.00487,45.26718],[11.005,45.26716],[11.00588,45.26698],[11.00669,45.26685],[11.00726,45.26678],[11.00755,45.26674],[11.00763,45.26673],[11.00769,45.26673],[11.00783,45.26673],[11.00781,45.26689],[11.00777,45.26723],[11.0078,45.26734],[11.00779,45.26746],[11.00778,45.26755],[11.00781,45.2676],[11.00786,45.26764],[11.00797,45.26768],[11.00799,45.26769],[11.00831,45.2677],[11.00853,45.26771]]},"properties":{"town_name":"Sorgà"}},{"type":"Feature","geometry":{"type":"LineString","coordinates":[[11.46866,45.18745],[11.46846,45.1874],[11.46823,45.18738],[11.4679,45.18738],[11.46781,45.18738],[11.46762,45.18741],[11.46712,45.18752],[11.46682,45.18761],[11.46648,45.18771],[11.46638,45.18776],[11.46629,45.1878],[11.46618,45.18788],[11.46611,45.18795],[11.46606,45.18799],[11.466,45.18811],[11.46599,45.18815],[11.46597,45.18823],[11.4659,45.18841],[11.46596,45.1885],[11.46597,45.1886],[11.46593,45.18867],[11.46574,45.18882],[11.46561,45.1889],[11.46542,45.18902],[11.46501,45.18917],[11.46478,45.1893],[11.46462,45.18946],[11.46449,45.18962],[11.46422,45.18996],[11.46397,45.1902],[11.46396,45.19024],[11.46393,45.19027],[11.46388,45.19028],[11.46397,45.19058],[11.46402,45.19076],[11.46409,45.19095],[11.46409,45.19105],[11.46406,45.19116],[11.46393,45.19143],[11.46387,45.19162],[11.4639,45.19182],[11.46399,45.1923],[11.46404,45.19295],[11.46408,45.19326],[11.46418,45.19406],[11.46458,45.19559],[11.46457,45.19593],[11.46453,45.19618],[11.4645,45.19649],[11.46439,45.19679],[11.46376,45.19714],[11.46405,45.19814],[11.46498,45.19948],[11.4653,45.20001],[11.46553,45.20047],[11.46558,45.20124],[11.46562,45.20194],[11.46565,45.20237],[11.46573,45.20388],[11.46606,45.20483],[11.46612,45.20587],[11.46683,45.20768],[11.46668,45.20827],[11.46668,45.20872],[11.4668,45.20907],[11.46685,45.20915],[11.4669,45.20923],[11.46703,45.20935],[11.46722,45.20952],[11.46729,45.20959],[11.46737,45.20971],[11.46774,45.21037],[11.46778,45.21047],[11.46779,45.21055],[11.46779,45.21063],[11.46778,45.21069],[11.46775,45.21077],[11.46765,45.21098],[11.46761,45.21108],[11.46759,45.21118],[11.4676,45.21125],[11.46762,45.2113],[11.46766,45.21136],[11.46772,45.2114],[11.46847,45.21187],[11.46883,45.2121],[11.46894,45.21219],[11.46898,45.21225],[11.46901,45.21229],[11.46902,45.21236],[11.46902,45.21243],[11.46897,45.21249],[11.46892,45.21255],[11.46822,45.21304],[11.46784,45.2133],[11.46777,45.21336],[11.46772,45.21341],[11.46765,45.21348],[11.46757,45.21359],[11.46746,45.21375],[11.46735,45.21392],[11.46693,45.21455],[11.46689,45.21461],[11.46685,45.2147],[11.46682,45.2148],[11.46676,45.2149],[11.46669,45.21498],[11.46656,45.21509],[11.46622,45.21535],[11.46583,45.21566],[11.4653,45.21612],[11.4649,45.21655],[11.46483,45.21666],[11.46481,45.21671],[11.4648,45.21677],[11.4648,45.21683],[11.46482,45.21688],[11.46484,45.21692],[11.46488,45.21698],[11.46494,45.21704],[11.46511,45.21717],[11.46519,45.21725],[11.46524,45.2173],[11.46526,45.21733],[11.46529,45.21738],[11.4653,45.21744],[11.4653,45.21747],[11.4653,45.21751],[11.46529,45.21755],[11.46526,45.21762],[11.46477,45.21851],[11.46466,45.21872],[11.46449,45.219],[11.4644,45.21919],[11.46473,45.2199],[11.46479,45.22001],[11.46483,45.22011],[11.46485,45.22018],[11.46485,45.22026],[11.46487,45.22079],[11.46488,45.22095],[11.46497,45.22157],[11.46503,45.22214],[11.46506,45.22243],[11.46507,45.22252],[11.46505,45.22277],[11.46501,45.22295],[11.46497,45.22312],[11.46493,45.22323],[11.46486,45.22342],[11.4648,45.22355],[11.46458,45.22386],[11.46439,45.22411],[11.46417,45.22442],[11.46411,45.22451],[11.46407,45.2246],[11.46404,45.22466],[11.46402,45.22476],[11.464,45.22487],[11.46401,45.22505],[11.46401,45.22517],[11.46402,45.22527],[11.46403,45.2254],[11.46405,45.22551],[11.46409,45.22562],[11.46413,45.22571],[11.46436,45.22608],[11.46447,45.22629],[11.4645,45.22638],[11.46452,45.22646],[11.46453,45.22655],[11.46453,45.22666],[11.46452,45.22679],[11.46449,45.22694],[11.46445,45.22707],[11.46441,45.22717],[11.46421,45.22767],[11.46406,45.228],[11.46405,45.22802],[11.46403,45.22804],[11.464,45.22805],[11.46395,45.22805],[11.46391,45.22805],[11.46386,45.22805],[11.46383,45.22806],[11.46381,45.22807],[11.46382,45.22809],[11.46386,45.22814],[11.46392,45.22833],[11.46399,45.22856],[11.46404,45.22871],[11.4641,45.22884],[11.46413,45.22889],[11.46416,45.22892],[11.46481,45.22949],[11.46593,45.23048],[11.46593,45.23051],[11.46594,45.23058],[11.46596,45.23063],[11.46598,45.23066],[11.46602,45.23071],[11.46586,45.23078],[11.46571,45.23084],[11.46597,45.23117],[11.466,45.23121],[11.46602,45.23123],[11.46605,45.23128],[11.46606,45.23129],[11.4661,45.23129],[11.46661,45.23106],[11.46665,45.23108],[11.46662,45.2311],[11.46664,45.23112],[11.46646,45.23119],[11.46656,45.23127]]},"properties":{"town_name":"Casale di Scodosia"}},{"type":"Feature","geometry":{"type":"LineString","coordinates":[[12.03964,45.19286],[12.03906,45.1923],[12.03837,45.19269],[12.03829,45.1927],[12.03829,45.19273],[12.03829,45.19276],[12.03824,45.19284],[12.03821,45.19292],[12.03818,45.193],[12.03828,45.19303],[12.03835,45.19307],[12.03841,45.19315],[12.03881,45.19385],[12.03887,45.19394],[12.03891,45.19399],[12.03894,45.194],[12.03897,45.19401],[12.03894,45.19407],[12.03892,45.19415],[12.03892,45.19422],[12.03892,45.19436],[12.03894,45.19469],[12.03894,45.19487],[12.03898,45.19601],[12.03897,45.19624],[12.03897,45.1963],[12.03897,45.19645],[12.03897,45.19647],[12.03898,45.19649],[12.03909,45.20009],[12.03909,45.20013],[12.0391,45.20022],[12.0391,45.20034],[12.03915,45.20224],[12.03917,45.20298],[12.03931,45.20803],[12.03936,45.21048],[12.03939,45.2116],[12.0394,45.21224],[12.03943,45.21244],[12.03943,45.21254],[12.03944,45.21265],[12.03946,45.21277],[12.0395,45.21287],[12.03956,45.21298],[12.03966,45.21314],[12.03983,45.21337],[12.03994,45.21346],[12.0402,45.21366],[12.04038,45.2138],[12.04049,45.21387],[12.04058,45.21392],[12.04076,45.21401],[12.04114,45.21413],[12.04234,45.21437],[12.04253,45.2144],[12.04326,45.21455],[12.04359,45.21461],[12.04517,45.21489],[12.04539,45.21491],[12.04566,45.21493],[12.04572,45.21494],[12.04651,45.21498],[12.04767,45.21503],[12.04928,45.21509],[12.05033,45.21513],[12.05048,45.21514],[12.05126,45.21516],[12.05349,45.21525],[12.05689,45.21538],[12.05729,45.2154],[12.05763,45.21541],[12.05826,45.21544],[12.06175,45.21558],[12.06245,45.2156],[12.06387,45.21567],[12.06388,45.2155],[12.06415,45.21551]]},"properties":{"town_name":"Cona"}},{"type":"Feature","geometry":{"type":"LineString","coordinates":[[11.52424,45.19214],[11.52421,45.1922],[11.52418,45.19228],[11.52417,45.19233],[11.52417,45.19234],[11.52417,45.19238],[11.52416,45.19245],[11.52417,45.19263],[11.52419,45.19279],[11.52423,45.19322],[11.52427,45.19351],[11.52433,45.19406],[11.52433,45.19415],[11.52432,45.19437],[11.52433,45.1949],[11.52432,45.1958],[11.52433,45.19671],[11.52432,45.1968],[11.52415,45.19751],[11.52395,45.19827],[11.52387,45.1986],[11.52379,45.19889],[11.52364,45.19944],[11.52357,45.19975],[11.52353,45.1999],[11.52347,45.20012],[11.52341,45.2003],[11.52339,45.2004],[11.52337,45.20053],[11.52335,45.20066],[11.52335,45.20075],[11.52336,45.20082],[11.52343,45.20138],[11.52358,45.20226],[11.5237,45.20298],[11.5238,45.20369],[11.52398,45.20491],[11.52398,45.20502],[11.52398,45.2051],[11.52397,45.20518],[11.52395,45.20529],[11.52393,45.20536],[11.5239,45.20544],[11.52387,45.20551],[11.52383,45.20558],[11.52375,45.2057],[11.52366,45.20586],[11.52348,45.20613],[11.52318,45.20659],[11.52306,45.20678],[11.52294,45.20699],[11.52277,45.20736],[11.52238,45.2082],[11.52223,45.20852],[11.52216,45.20865],[11.5221,45.20873],[11.52202,45.20883],[11.52196,45.20889],[11.52188,45.20897],[11.52129,45.2095],[11.51921,45.21126],[11.51913,45.21134],[11.51908,45.2114],[11.51898,45.21154],[11.51878,45.21187],[11.51866,45.21209],[11.5186,45.21218],[11.51855,45.21225],[11.51849,45.21233],[11.51843,45.2124],[11.51832,45.21252],[11.51803,45.21283],[11.51743,45.21344],[11.51593,45.215],[11.51585,45.21511],[11.5158,45.21521],[11.51575,45.21533],[11.51575,45.21543],[11.51575,45.21558],[11.51576,45.21573],[11.51578,45.21593],[11.51579,45.21603],[11.51581,45.21613],[11.51584,45.2162],[11.51587,45.21628],[11.51591,45.21636],[11.516,45.21654],[11.51605,45.21666],[11.51607,45.21674],[11.51609,45.21681],[11.51606,45.21682],[11.51604,45.21683],[11.51603,45.21685],[11.51603,45.21687],[11.51604,45.21689],[11.51606,45.21691],[11.51599,45.21695],[11.51592,45.21702],[11.51584,45.21708],[11.51581,45.21717],[11.51576,45.21726],[11.51571,45.21736],[11.51567,45.21747],[11.51559,45.21764],[11.51552,45.21775],[11.51548,45.21779],[11.51544,45.21782],[11.51539,45.21784],[11.51528,45.21788],[11.51518,45.2179],[11.51505,45.21792],[11.5147,45.21797],[11.51441,45.218],[11.5142,45.21804],[11.51414,45.21806],[11.51403,45.21809],[11.51393,45.21812],[11.51386,45.21816],[11.51382,45.21818],[11.51367,45.21825],[11.5136,45.21829],[11.51346,45.21837],[11.5133,45.21847],[11.51322,45.21852],[11.51313,45.2186],[11.51305,45.21866],[11.51299,45.21872],[11.51292,45.2188],[11.51286,45.21887],[11.51278,45.21898],[11.51089,45.2217],[11.51026,45.22262],[11.51017,45.22275],[11.51009,45.22288],[11.51002,45.22299],[11.51,45.22301],[11.50989,45.22318],[11.50979,45.22335],[11.50957,45.22367],[11.50955,45.2237],[11.50946,45.22371],[11.50943,45.22371],[11.50938,45.22371],[11.50932,45.22369],[11.50927,45.22373],[11.50919,45.22384],[11.50916,45.22388],[11.50915,45.22391],[11.50905,45.22407],[11.50858,45.22393],[11.50855,45.22392],[11.50826,45.22384]]},"properties":{"town_name":"Megliadino San Vitale"}},{"type":"Feature","geometry":{"type":"LineString","coordinates":[[11.15163,45.18213],[11.1517,45.18208],[11.15192,45.18195],[11.15197,45.18191],[11.15203,45.18187],[11.1521,45.18178],[11.15216,45.18168],[11.15235,45.18124],[11.15254,45.18077],[11.15267,45.18041],[11.15273,45.18024],[11.15287,45.17982],[11.15289,45.17973],[11.15318,45.17887],[11.15348,45.17799],[11.15373,45.17726],[11.15391,45.17673],[11.154,45.17647],[11.15406,45.1763],[11.1542,45.17608],[11.1544,45.17595],[11.15464,45.17589],[11.1549,45.17588],[11.15516,45.17589],[11.15533,45.17591],[11.15614,45.1761],[11.1569,45.17628],[11.15864,45.17669],[11.15904,45.17678],[11.1621,45.17745],[11.1624,45.17752],[11.16488,45.17806],[11.16606,45.17831],[11.1665,45.17841],[11.16681,45.17848],[11.16704,45.17853],[11.16746,45.17862],[11.16787,45.17871],[11.16807,45.17876],[11.16928,45.17902],[11.1697,45.17912],[11.16984,45.17915],[11.17009,45.1792],[11.17144,45.1795],[11.1728,45.1798],[11.17312,45.17987],[11.17492,45.18026],[11.1752,45.18031],[11.17552,45.18038],[11.17555,45.18039],[11.17592,45.18047],[11.17652,45.1806],[11.1766,45.18062],[11.17713,45.18072],[11.17832,45.18097],[11.17866,45.18104],[11.17894,45.18111],[11.17939,45.18121],[11.17951,45.18124],[11.17964,45.18127],[11.17979,45.1813],[11.18052,45.18147],[11.18074,45.18152],[11.18112,45.1816],[11.18134,45.18166],[11.18162,45.18173],[11.18211,45.18183],[11.18214,45.18184],[11.18219,45.18185],[11.1823,45.18188],[11.18297,45.18205],[11.18322,45.18211],[11.184,45.1823],[11.18431,45.18237],[11.18497,45.18254],[11.18722,45.1831],[11.19027,45.18385],[11.19049,45.18394],[11.19067,45.18402],[11.1907,45.18408],[11.19072,45.1841],[11.19075,45.18413],[11.19082,45.18416],[11.19088,45.18417],[11.19095,45.18417],[11.19099,45.18417],[11.19102,45.18416],[11.19115,45.18416],[11.19124,45.18415],[11.19141,45.18415],[11.19156,45.18417],[11.19214,45.1843],[11.1922,45.18432],[11.19223,45.18433],[11.19281,45.18449],[11.19316,45.18457],[11.1934,45.18463],[11.19372,45.18471],[11.19389,45.18477],[11.19419,45.18486],[11.19475,45.1851],[11.19544,45.18542],[11.19571,45.18554],[11.19575,45.18556],[11.1965,45.18592],[11.197,45.18616],[11.19713,45.18622],[11.19732,45.1863],[11.19745,45.18637],[11.19751,45.18639],[11.1977,45.18648],[11.19779,45.18653],[11.19844,45.18685],[11.1987,45.18697],[11.19946,45.18735],[11.19986,45.18754],[11.19997,45.18761],[11.20016,45.18772],[11.20017,45.18773],[11.20051,45.18806],[11.20061,45.18816],[11.20082,45.18837],[11.20111,45.18865],[11.20111,45.18876],[11.20114,45.18881],[11.20113,45.18896],[11.20109,45.18911],[11.20107,45.18914],[11.20094,45.1894]]},"properties":{"town_name":"Sanguinetto"}},{"type":"Feature","geometry":{"type":"LineString","coordinates":[[11.74335,45.1773],[11.74335,45.1773],[11.74305,45.17743],[11.74254,45.17765],[11.74241,45.1777],[11.74238,45.17772],[11.74225,45.17776],[11.74211,45.17779],[11.74196,45.17781],[11.74176,45.17783],[11.74146,45.17785],[11.74114,45.17787],[11.741,45.17788],[11.74087,45.17788],[11.74079,45.17788],[11.74072,45.17787],[11.74064,45.17787],[11.73939,45.17773],[11.7389,45.17769],[11.73875,45.17767],[11.73859,45.17766],[11.73835,45.17765],[11.73823,45.17765],[11.73814,45.17766],[11.73803,45.17768],[11.7379,45.17771],[11.73782,45.17773],[11.73764,45.17778],[11.73749,45.17783],[11.73737,45.17787],[11.73718,45.17795],[11.737,45.17803],[11.73692,45.17807],[11.73675,45.17816],[11.73669,45.1782],[11.73656,45.17828],[11.73645,45.17834],[11.73628,45.17845],[11.73605,45.17858],[11.73561,45.17884],[11.73485,45.17931],[11.73393,45.17986],[11.73369,45.18],[11.73353,45.1801],[11.73337,45.18022],[11.73313,45.18038],[11.73287,45.18058],[11.73261,45.18078],[11.73238,45.18095],[11.73175,45.18143],[11.7317,45.18147],[11.73146,45.18165],[11.73127,45.18181],[11.73068,45.18228],[11.73049,45.18242],[11.73038,45.18251],[11.73026,45.18256],[11.72995,45.18269],[11.72963,45.18281],[11.72888,45.18312],[11.72868,45.18321],[11.72843,45.18331],[11.72795,45.18353],[11.72776,45.1836],[11.72765,45.18364],[11.72751,45.18368],[11.72744,45.1837],[11.72631,45.184],[11.72583,45.18412],[11.72544,45.18422],[11.72511,45.18431],[11.72482,45.18439],[11.72469,45.18443],[11.72456,45.18448],[11.72444,45.18454],[11.72431,45.18461],[11.72415,45.18471],[11.72261,45.18592],[11.7223,45.18616],[11.72214,45.18628],[11.72194,45.18642],[11.72177,45.18653],[11.72157,45.18665],[11.72139,45.18674],[11.72127,45.1868],[11.72111,45.18686],[11.72098,45.18691],[11.71996,45.18723],[11.71977,45.18729],[11.71952,45.18736],[11.7193,45.18741],[11.71907,45.18745],[11.71901,45.18746],[11.71887,45.18748],[11.71851,45.18752],[11.71836,45.18754],[11.71822,45.18756],[11.71809,45.1876],[11.71797,45.18765],[11.71786,45.1877],[11.71769,45.1878],[11.71758,45.18788],[11.71736,45.18805],[11.71714,45.18822],[11.71694,45.1884],[11.71682,45.18851],[11.71671,45.1886],[11.71663,45.18865],[11.71599,45.18904],[11.7159,45.18909],[11.71579,45.18916],[11.71558,45.18924],[11.71534,45.18931],[11.71499,45.1894],[11.71482,45.18944],[11.71447,45.18951],[11.71413,45.18959],[11.71394,45.18963],[11.7138,45.18966],[11.71373,45.18966],[11.71363,45.18967],[11.7135,45.18965],[11.71337,45.18963],[11.71313,45.18956],[11.71285,45.18948],[11.71271,45.18945],[11.71258,45.18942],[11.7124,45.18939],[11.71207,45.18934],[11.71193,45.18932],[11.71177,45.18929],[11.71162,45.18925],[11.71151,45.18922],[11.71113,45.1891],[11.711,45.18905],[11.71105,45.18897],[11.71081,45.18886],[11.71086,45.1888]]},"properties":{"town_name":"Solesino"}},{"type":"Feature","geometry":{"type":"LineString","coordinates":[[11.08444,45.24269],[11.08464,45.24269],[11.0847,45.24269],[11.08496,45.24269],[11.08537,45.24271],[11.08583,45.24273],[11.08621,45.24276],[11.08632,45.24276],[11.08725,45.24282],[11.08781,45.24283],[11.0884,45.24281],[11.08866,45.24279],[11.08918,45.24275],[11.08968,45.24268],[11.0901,45.24257],[11.09089,45.2423],[11.09093,45.24228],[11.09155,45.24208],[11.09183,45.24202],[11.09214,45.24196],[11.09244,45.24192],[11.09259,45.24192],[11.09277,45.24194],[11.09296,45.24202],[11.09308,45.24208],[11.09314,45.24214],[11.09326,45.2423],[11.0934,45.24253],[11.09361,45.2428],[11.09364,45.24285],[11.09373,45.24294],[11.09376,45.24297],[11.09382,45.24303],[11.09393,45.24311],[11.094,45.24316],[11.09409,45.24321],[11.09439,45.24337],[11.09533,45.2439],[11.09591,45.24419],[11.09648,45.24445],[11.09703,45.24468],[11.09757,45.24491],[11.09801,45.2451],[11.09902,45.24546],[11.09925,45.24555],[11.09944,45.24563],[11.0995,45.24566],[11.09961,45.24572],[11.09973,45.24579],[11.09986,45.24587],[11.10002,45.24598],[11.10022,45.24614],[11.10039,45.24624],[11.10053,45.24632],[11.10067,45.2464],[11.10083,45.24648],[11.10102,45.24657],[11.10151,45.24676],[11.10169,45.24685],[11.1018,45.24692],[11.1019,45.247],[11.10197,45.24708],[11.10202,45.24716],[11.10206,45.24724],[11.10225,45.24782],[11.10228,45.2479],[11.10237,45.24821],[11.10246,45.24843],[11.10261,45.24868],[11.10273,45.24885],[11.10296,45.24917],[11.10299,45.2492],[11.1031,45.24938],[11.10327,45.2496],[11.10343,45.2498],[11.10345,45.24983],[11.10379,45.25022],[11.10449,45.25103],[11.1047,45.25134],[11.10475,45.25141],[11.10478,45.25145],[11.10483,45.25153],[11.10489,45.25157],[11.10498,45.25162],[11.10501,45.25164],[11.10512,45.25172],[11.10538,45.25195],[11.10555,45.25206],[11.1057,45.25217],[11.10582,45.25225],[11.10591,45.2523],[11.10605,45.25237],[11.10616,45.25242],[11.1063,45.25247],[11.10649,45.25254],[11.10736,45.25281],[11.10756,45.25287],[11.10811,45.25304],[11.10829,45.25309],[11.10897,45.25331],[11.10939,45.25347],[11.10956,45.25352],[11.10968,45.25355],[11.10979,45.25357],[11.1099,45.25358],[11.11004,45.25359],[11.1102,45.25359],[11.11036,45.25359],[11.11059,45.25356],[11.11091,45.25354],[11.11108,45.25353],[11.11122,45.25353],[11.1114,45.25354],[11.11179,45.25358],[11.11282,45.25366],[11.11326,45.2537],[11.1135,45.25372],[11.11366,45.25373],[11.1138,45.25373],[11.11412,45.25373],[11.1142,45.25374],[11.11428,45.25375],[11.11435,45.25377],[11.1144,45.2538],[11.11445,45.25384],[11.11452,45.25388],[11.11457,45.25393],[11.11464,45.25397],[11.11506,45.25419],[11.11664,45.25505],[11.11686,45.2552],[11.11694,45.25525],[11.117,45.25528],[11.11704,45.25531],[11.1173,45.25545],[11.11746,45.25555],[11.11765,45.25567],[11.11789,45.25581],[11.1185,45.25619],[11.11875,45.25634],[11.11906,45.2565],[11.11957,45.25674],[11.12029,45.25626],[11.12032,45.25624],[11.12036,45.2562],[11.12041,45.25619],[11.12097,45.25582],[11.12108,45.25575],[11.12136,45.25555],[11.1214,45.25552]]},"properties":{"town_name":"Salizzole"}},{"type":"Feature","geometry":{"type":"LineString","coordinates":[[11.44536,45.19413],[11.44543,45.19424],[11.44579,45.19472],[11.44593,45.19491],[11.44599,45.195],[11.44664,45.19588],[11.44708,45.19646],[11.44729,45.19675],[11.44777,45.19746],[11.4478,45.19751],[11.44784,45.19761],[11.44786,45.1978],[11.44788,45.19806],[11.44788,45.19815],[11.44786,45.19838],[11.44777,45.19898],[11.44771,45.19938],[11.44768,45.19977],[11.4477,45.2002],[11.44774,45.20075],[11.44772,45.20111],[11.44764,45.20151],[11.44761,45.20182],[11.44763,45.20214],[11.44773,45.20277],[11.44775,45.20286],[11.44781,45.20318],[11.44782,45.20326],[11.44801,45.20426],[11.44805,45.20449],[11.44806,45.20466],[11.44797,45.20518],[11.44797,45.20547],[11.44803,45.20578],[11.44818,45.20621],[11.44832,45.20656],[11.4485,45.207],[11.44853,45.2072],[11.44852,45.20738],[11.44851,45.20754],[11.44842,45.20791],[11.44827,45.20834],[11.4481,45.20865],[11.44768,45.20908],[11.4474,45.20942],[11.44732,45.20964],[11.44728,45.20984],[11.4473,45.21008],[11.44735,45.21024],[11.44743,45.21036],[11.44752,45.2105],[11.44761,45.21064],[11.44819,45.21139],[11.44886,45.21226],[11.44982,45.21337],[11.45008,45.21372],[11.45013,45.2138],[11.4504,45.21425],[11.45053,45.21449],[11.45068,45.21479],[11.45081,45.21507],[11.45129,45.21615],[11.45164,45.21688],[11.45174,45.2171],[11.4518,45.2172],[11.45186,45.21729],[11.45196,45.21742],[11.45207,45.21754],[11.45246,45.21797],[11.45318,45.21874],[11.45328,45.21885],[11.45335,45.21895],[11.4534,45.21904],[11.45344,45.21914],[11.45347,45.21921],[11.45352,45.21945],[11.45355,45.21957],[11.45359,45.21968],[11.45363,45.21978],[11.45369,45.21987],[11.45376,45.21998],[11.45383,45.22007],[11.45397,45.22021],[11.4541,45.22032],[11.45422,45.22041],[11.45435,45.22051],[11.45445,45.22057],[11.45484,45.22076],[11.45503,45.22086],[11.45511,45.22091],[11.45516,45.22096],[11.45522,45.22102],[11.45526,45.22106],[11.45529,45.22111],[11.45534,45.22117],[11.45537,45.22121],[11.4554,45.22128],[11.45544,45.22137],[11.45547,45.22144],[11.45548,45.22148],[11.4555,45.22157],[11.45554,45.22182],[11.4556,45.22223],[11.45562,45.22237],[11.45567,45.22247],[11.45571,45.22256],[11.45574,45.22261],[11.45581,45.22271],[11.45599,45.22296],[11.45611,45.22312],[11.45624,45.22328],[11.45632,45.22336],[11.45637,45.22341],[11.4564,45.22344],[11.45644,45.22348],[11.45654,45.22356],[11.45662,45.22362],[11.45695,45.22385],[11.45722,45.22405],[11.45736,45.22415],[11.45743,45.22421],[11.4575,45.2243],[11.45755,45.22435],[11.45762,45.22445],[11.45768,45.22454],[11.45777,45.22472],[11.45816,45.22556],[11.45821,45.22568],[11.45826,45.22583],[11.45829,45.22595],[11.45831,45.22602],[11.45833,45.22609],[11.45836,45.22619],[11.4584,45.22626],[11.45845,45.22634],[11.45851,45.22643],[11.45858,45.22651],[11.45867,45.22658],[11.45875,45.22664],[11.45879,45.22667],[11.45883,45.2267],[11.45896,45.22677],[11.45913,45.22686],[11.45922,45.22689],[11.45932,45.22693],[11.45939,45.22694],[11.45951,45.22697],[11.45971,45.22701],[11.46097,45.22726],[11.46116,45.22729],[11.46176,45.2274],[11.46277,45.22757],[11.46289,45.2276],[11.46299,45.22763],[11.46319,45.22772],[11.46343,45.22785],[11.46369,45.228],[11.46378,45.22806],[11.4638,45.22807],[11.46381,45.22807],[11.46382,45.22809],[11.46386,45.22814],[11.46392,45.22833],[11.46399,45.22856],[11.46404,45.22871],[11.4641,45.22884],[11.46403,45.22885],[11.46397,45.22885],[11.4607,45.22895],[11.46066,45.22895],[11.46062,45.22896],[11.46056,45.22899],[11.46147,45.22987],[11.4614,45.2299],[11.46057,45.23023],[11.46045,45.23028],[11.46,45.23045],[11.45981,45.23053],[11.45908,45.23081],[11.45859,45.231],[11.45842,45.23107],[11.45776,45.23134],[11.45694,45.23165],[11.45686,45.23168],[11.4568,45.23169],[11.45675,45.23169],[11.45521,45.23172],[11.45507,45.23173],[11.45469,45.23178],[11.45455,45.23183],[11.45441,45.23189],[11.45432,45.23179],[11.45397,45.2314],[11.45392,45.23142],[11.4538,45.23147],[11.45379,45.23148],[11.45363,45.23155],[11.45344,45.23162],[11.4533,45.23168]]},"properties":{"town_name":"Urbana"}},{"type":"Feature","geometry":{"type":"LineString","coordinates":[[11.39214,45.23189],[11.39204,45.23173],[11.39203,45.23171],[11.392,45.2317],[11.39168,45.23166],[11.39164,45.23165],[11.39173,45.23129],[11.39148,45.23121],[11.39139,45.23118],[11.39131,45.23115],[11.39097,45.23106],[11.39073,45.23103],[11.39059,45.23103],[11.39049,45.23104],[11.38995,45.23115],[11.38919,45.23137],[11.38857,45.23148],[11.3877,45.23157],[11.38685,45.23166],[11.38618,45.23171],[11.3854,45.23197],[11.3848,45.23229],[11.38449,45.23252],[11.38424,45.2325],[11.38326,45.23241],[11.38211,45.23231],[11.38203,45.23231],[11.38103,45.23222],[11.38091,45.23221],[11.37944,45.23207],[11.37226,45.23141],[11.37037,45.23124],[11.36827,45.23105],[11.36794,45.23102],[11.36615,45.23085],[11.36467,45.23072],[11.36238,45.23051],[11.35855,45.23015],[11.35503,45.22982],[11.35285,45.22961],[11.35263,45.22958],[11.35248,45.22963],[11.35227,45.22961],[11.35199,45.22959],[11.35194,45.22959],[11.35151,45.22954],[11.35148,45.22955],[11.35146,45.22955],[11.35143,45.22956],[11.35142,45.22957],[11.3514,45.22958],[11.35139,45.2296],[11.35138,45.22961],[11.35138,45.22966],[11.3513,45.23025]]},"properties":{"town_name":"Bevilacqua"}},{"type":"Feature","geometry":{"type":"LineString","coordinates":[[11.6208,45.19532],[11.61855,45.19519],[11.61855,45.19608],[11.61831,45.19607],[11.61803,45.19605],[11.61742,45.19599],[11.61724,45.19596],[11.61712,45.19594],[11.617,45.19591],[11.61679,45.19587],[11.61664,45.19582],[11.61646,45.19577],[11.61384,45.19496],[11.6137,45.19492],[11.61354,45.19486],[11.61322,45.19475],[11.61297,45.19465],[11.61206,45.19425],[11.61188,45.1942],[11.61168,45.19415],[11.61155,45.19413],[11.61142,45.1941],[11.61127,45.19408],[11.61113,45.19407],[11.61096,45.19407],[11.61083,45.19407],[11.61062,45.19408],[11.61048,45.19408],[11.60829,45.19419],[11.60807,45.1942],[11.60793,45.19422],[11.60771,45.19428],[11.60741,45.19436],[11.60729,45.19438],[11.60715,45.1944],[11.60609,45.19446],[11.60515,45.19452],[11.60491,45.19454],[11.60471,45.19455],[11.60455,45.19457],[11.60441,45.19458],[11.60429,45.19461],[11.60412,45.19465],[11.60399,45.19469],[11.60391,45.19471],[11.60373,45.19479],[11.60341,45.19493],[11.60325,45.195],[11.60306,45.19507],[11.60289,45.19514],[11.60269,45.1952],[11.60242,45.19527],[11.60182,45.19538],[11.60148,45.19544],[11.60112,45.1955],[11.60085,45.19553],[11.60065,45.19554],[11.60044,45.19555],[11.60012,45.19554],[11.59978,45.19553],[11.59935,45.19551],[11.59901,45.19548],[11.59885,45.19546],[11.59864,45.19543],[11.59826,45.19536],[11.59782,45.19528],[11.59769,45.19526],[11.59752,45.19524],[11.59745,45.19524],[11.59736,45.19525],[11.59716,45.19527],[11.59462,45.19562],[11.59424,45.19566],[11.59409,45.19566],[11.59399,45.19565],[11.59389,45.19564],[11.59377,45.19561],[11.59366,45.19558],[11.59351,45.19552],[11.59332,45.19542],[11.59315,45.19536],[11.59302,45.19532],[11.59294,45.1953],[11.59282,45.19529],[11.59266,45.19529],[11.59249,45.19531],[11.59235,45.19534],[11.59225,45.19536],[11.59215,45.19539],[11.59202,45.19544],[11.59189,45.1955],[11.59169,45.1956],[11.59152,45.19568],[11.59141,45.19576],[11.59129,45.19585],[11.59122,45.19588],[11.59111,45.19592],[11.59106,45.19591],[11.59087,45.19577],[11.5906,45.19551],[11.59043,45.19537],[11.59035,45.19531],[11.59025,45.19524],[11.5901,45.19515],[11.58992,45.19504],[11.58942,45.19477],[11.58889,45.19448],[11.58859,45.19432],[11.58849,45.19426],[11.58843,45.19422],[11.58836,45.19416],[11.5883,45.19409],[11.58823,45.19401],[11.58814,45.19388],[11.58768,45.19327],[11.58762,45.1932],[11.58751,45.1931],[11.58745,45.19306],[11.5874,45.19303],[11.58732,45.19298],[11.58722,45.19292],[11.58706,45.19284],[11.58695,45.19278],[11.58676,45.19267],[11.58668,45.19263],[11.58662,45.19259],[11.58653,45.19262],[11.58648,45.19266],[11.5864,45.19274],[11.58633,45.19279],[11.58619,45.19279],[11.58613,45.1928]]},"properties":{"town_name":"Santa Caterina d'Este"}},{"type":"Feature","geometry":{"type":"LineString","coordinates":[[11.13844,45.20724],[11.13833,45.2073],[11.13829,45.20733],[11.13847,45.20746],[11.13849,45.20749],[11.13852,45.20753],[11.13861,45.20769],[11.13869,45.20781],[11.13874,45.20791],[11.1388,45.20805],[11.13885,45.20817],[11.13889,45.2083],[11.1389,45.20839],[11.1389,45.20847],[11.13889,45.20853],[11.13888,45.20861],[11.13884,45.20875],[11.13879,45.20894],[11.13878,45.20897],[11.13872,45.20914],[11.13868,45.20922],[11.13857,45.2094],[11.13847,45.20954],[11.13842,45.20964],[11.1384,45.20973],[11.13843,45.20981],[11.13848,45.20988],[11.13856,45.20997],[11.13863,45.21003],[11.13876,45.21014],[11.13885,45.21019],[11.13896,45.21027],[11.13944,45.21058],[11.13966,45.21071],[11.13982,45.21081],[11.13991,45.21086],[11.14026,45.21101],[11.1406,45.21116],[11.14072,45.21123],[11.1408,45.21128],[11.14086,45.21134],[11.14089,45.21139],[11.14095,45.21149],[11.14099,45.21157],[11.14101,45.21168],[11.14102,45.2118],[11.14103,45.212],[11.14103,45.21207],[11.14106,45.21214],[11.14109,45.21221],[11.14115,45.2123],[11.14135,45.21253],[11.14151,45.21272],[11.14161,45.21285],[11.14166,45.21294],[11.1417,45.21303],[11.14173,45.21314],[11.14183,45.21386],[11.14194,45.21477],[11.14195,45.21492],[11.14196,45.21497],[11.14264,45.21491],[11.1436,45.21483],[11.14365,45.21482],[11.14404,45.21478],[11.14589,45.2146],[11.14601,45.21456],[11.14612,45.21451],[11.14619,45.21447],[11.14644,45.21422],[11.14749,45.21302],[11.14832,45.21174],[11.14865,45.21141],[11.14893,45.21122],[11.14902,45.21116],[11.14927,45.21104],[11.14937,45.21099],[11.14955,45.21092],[11.14974,45.21087],[11.15012,45.21078],[11.15028,45.21074],[11.15068,45.21062],[11.151,45.21054],[11.15136,45.21047],[11.15244,45.21035],[11.15475,45.21014],[11.15479,45.21014],[11.15497,45.21013],[11.15503,45.21013],[11.1552,45.21015],[11.1555,45.21019],[11.15627,45.21031],[11.15714,45.21044],[11.16686,45.21204],[11.16747,45.21212],[11.16797,45.2122],[11.16815,45.21223],[11.16882,45.21233],[11.16893,45.21235],[11.16919,45.21236],[11.16942,45.21235],[11.16965,45.21233],[11.17055,45.21218],[11.17064,45.21217],[11.17169,45.21212],[11.17249,45.21209],[11.17319,45.21211],[11.17364,45.2122],[11.17455,45.21232],[11.17511,45.21238],[11.17521,45.21237],[11.17529,45.21236],[11.17532,45.21235],[11.17548,45.21252],[11.1756,45.21273],[11.17564,45.21294],[11.17567,45.21333],[11.17567,45.21348],[11.17565,45.21364],[11.17557,45.21388],[11.17552,45.21408],[11.17547,45.21438],[11.17547,45.2144]]},"properties":{"town_name":"Concamarise"}},{"type":"Feature","geometry":{"type":"LineString","coordinates":[[11.9891,45.22101],[11.98858,45.22106],[11.98845,45.22048],[11.98843,45.2204],[11.98841,45.22036],[11.9896,45.22021],[11.98981,45.22019],[11.99007,45.22016],[11.99044,45.22012],[11.99064,45.2201],[11.9908,45.22009],[11.99089,45.22009],[11.99106,45.22009],[11.99127,45.22009],[11.99146,45.22011],[11.99171,45.22013],[11.99195,45.22018],[11.99202,45.22019],[11.99225,45.22026],[11.99244,45.22031],[11.99264,45.22041],[11.99278,45.22055],[11.99295,45.2208],[11.99301,45.22088],[11.99343,45.22144],[11.9935,45.22152],[11.99355,45.22157],[11.99364,45.22166],[11.99385,45.22186],[11.99396,45.22194],[11.99411,45.22201],[11.99429,45.22206],[11.99449,45.22209],[11.99477,45.22212],[11.99522,45.22217],[11.99549,45.22219],[11.99564,45.2222],[11.99574,45.22221],[11.9967,45.22229],[11.99764,45.22238],[11.99816,45.22243],[11.99846,45.22245],[11.99866,45.22245],[11.99866,45.22247],[11.99867,45.22258],[11.99867,45.22267],[11.9987,45.22277],[11.99903,45.22395],[11.99903,45.22397],[11.99912,45.22424],[11.99912,45.22426],[11.99913,45.22429],[11.9995,45.22549],[11.99951,45.22552],[11.99974,45.22633],[11.99981,45.2265],[11.99988,45.22664],[12.00003,45.22682],[12.00179,45.22868],[12.00318,45.23014],[12.00338,45.2303],[12.0036,45.23043],[12.0053,45.23132],[12.00549,45.23144],[12.0056,45.2315],[12.00597,45.23183],[12.00627,45.23213],[12.00654,45.23232],[12.00696,45.23252],[12.01206,45.23408],[12.01229,45.23424],[12.0123,45.2344],[12.01224,45.23461],[12.01219,45.23473],[12.01119,45.23682],[12.01064,45.23796],[12.01058,45.23819],[12.0106,45.23837],[12.01066,45.23855],[12.01075,45.23874],[12.01092,45.23903],[12.01113,45.23931],[12.0115,45.23985],[12.01153,45.23997],[12.01155,45.24014],[12.01153,45.24031],[12.01149,45.24044],[12.0113,45.24097],[12.01117,45.24132],[12.01114,45.2414],[12.01109,45.24147],[12.01104,45.24154],[12.01091,45.24167],[12.01062,45.24194],[12.01053,45.24202],[12.01048,45.24207],[12.01088,45.24208],[12.01317,45.24197],[12.01378,45.24186],[12.01633,45.24129],[12.01646,45.24126],[12.01655,45.24124],[12.01673,45.24119],[12.01688,45.24116],[12.01711,45.24112],[12.01731,45.24106],[12.01744,45.24101],[12.01797,45.24077],[12.01897,45.2404],[12.02031,45.2399],[12.02008,45.23969],[12.02002,45.23963],[12.02003,45.23957],[12.02009,45.23953],[12.02027,45.23944],[12.02052,45.23934],[12.02141,45.23917],[12.02186,45.23906],[12.02211,45.23902],[12.02235,45.23899],[12.02245,45.23898],[12.02253,45.239],[12.02258,45.23903],[12.02269,45.23917],[12.02281,45.23935],[12.02289,45.23944],[12.02292,45.23946],[12.023,45.23947],[12.02307,45.23945],[12.02307,45.23949],[12.02308,45.23971],[12.02309,45.23988],[12.02315,45.24035],[12.02323,45.24095],[12.02334,45.24177],[12.02337,45.24201],[12.0235,45.24216],[12.02356,45.24218],[12.0236,45.24222],[12.02361,45.24224],[12.02363,45.24227],[12.02364,45.24232],[12.02362,45.24238],[12.02358,45.24242],[12.02357,45.24253],[12.02357,45.24263],[12.02361,45.24272],[12.0237,45.24281],[12.02377,45.2429],[12.02394,45.24314],[12.02398,45.2432],[12.02412,45.24339],[12.02414,45.24342],[12.02429,45.24366],[12.02451,45.24405],[12.02468,45.24436],[12.02506,45.24504],[12.02509,45.24509],[12.0251,45.24512],[12.0254,45.24569],[12.02555,45.24606],[12.0259,45.24716],[12.02593,45.24735],[12.02624,45.24815],[12.0263,45.24821],[12.0263,45.24822],[12.02631,45.24824],[12.02651,45.24878],[12.02663,45.24906],[12.02668,45.2492],[12.02671,45.24934],[12.02675,45.24953],[12.02676,45.24963],[12.0268,45.24971],[12.02682,45.24978],[12.02685,45.24982],[12.02687,45.24986],[12.02686,45.2499],[12.02684,45.24993],[12.02681,45.24996],[12.02678,45.25003],[12.02676,45.25011],[12.02675,45.25026],[12.02684,45.25053],[12.02676,45.25059],[12.02663,45.25065],[12.02652,45.25068],[12.02649,45.25069],[12.02647,45.25069],[12.02616,45.25077],[12.0262,45.25085],[12.02621,45.25086],[12.02622,45.25088],[12.02636,45.25112],[12.0264,45.25118],[12.02624,45.25124]]},"properties":{"town_name":"Candiana"}},{"type":"Feature","geometry":{"type":"LineString","coordinates":[[11.28398,45.21815],[11.284,45.21803],[11.28407,45.21803],[11.28411,45.21804],[11.28425,45.21804],[11.28434,45.21804],[11.28445,45.21803],[11.2846,45.21803],[11.28495,45.21794],[11.28523,45.21787],[11.28629,45.21755],[11.28673,45.21742],[11.28722,45.21725],[11.2874,45.21718],[11.28764,45.21708],[11.28816,45.21679],[11.28855,45.21647],[11.2886,45.21644],[11.2893,45.21574],[11.28995,45.21505],[11.29035,45.21461],[11.29065,45.21435],[11.29104,45.2141],[11.2917,45.21372],[11.29221,45.21346],[11.29252,45.21325],[11.29265,45.21313],[11.29281,45.21296],[11.2931,45.21263],[11.29361,45.21201],[11.29435,45.21128],[11.29441,45.21118],[11.29441,45.21111],[11.29437,45.21096],[11.29431,45.21074],[11.29429,45.21053],[11.29428,45.21036],[11.29423,45.21015],[11.2942,45.21007],[11.29419,45.20998],[11.29425,45.20983],[11.29423,45.20975],[11.29421,45.20968],[11.2942,45.20961],[11.29419,45.20954],[11.29418,45.20946],[11.29418,45.20935],[11.29418,45.20917],[11.29418,45.209],[11.2942,45.20882],[11.29422,45.20863],[11.29423,45.20856],[11.29424,45.20849],[11.29428,45.20832],[11.29432,45.20816],[11.29434,45.2081],[11.29436,45.20803],[11.29443,45.20786],[11.29446,45.20777],[11.2945,45.20767],[11.29456,45.20747],[11.29463,45.20723],[11.29499,45.20631],[11.295,45.20627],[11.295,45.20624],[11.29499,45.20621],[11.29498,45.20616],[11.29492,45.20602],[11.2949,45.20596],[11.29489,45.20591],[11.29487,45.20586],[11.29487,45.20582],[11.29486,45.20577],[11.29487,45.20571],[11.29488,45.20565],[11.29489,45.2056],[11.29491,45.20555],[11.29494,45.20549],[11.29497,45.20543],[11.29501,45.20538],[11.29505,45.20534],[11.29509,45.2053],[11.29531,45.20514],[11.29541,45.20506],[11.29549,45.20498],[11.29552,45.20495],[11.29555,45.20492],[11.29558,45.20488],[11.2956,45.20484],[11.29567,45.20472],[11.2959,45.20432],[11.29607,45.20403],[11.29628,45.20368],[11.29644,45.20337],[11.29658,45.2031],[11.29676,45.20278],[11.297,45.20239],[11.29707,45.20229],[11.29716,45.20217],[11.29727,45.20205],[11.29744,45.20187],[11.2976,45.20171],[11.29784,45.20148],[11.29807,45.20129],[11.29969,45.19999],[11.29985,45.19986],[11.30013,45.19961],[11.30035,45.1994],[11.30085,45.19894],[11.30113,45.19869],[11.30121,45.19862],[11.30127,45.19857],[11.30145,45.19843],[11.3016,45.19832],[11.30174,45.19823],[11.30187,45.19815],[11.30209,45.19801],[11.30243,45.19782],[11.30322,45.19738],[11.30361,45.19716],[11.30379,45.19707],[11.30402,45.19695],[11.30426,45.19683],[11.30462,45.19667],[11.30471,45.19663],[11.30479,45.1966],[11.30488,45.19657],[11.30499,45.19654],[11.30537,45.19644],[11.3055,45.1964],[11.30584,45.1963],[11.30607,45.19624],[11.30611,45.19623],[11.30616,45.19622],[11.30671,45.1961],[11.30773,45.19586],[11.30796,45.19579],[11.30827,45.19571],[11.30845,45.19565],[11.30899,45.19547],[11.3099,45.19511],[11.31042,45.19492],[11.31076,45.1947],[11.31186,45.194],[11.3119,45.19397],[11.31264,45.19332],[11.31268,45.19328],[11.3127,45.19329],[11.31423,45.19421],[11.31429,45.19425],[11.31432,45.19427],[11.31434,45.19428],[11.31436,45.19431],[11.31437,45.19433],[11.31437,45.19435],[11.31437,45.19438],[11.31436,45.1944],[11.31435,45.19443],[11.31433,45.19445],[11.3143,45.19448],[11.31367,45.19506],[11.3127,45.19594],[11.31262,45.19601],[11.3126,45.19604],[11.31259,45.19607],[11.31258,45.19609],[11.31258,45.19611],[11.31258,45.19614],[11.31259,45.19618],[11.31262,45.19625],[11.31266,45.19631],[11.31273,45.19639],[11.31266,45.19642],[11.31266,45.19645],[11.31261,45.19647],[11.31271,45.19679],[11.31272,45.19681],[11.31272,45.19684],[11.31272,45.19686],[11.31272,45.19689],[11.31271,45.19691],[11.3127,45.19694],[11.31268,45.19696],[11.31266,45.19698],[11.31249,45.19716],[11.31202,45.19762],[11.31196,45.19768],[11.31176,45.19788],[11.31172,45.19792],[11.31169,45.19795],[11.3113,45.19833],[11.31094,45.19869]]},"properties":{"town_name":"Angiari"}},{"type":"Feature","geometry":{"type":"LineString","coordinates":[[10.96827,45.24089],[10.96832,45.24073],[10.96838,45.24054],[10.96812,45.24048],[10.96809,45.24048],[10.96795,45.24044],[10.96789,45.24043],[10.96738,45.24032],[10.96719,45.24028],[10.96651,45.24013],[10.96628,45.24012],[10.96566,45.24014],[10.96549,45.24017],[10.96525,45.2402],[10.96493,45.24024],[10.96473,45.24031],[10.96433,45.24053],[10.96414,45.24064],[10.96411,45.24066],[10.96364,45.24096],[10.96353,45.24102],[10.96337,45.24111],[10.96286,45.24141],[10.96196,45.24193],[10.96159,45.24214],[10.96109,45.24242],[10.9588,45.24372],[10.95578,45.24533],[10.95407,45.2465],[10.95176,45.24781],[10.95048,45.24849],[10.94677,45.25051],[10.94472,45.25148],[10.94397,45.25191],[10.94296,45.25263],[10.94199,45.25494],[10.94117,45.25604],[10.94112,45.2561],[10.94102,45.2562],[10.9409,45.25631],[10.94,45.25732],[10.93961,45.25783],[10.93936,45.25817],[10.93897,45.25938],[10.93877,45.25992],[10.93862,45.26041],[10.93825,45.26122],[10.93819,45.2613],[10.93809,45.26138],[10.93772,45.26152],[10.93688,45.26176],[10.93633,45.2619],[10.93578,45.262],[10.9349,45.26209],[10.93403,45.26217],[10.93361,45.26222],[10.93305,45.26227],[10.93194,45.26239],[10.93053,45.26253],[10.92909,45.26283],[10.92883,45.26293],[10.92874,45.263],[10.92866,45.26308],[10.92864,45.26315],[10.92864,45.26329],[10.9291,45.26393],[10.92944,45.26443],[10.92982,45.26486],[10.92989,45.26493],[10.93004,45.26509],[10.93029,45.26538],[10.93057,45.26565],[10.93095,45.26596],[10.93151,45.26634],[10.93181,45.26667],[10.932,45.26697],[10.9321,45.26713],[10.93217,45.26729],[10.93229,45.26754],[10.93233,45.26767],[10.93237,45.26779],[10.93237,45.2679],[10.93237,45.26804],[10.93232,45.2682],[10.93229,45.26832],[10.93229,45.26835],[10.93223,45.26853],[10.93223,45.2686],[10.93223,45.26865],[10.93226,45.26872],[10.93234,45.26876],[10.93248,45.2688],[10.93286,45.26894],[10.93369,45.26912],[10.93389,45.26916],[10.93491,45.26935],[10.93493,45.26935],[10.93483,45.26962]]},"properties":{"town_name":"Erbè"}},{"type":"Feature","geometry":{"type":"LineString","coordinates":[[11.8185,45.24528],[11.81848,45.24524],[11.81825,45.24478],[11.81786,45.24393],[11.81743,45.24311],[11.81723,45.24277],[11.81689,45.24216],[11.81686,45.24212],[11.81646,45.24141],[11.81619,45.24092],[11.81576,45.24017],[11.81435,45.23766],[11.81416,45.23732],[11.81414,45.23729],[11.81409,45.2372],[11.81378,45.23654],[11.81352,45.236],[11.81343,45.23577],[11.81338,45.23562],[11.81336,45.23549],[11.81335,45.23531],[11.81334,45.23511],[11.8135,45.23291],[11.81352,45.23273],[11.81353,45.23268],[11.81364,45.23235],[11.8137,45.23224],[11.81387,45.23197],[11.81404,45.23172],[11.81416,45.23159],[11.81432,45.23147],[11.81455,45.23133],[11.81477,45.23119],[11.81499,45.23106],[11.81536,45.23079],[11.81556,45.23063],[11.81571,45.23051],[11.81584,45.23039],[11.81616,45.2301],[11.81639,45.22984],[11.81659,45.22954],[11.81661,45.22952],[11.81685,45.22896],[11.81757,45.22723],[11.81769,45.22708],[11.81788,45.22689],[11.8182,45.22661],[11.81827,45.22653],[11.81826,45.2265],[11.81824,45.22647],[11.81903,45.22606],[11.81933,45.22595],[11.81944,45.22591],[11.81958,45.22588],[11.81975,45.22584],[11.8199,45.22582],[11.8204,45.22576],[11.82092,45.22571],[11.82137,45.22565],[11.82179,45.22558],[11.82225,45.22548],[11.82267,45.22538],[11.82283,45.22534],[11.82303,45.22529],[11.82321,45.22522],[11.8234,45.22515],[11.82353,45.22508],[11.82369,45.22499],[11.8239,45.22484],[11.82401,45.22474],[11.82411,45.22465],[11.82451,45.2243],[11.8247,45.22414],[11.82492,45.22399],[11.82568,45.22354],[11.82581,45.22347],[11.82598,45.22339],[11.82624,45.22329],[11.82653,45.22321],[11.8275,45.22293],[11.82783,45.22283],[11.82824,45.22269],[11.82855,45.22257],[11.82887,45.22243],[11.8292,45.22225],[11.82937,45.22216],[11.82946,45.22207],[11.82967,45.22193],[11.82987,45.2218],[11.83023,45.22152],[11.83039,45.22137],[11.83057,45.2212],[11.83093,45.22087],[11.83105,45.22074],[11.83122,45.22054],[11.83131,45.22043],[11.83138,45.22035],[11.83146,45.22025],[11.83152,45.22016],[11.83194,45.21946],[11.83203,45.21934],[11.83215,45.2192],[11.83244,45.21888],[11.8325,45.21881],[11.83265,45.21859],[11.83271,45.21852],[11.83292,45.2182],[11.83302,45.21806],[11.83318,45.21777],[11.83319,45.21774],[11.8332,45.21771],[11.83322,45.21766],[11.83323,45.21762],[11.83326,45.21749],[11.83345,45.21596],[11.83349,45.21565],[11.83353,45.21534],[11.83356,45.21522],[11.8336,45.21514],[11.83365,45.21505],[11.8337,45.21497],[11.83373,45.21491],[11.83377,45.21485],[11.8338,45.21484],[11.83384,45.2148],[11.83386,45.21479],[11.83387,45.21476],[11.83388,45.21473],[11.83388,45.2147],[11.83388,45.21467],[11.83387,45.21465],[11.83385,45.21462],[11.83382,45.21458],[11.8338,45.21457],[11.83379,45.21451],[11.83378,45.21441],[11.83377,45.21433],[11.83374,45.21421],[11.83374,45.21413],[11.83373,45.21409],[11.8337,45.21352],[11.8337,45.2134],[11.83368,45.21322],[11.83366,45.2131],[11.83361,45.21311],[11.83247,45.21331],[11.83235,45.21333],[11.83231,45.21333]]},"properties":{"town_name":"San Pietro Viminario"}},{"type":"Feature","geometry":{"type":"LineString","coordinates":[[11.27933,45.25757],[11.27953,45.25755],[11.27971,45.25753],[11.2798,45.25752],[11.27989,45.25751],[11.27999,45.25749],[11.28008,45.25747],[11.28018,45.25746],[11.2811,45.25737],[11.28147,45.25733],[11.28165,45.25732],[11.2819,45.2573],[11.28202,45.25729],[11.28212,45.25728],[11.28214,45.25728],[11.28226,45.25726],[11.2823,45.25725],[11.28236,45.25724],[11.28245,45.25722],[11.28253,45.2572],[11.28261,45.25717],[11.28263,45.25716],[11.28269,45.25714],[11.28272,45.25713],[11.28276,45.25711],[11.28283,45.25707],[11.28289,45.25703],[11.28296,45.25698],[11.28302,45.25692],[11.28309,45.25686],[11.28339,45.25654],[11.28353,45.25638],[11.28362,45.2563],[11.2837,45.25622],[11.28377,45.25616],[11.28383,45.25611],[11.28389,45.25606],[11.28399,45.25599],[11.28409,45.25592],[11.28422,45.25584],[11.28439,45.25575],[11.28456,45.25565],[11.28475,45.25555],[11.28486,45.2555],[11.28496,45.25546],[11.28506,45.25543],[11.28516,45.25539],[11.28527,45.25536],[11.28534,45.25535],[11.28542,45.25533],[11.28549,45.25532],[11.28557,45.25531],[11.28565,45.2553],[11.28574,45.2553],[11.2858,45.2553],[11.2859,45.2553],[11.28599,45.2553],[11.28609,45.25531],[11.28622,45.25533],[11.28639,45.25535],[11.28669,45.25539],[11.28679,45.25541],[11.2869,45.25542],[11.28696,45.25543],[11.287,45.25543],[11.28709,45.25543],[11.28717,45.25543],[11.28726,45.25543],[11.28734,45.25542],[11.28743,45.25541],[11.28752,45.25539],[11.28763,45.25536],[11.28771,45.25534],[11.28779,45.25531],[11.28786,45.25528],[11.28795,45.25525],[11.28807,45.25519],[11.2882,45.25511],[11.28833,45.25503],[11.28845,45.25494],[11.28856,45.25486],[11.28884,45.25464],[11.28904,45.25449],[11.28913,45.25442],[11.28919,45.25438],[11.28926,45.25434],[11.28933,45.2543],[11.28939,45.25428],[11.28944,45.25425],[11.28952,45.25423],[11.28959,45.25421],[11.28966,45.25419],[11.28975,45.25418],[11.28983,45.25417],[11.28988,45.25417],[11.28994,45.25417],[11.29,45.25417],[11.29008,45.25418],[11.29015,45.25419],[11.29023,45.2542],[11.29056,45.25427],[11.29074,45.2543],[11.29132,45.25442],[11.29152,45.25447],[11.29175,45.25454],[11.29263,45.2548],[11.29354,45.25507],[11.29371,45.25512],[11.29401,45.25523],[11.29414,45.25528],[11.29436,45.25537],[11.2945,45.25541],[11.29461,45.25544],[11.29473,45.25547],[11.29483,45.25549],[11.29494,45.2555],[11.29505,45.2555],[11.29524,45.2555],[11.29538,45.2555],[11.29555,45.25548],[11.29576,45.25546],[11.29594,45.25543],[11.29609,45.25541],[11.2963,45.25536],[11.29683,45.25524],[11.29715,45.25517],[11.29748,45.25511],[11.29757,45.25509],[11.29771,45.25506],[11.29784,45.25504],[11.29797,45.25502],[11.29808,45.25501],[11.29821,45.255],[11.29837,45.255],[11.29851,45.255],[11.29865,45.25501],[11.29882,45.25503],[11.29899,45.25505],[11.29914,45.25508],[11.29932,45.25512],[11.29952,45.25518],[11.29995,45.2553],[11.30009,45.25534],[11.30026,45.25538],[11.3004,45.2554],[11.30052,45.25542],[11.30065,45.25544],[11.30078,45.25545],[11.30092,45.25546],[11.30107,45.25546],[11.30133,45.25546],[11.30165,45.25545],[11.3019,45.25544],[11.30208,45.25542],[11.30213,45.25541],[11.30227,45.2554],[11.30248,45.25536],[11.30275,45.25531],[11.30356,45.25514],[11.30375,45.25511],[11.30393,45.25509],[11.3041,45.25507],[11.30431,45.25505],[11.30453,45.25504],[11.30473,45.25503],[11.30497,45.25503],[11.30512,45.25503],[11.3052,45.25503],[11.30575,45.25505],[11.30602,45.25505],[11.30624,45.25505],[11.30634,45.25504],[11.30645,45.25503],[11.30656,45.255],[11.30664,45.25498],[11.30669,45.25496],[11.30683,45.25491],[11.30694,45.25486],[11.30705,45.25479],[11.30714,45.25473],[11.3073,45.2546],[11.30737,45.25452],[11.30742,45.25445],[11.30751,45.25436],[11.30762,45.25425],[11.30779,45.2541],[11.30795,45.25397],[11.30811,45.25385],[11.3083,45.25373],[11.3085,45.25361],[11.30861,45.25356],[11.30871,45.25351],[11.30884,45.25346],[11.30901,45.25339],[11.30931,45.25329],[11.30983,45.25312],[11.31039,45.25295],[11.31047,45.25292],[11.31053,45.2529],[11.31062,45.25288],[11.3109,45.2528],[11.31143,45.25264],[11.31179,45.25255],[11.31244,45.25239],[11.31317,45.25222],[11.31328,45.25219],[11.31338,45.25216],[11.3135,45.25211],[11.31366,45.25205],[11.31382,45.25197],[11.31396,45.25189],[11.31409,45.2518],[11.31426,45.25167],[11.31476,45.25125],[11.31556,45.25061],[11.3158,45.25043],[11.3162,45.25012],[11.31643,45.24994],[11.31718,45.24937],[11.3174,45.2492],[11.31788,45.24884],[11.31833,45.24849],[11.31848,45.24837],[11.31907,45.24792],[11.31971,45.24743],[11.32097,45.24647],[11.3241,45.24406],[11.32494,45.24341],[11.32502,45.24335],[11.32532,45.24311],[11.32536,45.24307],[11.32574,45.24275],[11.32606,45.24246],[11.32621,45.24232],[11.32653,45.24203],[11.32672,45.24186],[11.32683,45.24178],[11.32692,45.24171],[11.32701,45.24165],[11.3271,45.2416],[11.32714,45.24157],[11.32722,45.24153],[11.3274,45.24144],[11.3275,45.24141],[11.32761,45.24137],[11.32773,45.24134],[11.3279,45.2413],[11.32808,45.24126],[11.32831,45.24122],[11.32872,45.24116],[11.32886,45.24113],[11.32993,45.24096],[11.33091,45.24081],[11.33114,45.24077],[11.33136,45.24074],[11.33156,45.24072],[11.3318,45.2407],[11.33206,45.24068],[11.33256,45.24065],[11.33281,45.24064],[11.33315,45.24062],[11.33345,45.24061],[11.33369,45.2406],[11.33421,45.2406],[11.33443,45.2406],[11.33451,45.24059],[11.33459,45.24056],[11.33462,45.24054],[11.33465,45.24052],[11.33465,45.2405],[11.33466,45.24049],[11.33466,45.24043],[11.33465,45.24036],[11.33462,45.24028],[11.33461,45.24022],[11.33456,45.23936],[11.33456,45.2393],[11.33455,45.23925],[11.33454,45.23916],[11.33451,45.23901],[11.33448,45.23891],[11.33441,45.23892],[11.33433,45.23894],[11.33421,45.23896],[11.33412,45.23875],[11.33407,45.23866],[11.33405,45.23864]]},"properties":{"town_name":"Bonavigo"}},{"type":"Feature","geometry":{"type":"LineString","coordinates":[[11.22818,45.24298],[11.22817,45.24298],[11.22799,45.24296],[11.22725,45.24287],[11.2272,45.24287],[11.22716,45.24286],[11.22712,45.24284],[11.22708,45.24282],[11.22704,45.2428],[11.22698,45.24276],[11.2266,45.2425],[11.22642,45.24239],[11.22635,45.24235],[11.22627,45.24231],[11.22621,45.24229],[11.22618,45.24228],[11.22613,45.24227],[11.22606,45.24225],[11.226,45.24225],[11.22593,45.24224],[11.2258,45.24225],[11.22566,45.24225],[11.22548,45.24226],[11.22533,45.24227],[11.22522,45.24228],[11.22501,45.24231],[11.22472,45.24236],[11.22438,45.24241],[11.22422,45.24244],[11.22356,45.24256],[11.22345,45.24258],[11.22325,45.24262],[11.22235,45.24279],[11.2223,45.2428],[11.22224,45.24281],[11.22219,45.24281],[11.22214,45.24281],[11.2221,45.2428],[11.22205,45.2428],[11.22201,45.24278],[11.22196,45.24277],[11.22193,45.24274],[11.22189,45.24272],[11.22186,45.24269],[11.22183,45.24265],[11.2218,45.2426],[11.22154,45.24209],[11.22151,45.24205],[11.22148,45.242],[11.22143,45.24191],[11.22127,45.24171],[11.22126,45.24168],[11.22108,45.24168],[11.2209,45.24168],[11.2207,45.24167],[11.22002,45.24159],[11.21947,45.24152],[11.21899,45.24152],[11.21797,45.24157],[11.2174,45.24161],[11.21702,45.24166],[11.21648,45.24175],[11.21612,45.24184],[11.21602,45.24186],[11.21558,45.24199],[11.21542,45.24203],[11.21522,45.24206],[11.21502,45.24207],[11.21481,45.24207],[11.21452,45.24206],[11.2143,45.24208],[11.2141,45.24211],[11.21389,45.24217],[11.21337,45.24237],[11.21301,45.24249],[11.21212,45.24278],[11.21106,45.24307],[11.21057,45.24317],[11.21022,45.24325],[11.20934,45.24328],[11.20838,45.24336],[11.20756,45.24354],[11.20699,45.24372],[11.20656,45.24394],[11.20601,45.24428],[11.20516,45.24481],[11.20434,45.24525],[11.20386,45.24552],[11.20279,45.24618],[11.20233,45.24645],[11.20205,45.24658],[11.20192,45.24664],[11.20174,45.24668],[11.20157,45.24672],[11.20131,45.24675],[11.20103,45.24676],[11.20071,45.24677],[11.19992,45.24677],[11.19933,45.24678],[11.19918,45.24678],[11.19873,45.24679],[11.1984,45.24679],[11.19806,45.24678],[11.19667,45.24671],[11.19654,45.2467],[11.19406,45.24658],[11.19394,45.24657],[11.19366,45.24656],[11.19341,45.24655],[11.19317,45.24652],[11.19299,45.24649],[11.19286,45.24647],[11.19281,45.24646],[11.19198,45.24622],[11.191,45.24594],[11.19081,45.2459],[11.19049,45.24587],[11.18977,45.24586],[11.18933,45.24593],[11.18903,45.24601],[11.18854,45.24619],[11.18837,45.24625],[11.18821,45.2463],[11.1881,45.24632],[11.18795,45.24632],[11.18778,45.2463],[11.18773,45.24629],[11.18757,45.24625],[11.18745,45.2462],[11.18733,45.24614],[11.18708,45.24587],[11.18664,45.24543],[11.18594,45.24477],[11.18524,45.24408],[11.18519,45.24404],[11.18514,45.244],[11.1851,45.24397],[11.18513,45.24395],[11.18514,45.24393],[11.18514,45.2439],[11.18514,45.24387],[11.18512,45.24385],[11.18509,45.24383],[11.18506,45.24382],[11.18502,45.24381],[11.18505,45.24372],[11.18507,45.24361],[11.18509,45.24349],[11.18501,45.24293],[11.18501,45.24272],[11.18502,45.24264],[11.18505,45.24254],[11.18514,45.24236],[11.18519,45.24227],[11.18527,45.24215],[11.18534,45.24206],[11.18537,45.242],[11.18538,45.24195],[11.18536,45.24193],[11.18535,45.2419],[11.18529,45.24184],[11.18519,45.24176],[11.18506,45.2417],[11.18466,45.24165],[11.18426,45.24159],[11.18384,45.24157],[11.18353,45.24158],[11.18322,45.24161],[11.18232,45.24176],[11.18143,45.24192],[11.17313,45.24336],[11.17271,45.24341],[11.16904,45.24341],[11.16891,45.24341],[11.1689,45.24294],[11.1689,45.2415],[11.1689,45.24079],[11.1689,45.24],[11.16887,45.23925],[11.16883,45.23882],[11.16878,45.23834],[11.16876,45.23824],[11.16869,45.2377],[11.16863,45.23746],[11.16847,45.23721],[11.16822,45.23688],[11.16815,45.23678],[11.16777,45.23641],[11.16635,45.23518],[11.16627,45.23512],[11.16554,45.23457],[11.16546,45.23446],[11.16543,45.23437],[11.16544,45.23426],[11.16552,45.23413],[11.16556,45.23406],[11.16557,45.23398],[11.16555,45.2339],[11.16549,45.23384],[11.16541,45.23378],[11.16541,45.23364],[11.16545,45.23354],[11.16556,45.23337],[11.16569,45.23325],[11.1668,45.23229],[11.16757,45.23169],[11.16769,45.23161],[11.16809,45.23132],[11.1685,45.23099],[11.16879,45.23075],[11.16886,45.23069],[11.16918,45.23046],[11.17007,45.22986],[11.17029,45.2297],[11.17054,45.22949],[11.17098,45.22909],[11.17129,45.2288],[11.17145,45.22864],[11.17156,45.22844],[11.1719,45.22775],[11.17192,45.22772],[11.17211,45.22736],[11.17239,45.22701],[11.17263,45.22671],[11.17309,45.22614],[11.17365,45.22546],[11.17393,45.22513],[11.17428,45.22475],[11.17478,45.22421],[11.17571,45.2235],[11.17698,45.22283],[11.1776,45.22246],[11.17784,45.22216],[11.17812,45.22156],[11.17813,45.22148],[11.17812,45.22142],[11.17811,45.22137],[11.17809,45.22132],[11.17805,45.22127],[11.17803,45.22124],[11.17799,45.22119],[11.17791,45.22112],[11.17786,45.22109],[11.17781,45.22106],[11.17645,45.22009],[11.17634,45.22001],[11.17622,45.21992],[11.17589,45.21968],[11.17561,45.21946],[11.17558,45.21943],[11.175,45.21897],[11.17476,45.21881],[11.17453,45.21855],[11.17454,45.21854],[11.17454,45.21852],[11.17454,45.21851],[11.17453,45.21849],[11.17452,45.21848],[11.17453,45.21845],[11.17456,45.21833],[11.17468,45.21814],[11.17491,45.21747],[11.17495,45.21715],[11.17496,45.21681],[11.17499,45.21645],[11.17501,45.2161],[11.17503,45.21599],[11.17507,45.2159],[11.17519,45.21573],[11.17529,45.21558],[11.17534,45.2155],[11.17538,45.21532],[11.17542,45.21504],[11.17544,45.21489],[11.17546,45.21456],[11.17547,45.2144]]},"properties":{"town_name":"San Pietro di Morubio"}},{"type":"Feature","geometry":{"type":"LineString","coordinates":[[11.2478,45.27232],[11.2478,45.27232],[11.24782,45.27234],[11.24783,45.27235],[11.24783,45.27236],[11.24783,45.27238],[11.24782,45.2724],[11.2478,45.27241],[11.2477,45.2725],[11.24764,45.27254],[11.24758,45.27259],[11.24753,45.27262],[11.24746,45.27267],[11.24727,45.27282],[11.24717,45.27289],[11.2469,45.27307],[11.24665,45.27324],[11.24665,45.27324],[11.24656,45.27332],[11.24638,45.2735],[11.24634,45.27356],[11.24631,45.27364],[11.24629,45.2737],[11.24629,45.27375],[11.24629,45.27379],[11.24625,45.2738],[11.24617,45.27381],[11.24602,45.27383],[11.24589,45.27383],[11.24578,45.27383],[11.24568,45.27383],[11.2456,45.27382],[11.24551,45.2738],[11.24543,45.27378],[11.24517,45.2737],[11.24499,45.27365],[11.24473,45.27355],[11.24425,45.27336],[11.2441,45.27331],[11.244,45.27328],[11.24385,45.27324],[11.24368,45.27321],[11.24324,45.27314],[11.24295,45.2731],[11.24284,45.27308],[11.24266,45.27306],[11.24213,45.27297],[11.24167,45.2729],[11.24145,45.27287],[11.24132,45.27285],[11.24122,45.27285],[11.24113,45.27284],[11.24103,45.27285],[11.24075,45.27286],[11.24061,45.27287],[11.24051,45.27286],[11.24042,45.27286],[11.24032,45.27285],[11.24021,45.27284],[11.2401,45.27282],[11.23975,45.27274],[11.23942,45.27266],[11.23934,45.27264],[11.23926,45.27262],[11.23917,45.2726],[11.2391,45.27259],[11.23901,45.27258],[11.23891,45.27257],[11.23837,45.27255],[11.23777,45.27252],[11.23737,45.2725],[11.23593,45.27238],[11.23558,45.27236],[11.23545,45.27235],[11.23531,45.27233],[11.23518,45.27231],[11.23486,45.27225],[11.23466,45.27222],[11.2345,45.2722],[11.23433,45.27218],[11.2341,45.27217],[11.23366,45.27215],[11.23342,45.27213],[11.23329,45.27212],[11.23315,45.27211],[11.23298,45.27208],[11.23276,45.27205],[11.23241,45.27199],[11.23215,45.27195],[11.23189,45.27191],[11.23154,45.27188],[11.23098,45.27184],[11.23067,45.27182],[11.23042,45.27181],[11.23019,45.27181],[11.22929,45.27181],[11.22902,45.2718],[11.22877,45.2718],[11.22865,45.27179],[11.22859,45.27178],[11.22853,45.27177],[11.22849,45.27176],[11.22845,45.27175],[11.2284,45.27173],[11.22832,45.27169],[11.22829,45.27167],[11.22827,45.27165],[11.22825,45.27163],[11.22799,45.2717],[11.22789,45.27173],[11.227,45.27197],[11.22609,45.27221],[11.226,45.27224],[11.22572,45.27231],[11.22569,45.27232],[11.22559,45.27235],[11.225,45.27251],[11.2247,45.2726],[11.22451,45.27266],[11.22431,45.27274],[11.22416,45.27279],[11.22402,45.27286],[11.2238,45.27295],[11.22286,45.27339],[11.22206,45.27377],[11.22193,45.27384],[11.22168,45.27397],[11.22161,45.274],[11.22153,45.27404],[11.22091,45.27437],[11.22086,45.2744],[11.22038,45.27466],[11.2187,45.27564],[11.21699,45.27665],[11.21682,45.27675],[11.21669,45.27683],[11.21656,45.27692],[11.21648,45.27698],[11.21638,45.27706],[11.21473,45.2785],[11.21439,45.27879],[11.21421,45.27896],[11.21394,45.27924],[11.21379,45.27939],[11.21069,45.28317],[11.20817,45.28616],[11.20654,45.28819],[11.2063,45.28842],[11.20607,45.28865],[11.20579,45.28885],[11.20539,45.28914],[11.20486,45.28944],[11.20444,45.28966],[11.20338,45.29011],[11.20294,45.29025],[11.20273,45.2903],[11.20258,45.29032],[11.20236,45.29036],[11.20213,45.29041],[11.2018,45.29049],[11.20167,45.29052],[11.2011,45.2907],[11.20076,45.2908],[11.20037,45.29091],[11.20027,45.29094],[11.20011,45.29098],[11.19996,45.29103],[11.19986,45.29103],[11.19978,45.29102],[11.19967,45.291],[11.19965,45.291],[11.19952,45.29098],[11.19936,45.29093],[11.19918,45.29087],[11.19896,45.29076],[11.19869,45.29061],[11.19845,45.29047],[11.19843,45.29046],[11.19823,45.29035],[11.1981,45.29029],[11.19805,45.29025],[11.19795,45.29017],[11.19791,45.29016],[11.19759,45.28996],[11.19682,45.28956],[11.19676,45.28953],[11.19651,45.28941],[11.19604,45.28916],[11.19426,45.28831],[11.19397,45.28817],[11.19381,45.28809],[11.19361,45.28797],[11.19358,45.28789],[11.19355,45.28782],[11.19357,45.28778],[11.19357,45.28775],[11.19356,45.28771],[11.19354,45.28768],[11.1935,45.28765],[11.19347,45.28764],[11.1934,45.28763],[11.19327,45.28753],[11.19323,45.28746],[11.19194,45.28604],[11.19162,45.28567],[11.19115,45.28517],[11.19094,45.28498],[11.19074,45.28487],[11.19055,45.28479],[11.19026,45.28473],[11.18983,45.28464],[11.1893,45.28456],[11.18907,45.2845],[11.18891,45.28449],[11.18881,45.28451],[11.18873,45.28452],[11.18871,45.28455],[11.1887,45.2846],[11.18869,45.28464],[11.18871,45.2847],[11.18873,45.28475],[11.18741,45.28549],[11.18717,45.2856],[11.18684,45.28573],[11.18634,45.2859],[11.18611,45.28598],[11.18598,45.28603],[11.18578,45.28611],[11.18573,45.28611],[11.18569,45.28613],[11.18565,45.28616],[11.18563,45.28619],[11.18548,45.28626],[11.18537,45.28631],[11.18523,45.28633],[11.18498,45.28635],[11.18481,45.28637],[11.18462,45.28639],[11.18465,45.28653],[11.18468,45.28669],[11.1847,45.28678],[11.18472,45.28686],[11.18473,45.28692]]},"properties":{"town_name":"Roverchiara"}},{"type":"Feature","geometry":{"type":"LineString","coordinates":[[11.6303,45.29132],[11.63044,45.29151],[11.6306,45.29165],[11.63064,45.29169],[11.63108,45.29143],[11.63124,45.29133],[11.63141,45.29124],[11.63152,45.29118],[11.6316,45.29113],[11.63165,45.29108],[11.63172,45.29107],[11.63186,45.29103],[11.63221,45.29091],[11.63251,45.2908],[11.63271,45.29085],[11.6329,45.29088],[11.63293,45.29088],[11.63303,45.29089],[11.63309,45.29089],[11.63313,45.29089],[11.63323,45.29089],[11.63331,45.29089],[11.63351,45.29086],[11.63367,45.29084],[11.63373,45.29083],[11.63405,45.29078],[11.63498,45.29064],[11.63514,45.29061],[11.63523,45.29059],[11.63528,45.29057],[11.63533,45.29054],[11.63538,45.29052],[11.6356,45.29046],[11.63565,45.29046],[11.63569,45.29046],[11.63571,45.2904],[11.63567,45.2903],[11.63563,45.29016],[11.63562,45.29007],[11.63562,45.28999],[11.63564,45.28988],[11.63566,45.28983],[11.63572,45.28973],[11.63579,45.28965],[11.63591,45.28951],[11.63595,45.28947],[11.636,45.28942],[11.63607,45.28935],[11.63634,45.28915],[11.63658,45.28899],[11.63724,45.28855],[11.63742,45.28843],[11.63745,45.28841],[11.63812,45.288],[11.63835,45.28784],[11.63876,45.28755],[11.63901,45.28736],[11.63976,45.28674],[11.63995,45.28657],[11.64018,45.28638],[11.64031,45.28629],[11.64043,45.28621],[11.64077,45.286],[11.64123,45.28573],[11.64194,45.28532],[11.64257,45.28496],[11.64299,45.28473],[11.64333,45.28459],[11.64392,45.28435],[11.64492,45.28393],[11.64578,45.28356],[11.64605,45.28343],[11.64634,45.28326],[11.64661,45.28309],[11.6468,45.28295],[11.64689,45.28287],[11.64711,45.28274],[11.64717,45.28267],[11.64731,45.28246],[11.64737,45.28236],[11.64743,45.28223],[11.64752,45.28204],[11.64755,45.28195],[11.64758,45.28183],[11.64759,45.28173],[11.64759,45.28147],[11.64759,45.28124],[11.64756,45.28104],[11.64751,45.28061],[11.6475,45.28059],[11.64748,45.28041],[11.64738,45.27967],[11.64736,45.27953],[11.64729,45.27904],[11.64718,45.27825],[11.64714,45.27791],[11.64712,45.27754],[11.64712,45.27699],[11.64713,45.27689],[11.64715,45.27676],[11.64717,45.27665],[11.64721,45.2765],[11.64743,45.27586],[11.64757,45.27553],[11.64766,45.27536],[11.64774,45.27522],[11.64787,45.27502],[11.64809,45.27477],[11.6483,45.27457],[11.64842,45.27447],[11.64856,45.27436],[11.64868,45.27429],[11.64883,45.27422],[11.64917,45.27407],[11.64965,45.27386],[11.65025,45.27361],[11.65092,45.27332],[11.65132,45.27316],[11.65166,45.27303],[11.65177,45.27299],[11.65278,45.27266],[11.6534,45.27245],[11.6537,45.27234],[11.65384,45.27229],[11.65406,45.27223],[11.65417,45.27221],[11.65431,45.27218],[11.65451,45.27217],[11.65488,45.27219],[11.65536,45.27222],[11.65557,45.27224],[11.6557,45.27224],[11.65578,45.27227],[11.65587,45.27231],[11.65589,45.27233],[11.65592,45.27234],[11.65595,45.27235],[11.65598,45.27236],[11.65602,45.27236],[11.65611,45.27237],[11.65625,45.2724],[11.65631,45.27243],[11.65633,45.27244],[11.65643,45.2725],[11.65676,45.27265],[11.65702,45.27282],[11.65741,45.27306],[11.6575,45.27313],[11.65756,45.27318],[11.65789,45.27357],[11.65819,45.27395],[11.6585,45.27438],[11.65868,45.27459],[11.6587,45.27461],[11.65878,45.27469],[11.65883,45.27475],[11.65889,45.2748],[11.65901,45.2749],[11.65914,45.27501],[11.65929,45.2751],[11.65943,45.27517],[11.6596,45.27525],[11.65981,45.27535],[11.6601,45.27553],[11.66028,45.27568],[11.66044,45.27581],[11.66051,45.27588],[11.66078,45.27617],[11.66086,45.27625],[11.66092,45.27632],[11.66102,45.27637],[11.66153,45.27658],[11.66164,45.27664],[11.66174,45.27668],[11.66181,45.27672],[11.6619,45.27676],[11.66196,45.2768],[11.66198,45.27681],[11.66198,45.27682],[11.66208,45.27682],[11.66215,45.27682],[11.66219,45.27682],[11.66225,45.27682],[11.66234,45.27682],[11.66241,45.27681],[11.66246,45.2768],[11.6625,45.27679],[11.66259,45.27676],[11.66274,45.2768],[11.66289,45.27682],[11.66315,45.27683],[11.66343,45.27683],[11.6635,45.27683],[11.66385,45.27683],[11.66398,45.27682],[11.66406,45.27681],[11.66411,45.27679],[11.66422,45.27683],[11.66433,45.27684],[11.66451,45.27684],[11.66465,45.27683],[11.66495,45.27679],[11.66516,45.27676],[11.66521,45.27675]]},"properties":{"town_name":"Lozzo Atestino"}},{"type":"Feature","geometry":{"type":"LineString","coordinates":[[11.40208,45.28473],[11.40202,45.28475],[11.40197,45.28477],[11.40176,45.28483],[11.40165,45.28487],[11.40156,45.28489],[11.40149,45.28491],[11.40117,45.28503],[11.40097,45.2851],[11.40078,45.28518],[11.40069,45.28521],[11.40052,45.28529],[11.40033,45.28539],[11.40004,45.28556],[11.39942,45.28592],[11.39912,45.28608],[11.3989,45.2862],[11.39801,45.28665],[11.39693,45.28723],[11.39662,45.28741],[11.39647,45.28751],[11.39627,45.28765],[11.39616,45.28773],[11.39553,45.28821],[11.39541,45.28828],[11.39534,45.28834],[11.39529,45.28838],[11.3952,45.28842],[11.39508,45.28846],[11.39502,45.28852],[11.39499,45.28858],[11.39491,45.28865],[11.39491,45.28865],[11.39484,45.2887],[11.39474,45.28877],[11.39465,45.28882],[11.39456,45.28892],[11.39451,45.28901],[11.39445,45.28909],[11.39438,45.28916],[11.39434,45.28921],[11.39428,45.28926],[11.39365,45.28979],[11.39293,45.29042],[11.39209,45.29113],[11.39199,45.29121],[11.38895,45.29382],[11.38887,45.2939],[11.3888,45.294],[11.38875,45.2941],[11.38873,45.29419],[11.38873,45.2943],[11.38875,45.2944],[11.38879,45.29452],[11.38886,45.2947],[11.38898,45.29499],[11.38902,45.29514],[11.38902,45.29528],[11.38898,45.29541],[11.3889,45.29553],[11.3888,45.29561],[11.38868,45.29569],[11.38864,45.29571],[11.38836,45.29581],[11.38824,45.29585],[11.38804,45.29591],[11.38712,45.29617],[11.38621,45.29644],[11.3861,45.29647],[11.38598,45.29652],[11.38586,45.29657],[11.38572,45.29664],[11.38535,45.29688],[11.38513,45.29701],[11.38492,45.29711],[11.38471,45.2972],[11.38443,45.29729],[11.38413,45.29738],[11.38276,45.29775],[11.38263,45.29779],[11.38248,45.29783],[11.38231,45.29787],[11.38191,45.29799],[11.38144,45.29812],[11.38116,45.29821],[11.38081,45.29832],[11.38058,45.29841],[11.3811,45.2989],[11.37995,45.29935],[11.37869,45.29979],[11.37826,45.29991],[11.37821,45.29993],[11.37821,45.29994],[11.37844,45.30028],[11.3787,45.30066],[11.37962,45.30201],[11.37966,45.30212],[11.3797,45.3023],[11.37972,45.30245],[11.37978,45.30294],[11.37981,45.30318],[11.37979,45.30336],[11.37979,45.30347],[11.37974,45.30366],[11.37972,45.30372],[11.37965,45.30371],[11.37957,45.30372],[11.37951,45.30375],[11.37946,45.3038],[11.37944,45.30385],[11.37935,45.30385],[11.37911,45.30385],[11.37901,45.30385],[11.37813,45.30383],[11.37817,45.30362],[11.37846,45.30365]]},"properties":{"town_name":"Pressana"}},{"type":"Feature","geometry":{"type":"LineString","coordinates":[[11.44491,45.27383],[11.44489,45.27382],[11.44485,45.27378],[11.44484,45.27374],[11.44484,45.27374],[11.44485,45.27371],[11.44486,45.2737],[11.44489,45.27367],[11.44494,45.27364],[11.44496,45.27364],[11.44498,45.27364],[11.44512,45.27355],[11.44521,45.27351],[11.44527,45.27346],[11.44572,45.27316],[11.44604,45.27295],[11.44617,45.27284],[11.44629,45.27275],[11.44624,45.27272],[11.44617,45.27265],[11.44557,45.27208],[11.44556,45.27206],[11.44528,45.27178],[11.44527,45.27177],[11.44525,45.27176],[11.44509,45.27163],[11.44479,45.27144],[11.44447,45.27125],[11.44431,45.27115],[11.44386,45.27087],[11.44363,45.27072],[11.44349,45.2706],[11.44336,45.27049],[11.44317,45.27028],[11.44314,45.27018],[11.44309,45.27012],[11.44304,45.2701],[11.44299,45.27009],[11.4429,45.2701],[11.44275,45.27014],[11.44262,45.27018],[11.44262,45.27015],[11.44261,45.27012],[11.44255,45.27007],[11.44238,45.26985],[11.44236,45.26978],[11.44231,45.26973],[11.44229,45.26968],[11.44225,45.2696],[11.44217,45.26947],[11.44213,45.26938],[11.44215,45.26933],[11.44224,45.2693],[11.44192,45.26886],[11.44172,45.26858],[11.44164,45.26843],[11.44159,45.26835],[11.44156,45.26826],[11.44154,45.26812],[11.44153,45.26794],[11.44141,45.2673],[11.44154,45.26726],[11.44164,45.26723],[11.44172,45.2672],[11.4418,45.26717],[11.44194,45.26711],[11.44203,45.26705],[11.44218,45.26695],[11.44231,45.26686],[11.4424,45.26677],[11.44247,45.26669],[11.4425,45.26662],[11.44253,45.26655],[11.44253,45.26647],[11.4425,45.26614],[11.44251,45.26594],[11.44251,45.26583],[11.44252,45.26576],[11.44254,45.26569],[11.44256,45.26562],[11.44259,45.26559],[11.44265,45.26552],[11.44276,45.26545],[11.44302,45.26525],[11.44309,45.26519],[11.44335,45.26493],[11.44351,45.26478],[11.44358,45.26471],[11.44365,45.26467],[11.4437,45.26463],[11.44395,45.2645],[11.44452,45.26426],[11.44469,45.26419],[11.44484,45.26414],[11.44501,45.26409],[11.44515,45.26405],[11.44567,45.26389],[11.44594,45.2638],[11.44611,45.26372],[11.44626,45.26365],[11.44633,45.26361],[11.44642,45.26355],[11.44689,45.26326],[11.44716,45.2631],[11.44755,45.26285],[11.44799,45.26257],[11.44836,45.26232],[11.44857,45.26219],[11.44867,45.26213],[11.44883,45.26205],[11.44909,45.26193],[11.44924,45.26187],[11.44943,45.2618],[11.44958,45.26175],[11.44977,45.2617],[11.45004,45.26165],[11.45029,45.26159],[11.45042,45.26156],[11.45053,45.26152],[11.45062,45.26147],[11.45067,45.26144],[11.45075,45.26138],[11.45081,45.26132],[11.45091,45.26122],[11.45105,45.26108],[11.45122,45.26092],[11.45125,45.26089],[11.45132,45.26087],[11.45137,45.26085],[11.45144,45.26083],[11.45246,45.26075],[11.45394,45.2606],[11.45454,45.26055],[11.45468,45.26055],[11.45488,45.26056],[11.456,45.26069],[11.45651,45.26075],[11.4567,45.26076],[11.45684,45.26076],[11.45699,45.26076],[11.45731,45.26072],[11.45753,45.2607],[11.45769,45.26069],[11.45788,45.2607],[11.45809,45.26072],[11.45843,45.26076],[11.45881,45.26082],[11.45894,45.26085],[11.45915,45.26087],[11.46061,45.26098],[11.46128,45.26105],[11.46172,45.26109],[11.46197,45.26111],[11.46217,45.26111],[11.46231,45.26111],[11.46242,45.2611],[11.46258,45.26105],[11.46298,45.26092],[11.46304,45.26089],[11.46318,45.26083],[11.46333,45.26075],[11.46337,45.2607],[11.46338,45.26066],[11.46336,45.26062],[11.46233,45.25953],[11.46224,45.25943],[11.46221,45.25938],[11.46218,45.25932],[11.46217,45.25924],[11.46217,45.25916],[11.46218,45.25911],[11.46233,45.25882],[11.46238,45.25873],[11.46241,45.25864],[11.46243,45.25858],[11.46244,45.2585],[11.46244,45.25844],[11.46241,45.25831],[11.46212,45.25734],[11.4621,45.25727],[11.46208,45.25717],[11.46208,45.25709],[11.46208,45.25701],[11.4621,45.25694],[11.46212,45.25688],[11.46216,45.25681],[11.46221,45.25671],[11.46244,45.25634],[11.46275,45.25583],[11.46282,45.25575],[11.46288,45.25568],[11.46293,45.25563],[11.46299,45.25559],[11.46304,45.25556],[11.46312,45.25551],[11.4634,45.25538],[11.46414,45.25501],[11.46435,45.25489],[11.46443,45.25483],[11.46452,45.25475],[11.4646,45.25468],[11.46508,45.25415],[11.46543,45.25374],[11.46577,45.25337],[11.46588,45.25326],[11.46599,45.25319],[11.46612,45.25312],[11.46628,45.25307],[11.46825,45.25254],[11.46874,45.25239],[11.47008,45.25197],[11.4714,45.25157],[11.47171,45.25147],[11.47198,45.25137],[11.47225,45.25127],[11.47245,45.25118],[11.47272,45.25106],[11.47287,45.25097],[11.47297,45.25089],[11.47293,45.25087],[11.4729,45.25085],[11.47285,45.2508],[11.47282,45.25075],[11.47278,45.25069],[11.47251,45.25022],[11.47231,45.24986],[11.47215,45.24961],[11.47205,45.24947],[11.47194,45.24935],[11.47026,45.2476],[11.4693,45.24659],[11.46899,45.24627],[11.46703,45.2442],[11.46622,45.24333],[11.46552,45.24259],[11.46551,45.24257],[11.46445,45.24143],[11.46403,45.24102],[11.46394,45.24092],[11.46341,45.2404],[11.46299,45.23997],[11.46295,45.23993],[11.46293,45.23991],[11.46291,45.23984],[11.4629,45.23981],[11.4629,45.23977],[11.46294,45.23939],[11.46303,45.23845],[11.46304,45.23836],[11.46346,45.23831],[11.46344,45.23824],[11.46364,45.23821],[11.46364,45.23819],[11.46357,45.23791],[11.46385,45.23788],[11.46386,45.23792],[11.46391,45.23791]]},"properties":{"town_name":"Roveredo di Guà"}},{"type":"Feature","geometry":{"type":"LineString","coordinates":[[11.32228,45.32499],[11.32233,45.32496],[11.32229,45.32491],[11.32232,45.3249],[11.32233,45.32489],[11.32235,45.32487],[11.32235,45.32487],[11.32181,45.32434],[11.32173,45.32427],[11.32096,45.32353],[11.32083,45.32341],[11.32077,45.32334],[11.32073,45.3233],[11.32067,45.32325],[11.32061,45.3232],[11.32057,45.32315],[11.32056,45.32314],[11.32055,45.32311],[11.32054,45.3231],[11.32052,45.32308],[11.3205,45.32306],[11.32047,45.32305],[11.32045,45.32305],[11.32044,45.32304],[11.32038,45.32299],[11.32036,45.32297],[11.32034,45.32295],[11.32032,45.32294],[11.32025,45.32285],[11.32016,45.32276],[11.32009,45.32268],[11.32003,45.32261],[11.31993,45.3225],[11.31981,45.32239],[11.31954,45.32212],[11.31687,45.31954],[11.3165,45.31919],[11.31613,45.31883],[11.31597,45.31868],[11.31443,45.3172],[11.31252,45.31536],[11.31246,45.31531],[11.31241,45.31527],[11.31236,45.31523],[11.31222,45.31516],[11.31215,45.31513],[11.31207,45.3151],[11.31201,45.31508],[11.31197,45.31507],[11.31191,45.31506],[11.31184,45.31504],[11.31177,45.31503],[11.31168,45.31502],[11.31157,45.31502],[11.31148,45.31502],[11.31138,45.31503],[11.31128,45.31505],[11.31116,45.31508],[11.31104,45.31511],[11.31063,45.31523],[11.30962,45.31553],[11.30944,45.31559],[11.30922,45.31566],[11.30908,45.31572],[11.30895,45.31577],[11.30852,45.31594],[11.30629,45.31681],[11.30391,45.31774],[11.30325,45.318],[11.30198,45.3185],[11.3018,45.31857],[11.30158,45.31865],[11.30126,45.31876],[11.29961,45.3193],[11.29934,45.31939],[11.29906,45.31948],[11.29887,45.31955],[11.29873,45.3196],[11.29857,45.31967],[11.2984,45.31974],[11.29825,45.31981],[11.29804,45.31991],[11.29746,45.32019],[11.29733,45.32024],[11.29722,45.32028],[11.29713,45.32031],[11.29702,45.32034],[11.29689,45.32037],[11.29677,45.32039],[11.29666,45.32041],[11.29655,45.32042],[11.29639,45.32042],[11.29625,45.32043],[11.29526,45.32046],[11.29509,45.32046],[11.29497,45.32046],[11.29485,45.32045],[11.29468,45.32043],[11.29446,45.3204],[11.29404,45.32034],[11.29387,45.32031],[11.29371,45.3203],[11.29358,45.32029],[11.29348,45.32029],[11.29339,45.3203],[11.29329,45.32031],[11.29319,45.32032],[11.29306,45.32034],[11.29095,45.32078],[11.29081,45.32081],[11.29058,45.32087],[11.29018,45.32097],[11.29,45.32101],[11.28986,45.32104],[11.28968,45.32106],[11.28948,45.32108],[11.2893,45.32109],[11.28909,45.3211],[11.2887,45.32109],[11.28788,45.32108],[11.28778,45.32108],[11.28774,45.32108],[11.28773,45.32108],[11.2876,45.32108],[11.28744,45.32108],[11.28727,45.3211],[11.28713,45.32111],[11.28702,45.32112],[11.28701,45.32112],[11.28692,45.32114],[11.28679,45.32116],[11.28586,45.32133],[11.28545,45.32141],[11.28512,45.32147],[11.28502,45.32149],[11.28483,45.32152],[11.28461,45.32155],[11.28438,45.32158],[11.28275,45.32173],[11.28264,45.32173],[11.28255,45.32174],[11.28244,45.32174],[11.28234,45.32174],[11.28224,45.32173],[11.28214,45.32172],[11.28208,45.32172],[11.28202,45.32172],[11.28197,45.32172],[11.28192,45.32173],[11.28188,45.32175],[11.28187,45.32175],[11.28185,45.32176],[11.28181,45.32178],[11.28176,45.32182],[11.28176,45.32183],[11.28173,45.32186],[11.28171,45.32188],[11.28167,45.3219],[11.28164,45.32192],[11.2816,45.32194],[11.28156,45.32195],[11.28152,45.32196],[11.28144,45.32199],[11.28138,45.32203],[11.28133,45.32207],[11.28127,45.32212],[11.28122,45.32217],[11.28119,45.3222],[11.28115,45.32228],[11.28112,45.32236],[11.28111,45.32241],[11.2811,45.32245],[11.28111,45.3225],[11.28112,45.32256],[11.28114,45.32263],[11.28115,45.32266],[11.28165,45.32413],[11.28172,45.32431],[11.28189,45.32482],[11.28205,45.32526],[11.28216,45.32561],[11.28223,45.3258],[11.28249,45.32657],[11.28257,45.32656],[11.28262,45.32655],[11.28284,45.3265],[11.28293,45.32648],[11.28307,45.32645],[11.28328,45.32641]]},"properties":{"town_name":"Veronella"}},{"type":"Feature","geometry":{"type":"LineString","coordinates":[[10.88364,45.29193],[10.88351,45.2917],[10.88393,45.29157],[10.88396,45.29156],[10.88461,45.29137],[10.88523,45.29118],[10.88632,45.29084],[10.88658,45.29077],[10.88692,45.29066],[10.88706,45.29065],[10.88714,45.29067],[10.88718,45.29071],[10.88722,45.29077],[10.88731,45.29091],[10.88737,45.29095],[10.88742,45.29096],[10.88742,45.29098],[10.88744,45.29107],[10.88752,45.29122],[10.88761,45.29137],[10.88777,45.29163],[10.88791,45.29187],[10.88803,45.29205],[10.8881,45.29216],[10.88821,45.29225],[10.88829,45.29229],[10.8885,45.29236],[10.88873,45.29239],[10.88891,45.29238],[10.88915,45.29233],[10.89056,45.29186],[10.89075,45.29178],[10.89138,45.29144],[10.89146,45.29139],[10.89153,45.29136],[10.89147,45.29129],[10.89035,45.29049],[10.89026,45.29038],[10.89039,45.29031],[10.8917,45.2901],[10.89348,45.28977],[10.8945,45.28961],[10.89567,45.28949],[10.89728,45.28934],[10.89854,45.28924],[10.89923,45.28914],[10.89986,45.28905],[10.90042,45.28891],[10.90133,45.28855],[10.90206,45.28817],[10.90301,45.28765],[10.90372,45.28738],[10.90419,45.28724],[10.9047,45.28721],[10.90513,45.28722],[10.90551,45.28717],[10.90651,45.28696],[10.90701,45.28683],[10.90742,45.28666],[10.90798,45.28644],[10.9086,45.28632],[10.90958,45.28623],[10.91007,45.28618],[10.91045,45.2861],[10.91089,45.28594],[10.91129,45.28572],[10.9118,45.2854],[10.91206,45.28523],[10.9131,45.28477],[10.914,45.28436],[10.91543,45.28372],[10.91682,45.28317],[10.91701,45.283],[10.9177,45.2827],[10.91849,45.28254],[10.91939,45.28245],[10.91998,45.28235],[10.92052,45.28224],[10.92099,45.28208],[10.92152,45.2818],[10.92171,45.28167],[10.92193,45.28119],[10.92208,45.28085],[10.92223,45.28068],[10.92259,45.28053],[10.92307,45.28022],[10.92397,45.27954],[10.92489,45.27877],[10.92544,45.27829],[10.92621,45.27735],[10.92639,45.27707],[10.92658,45.27652],[10.92665,45.27628],[10.92663,45.27609],[10.92646,45.27581],[10.92637,45.27568],[10.92636,45.27552],[10.92646,45.2754],[10.92667,45.27521],[10.92692,45.27494],[10.92708,45.27476],[10.92719,45.27462],[10.92738,45.27449],[10.92807,45.27417],[10.92876,45.27385],[10.92941,45.27363],[10.92991,45.27346],[10.93001,45.27341],[10.93006,45.27334],[10.93029,45.27333],[10.93047,45.27325],[10.93117,45.27285],[10.93163,45.27251],[10.9326,45.27163],[10.93267,45.27161],[10.93272,45.27161],[10.93277,45.27161],[10.93289,45.27161],[10.93289,45.27155],[10.93291,45.27149],[10.93306,45.27125],[10.93326,45.27064],[10.93349,45.27002],[10.93364,45.2697],[10.93463,45.26986],[10.93468,45.26987],[10.93472,45.26986],[10.93474,45.26985],[10.93475,45.26982],[10.93483,45.26962]]},"properties":{"town_name":"Nogarole Rocca"}},{"type":"Feature","geometry":{"type":"LineString","coordinates":[[11.71654,45.27002],[11.71653,45.27002],[11.71644,45.26998],[11.71656,45.26996],[11.71668,45.26995],[11.71678,45.26995],[11.71684,45.26995],[11.71689,45.26995],[11.71699,45.26997],[11.71708,45.26997],[11.71712,45.26997],[11.71717,45.26996],[11.71721,45.26994],[11.71729,45.26989],[11.71742,45.26979],[11.71752,45.26971],[11.71759,45.26965],[11.71771,45.2695],[11.71777,45.26945],[11.71783,45.26939],[11.71796,45.26926],[11.71801,45.26922],[11.71804,45.2692],[11.71813,45.26918],[11.71817,45.26917],[11.71824,45.26915],[11.71832,45.26914],[11.71835,45.26913],[11.71845,45.26913],[11.71887,45.26914],[11.71886,45.269],[11.71888,45.269],[11.71895,45.26899],[11.71899,45.26898],[11.71894,45.26891],[11.71893,45.26886],[11.71893,45.26883],[11.71893,45.2688],[11.71894,45.26876],[11.71895,45.26873],[11.71898,45.2687],[11.71903,45.26865],[11.7191,45.2686],[11.71914,45.26857],[11.71918,45.26855],[11.71919,45.26854],[11.71925,45.26852],[11.71933,45.26849],[11.71945,45.26846],[11.71958,45.26843],[11.71984,45.2684],[11.72009,45.26836],[11.72014,45.26835],[11.72019,45.26833],[11.72026,45.2683],[11.72041,45.26822],[11.72075,45.26799],[11.72084,45.26792],[11.72106,45.26776],[11.72113,45.26769],[11.72117,45.26763],[11.72119,45.26755],[11.72119,45.26749],[11.72118,45.26743],[11.72115,45.26735],[11.72112,45.26729],[11.72106,45.26723],[11.72101,45.26719],[11.72095,45.26714],[11.72082,45.26705],[11.72005,45.26651],[11.71999,45.26647],[11.71994,45.26643],[11.7199,45.26638],[11.71986,45.26634],[11.71983,45.26631],[11.71981,45.26628],[11.71977,45.26619],[11.71976,45.26611],[11.71976,45.26602],[11.71978,45.26592],[11.71981,45.26583],[11.71988,45.26565],[11.72,45.26534],[11.72004,45.26522],[11.72008,45.26504],[11.72011,45.2648],[11.72016,45.26432],[11.72018,45.26418],[11.72022,45.26405],[11.72026,45.26394],[11.72031,45.26386],[11.72037,45.26379],[11.72073,45.26336],[11.7208,45.26325],[11.72084,45.26316],[11.72088,45.26306],[11.7209,45.26295],[11.72092,45.26281],[11.72096,45.26244],[11.72137,45.26246],[11.72181,45.26253],[11.72233,45.26261],[11.72258,45.26264],[11.72285,45.26261],[11.72433,45.26234],[11.72672,45.26192],[11.72726,45.26181],[11.72819,45.26165],[11.72825,45.26164],[11.7283,45.26162],[11.72831,45.26157],[11.72831,45.26153],[11.72835,45.26149],[11.7284,45.26147],[11.72847,45.26145],[11.72853,45.26143],[11.7286,45.26142],[11.72865,45.26135],[11.72872,45.2613],[11.72874,45.26111],[11.72876,45.26084],[11.72875,45.2607],[11.72871,45.26058],[11.72866,45.26049],[11.72858,45.26038],[11.72843,45.26021],[11.72838,45.26014],[11.72832,45.26006],[11.72812,45.25971],[11.72795,45.25943],[11.72778,45.25919],[11.72769,45.25909],[11.72748,45.25893],[11.72732,45.25881],[11.7272,45.25869],[11.72704,45.25851],[11.72697,45.2584],[11.72689,45.25826],[11.72684,45.25806],[11.72682,45.25787],[11.72679,45.25767],[11.72669,45.25751],[11.7265,45.25731],[11.72633,45.25709],[11.72629,45.25697],[11.72626,45.25689],[11.72622,45.25666],[11.72619,45.25658],[11.72616,45.25653],[11.72613,45.25648],[11.72606,45.25639],[11.72593,45.25627],[11.72566,45.25605],[11.72541,45.25585],[11.72522,45.25568],[11.72506,45.2555],[11.725,45.25538],[11.72492,45.25521],[11.72489,45.25513],[11.72488,45.25506],[11.7249,45.25501],[11.72492,45.25497],[11.72498,45.25493],[11.72527,45.25481],[11.72542,45.25476],[11.72552,45.25471],[11.72566,45.25461],[11.72584,45.25444],[11.72596,45.25429],[11.72614,45.25405],[11.72623,45.25391],[11.72628,45.2538],[11.72631,45.25367],[11.72634,45.25348],[11.72637,45.25331],[11.7264,45.25319],[11.72646,45.25307],[11.72651,45.25299],[11.72668,45.25279],[11.72701,45.2525],[11.72712,45.25244],[11.72728,45.25239],[11.72746,45.25237],[11.72759,45.25233],[11.72766,45.25229],[11.72776,45.25221],[11.72787,45.25209],[11.72793,45.25201],[11.72797,45.25176],[11.72799,45.25154],[11.72803,45.25146],[11.72812,45.25137],[11.7283,45.25123],[11.72884,45.25078],[11.72918,45.25053],[11.7292,45.25052],[11.72949,45.25031],[11.72964,45.25019],[11.72975,45.25007],[11.7299,45.2499],[11.73008,45.24975],[11.73026,45.24962],[11.7304,45.24953],[11.7305,45.24947],[11.73082,45.24933],[11.73116,45.24918],[11.73138,45.2491],[11.73174,45.24898],[11.73215,45.24885],[11.73258,45.24875],[11.73287,45.24867],[11.73308,45.2486],[11.73319,45.24855],[11.73334,45.24849],[11.73358,45.24836],[11.7338,45.24822],[11.73398,45.24811],[11.73425,45.24795],[11.73449,45.24781],[11.73483,45.24762],[11.73497,45.24757],[11.73515,45.24751],[11.73538,45.24747],[11.73572,45.2474],[11.73592,45.24734],[11.73607,45.24729],[11.73614,45.24726],[11.73637,45.24713],[11.73647,45.24706],[11.73659,45.24698],[11.73681,45.2468],[11.73693,45.24671],[11.73704,45.24663],[11.73731,45.24648],[11.7375,45.24637],[11.73757,45.24634],[11.73801,45.24616],[11.73829,45.24601],[11.7385,45.24589],[11.73882,45.24575],[11.73923,45.24559],[11.73952,45.24546],[11.73964,45.2454],[11.73988,45.24529],[11.73994,45.24526],[11.74029,45.24516],[11.7406,45.24506],[11.74055,45.24497],[11.74037,45.24457],[11.74033,45.24447],[11.74028,45.24436],[11.74027,45.24434],[11.74024,45.24429],[11.74293,45.2435],[11.74305,45.24346],[11.74336,45.24337],[11.74437,45.24307],[11.7445,45.24303],[11.74465,45.243],[11.74476,45.243],[11.74484,45.24301],[11.74486,45.24303],[11.74489,45.24305],[11.74492,45.24306],[11.74498,45.24311],[11.74499,45.24312]]},"properties":{"town_name":"Arquà Petrarca"}},{"type":"Feature","geometry":{"type":"LineString","coordinates":[[11.95618,45.30932],[11.95669,45.30988],[11.95673,45.30986],[11.95675,45.30989],[11.95683,45.30997],[11.95696,45.31003],[11.95706,45.31006],[11.95709,45.31006],[11.95711,45.31007],[11.95719,45.31005],[11.95731,45.31003],[11.95742,45.30997],[11.95767,45.30986],[11.95769,45.30985],[11.9578,45.30982],[11.95793,45.30978],[11.95835,45.30967],[11.95845,45.30961],[11.95851,45.30958],[11.95852,45.30954],[11.95855,45.30951],[11.9586,45.30949],[11.95866,45.30948],[11.95872,45.30949],[11.95891,45.30947],[11.95908,45.30946],[11.95928,45.30941],[11.95985,45.30925],[11.96025,45.30912],[11.96047,45.30899],[11.96062,45.30883],[11.96067,45.30871],[11.96069,45.30858],[11.96068,45.30845],[11.96062,45.30821],[11.96046,45.3076],[11.96035,45.30714],[11.96029,45.30692],[11.96009,45.30612],[11.96006,45.30599],[11.95999,45.30568],[11.95997,45.30538],[11.95999,45.30511],[11.96004,45.3049],[11.96024,45.30426],[11.96033,45.30398],[11.96053,45.30333],[11.96054,45.30329],[11.96062,45.30303],[11.96072,45.30279],[11.96082,45.30263],[11.96091,45.30254],[11.96107,45.30241],[11.96136,45.30221],[11.96165,45.30207],[11.96203,45.30198],[11.96216,45.30196],[11.96239,45.30194],[11.96263,45.30195],[11.96347,45.302],[11.96469,45.30206],[11.96488,45.30207],[11.96507,45.30207],[11.9652,45.30206],[11.96533,45.30205],[11.96566,45.30202],[11.9658,45.302],[11.96585,45.30199],[11.96634,45.30192],[11.96779,45.30168],[11.9685,45.30158],[11.97171,45.30113],[11.97249,45.30102],[11.97284,45.30096],[11.97341,45.30085],[11.97414,45.30069],[11.97557,45.30036],[11.97587,45.30031],[11.97634,45.30025],[11.97691,45.30022],[11.97737,45.30019],[11.97786,45.30017],[11.97817,45.30015],[11.97922,45.30009],[11.9809,45.29999],[11.9822,45.29991],[11.98263,45.29989],[11.98287,45.2999],[11.98329,45.29994],[11.98504,45.30011],[11.98524,45.30013],[11.98525,45.30013],[11.98541,45.30013],[11.98568,45.30012],[11.98585,45.3001],[11.98605,45.30007],[11.98624,45.30001],[11.98641,45.29996],[11.98646,45.29994],[11.98672,45.29986],[11.98723,45.29968],[11.98795,45.29944],[11.98861,45.29922],[11.98883,45.29915],[11.98897,45.2991],[11.98907,45.29908],[11.98919,45.29905],[11.98931,45.29902],[11.98952,45.29898],[11.98969,45.29896],[11.98988,45.29894],[11.99002,45.29894],[11.9901,45.29894],[11.99026,45.29895],[11.9904,45.29896],[11.99063,45.29899],[11.99102,45.29906],[11.9912,45.29909],[11.99158,45.29915],[11.99171,45.29917],[11.99179,45.29919],[11.99187,45.2992],[11.99185,45.29924],[11.99193,45.29927],[11.992,45.29932],[11.99206,45.29937],[11.99209,45.29943],[11.99208,45.29949],[11.99206,45.29965],[11.99204,45.29992],[11.9919,45.29992],[11.9919,45.29994]]},"properties":{"town_name":"Polverara"}},{"type":"Feature","geometry":{"type":"LineString","coordinates":[[11.58427,45.32547],[11.58427,45.32547],[11.58409,45.32554],[11.58404,45.32549],[11.5836,45.325],[11.58356,45.32496],[11.58315,45.32449],[11.58297,45.3243],[11.58292,45.32426],[11.58285,45.32424],[11.58276,45.32421],[11.58271,45.3242],[11.58266,45.3242],[11.58257,45.32422],[11.57974,45.32551],[11.5743,45.32797],[11.57421,45.32801],[11.57399,45.32811],[11.57375,45.32822],[11.57052,45.32966],[11.56935,45.33019],[11.56866,45.33048],[11.56862,45.33051],[11.56857,45.33053],[11.5685,45.33055],[11.56842,45.33056],[11.56834,45.33055],[11.56827,45.33053],[11.56821,45.3305],[11.56817,45.33046],[11.56814,45.33043],[11.56813,45.33054],[11.56811,45.33059],[11.56809,45.33063],[11.56806,45.33065],[11.56802,45.33068],[11.56797,45.3307],[11.56788,45.33072],[11.56762,45.33074],[11.56746,45.33074],[11.56415,45.3308],[11.56203,45.33084],[11.56013,45.33099],[11.55998,45.33101],[11.55911,45.33107],[11.55766,45.33118],[11.55758,45.33121],[11.55751,45.33124],[11.5574,45.33131],[11.55734,45.33134],[11.55728,45.33137],[11.55721,45.33139],[11.55714,45.33141],[11.55704,45.33143],[11.55688,45.3314],[11.55669,45.33139],[11.55649,45.3314],[11.55609,45.33147],[11.5552,45.33163],[11.5532,45.33205],[11.55191,45.33233],[11.5499,45.33275],[11.54932,45.33287],[11.54925,45.33288],[11.54869,45.333],[11.54855,45.33303],[11.54842,45.33306],[11.54822,45.3331],[11.54777,45.33321],[11.54713,45.33341],[11.54704,45.33344],[11.54632,45.33365],[11.54624,45.33367],[11.54614,45.3337],[11.54594,45.33376],[11.54574,45.33381],[11.54556,45.33387],[11.54539,45.33391],[11.54512,45.33401],[11.54471,45.33428],[11.544,45.33474],[11.54395,45.33477],[11.54392,45.33478],[11.54353,45.33497],[11.54312,45.33509],[11.54272,45.33521],[11.54259,45.33525],[11.54152,45.33558],[11.54143,45.33561],[11.5414,45.33554],[11.54132,45.33556],[11.54106,45.33564],[11.54099,45.33565],[11.54049,45.33575],[11.5399,45.33587],[11.53952,45.33594]]},"properties":{"town_name":"Agugliaro"}},{"type":"Feature","geometry":{"type":"LineString","coordinates":[[11.44626,45.30449],[11.44643,45.30445],[11.44676,45.30437],[11.44686,45.30436],[11.44718,45.30428],[11.44743,45.30419],[11.44752,45.30417],[11.44765,45.30418],[11.44769,45.30419],[11.44781,45.30429],[11.44859,45.30487],[11.4488,45.30502],[11.44979,45.30575],[11.45009,45.30596],[11.4505,45.30626],[11.45072,45.30642],[11.45087,45.30653],[11.45117,45.30675],[11.45138,45.30691],[11.45149,45.30699],[11.4516,45.30707],[11.4521,45.30744],[11.45221,45.30755],[11.45229,45.30766],[11.45461,45.31207],[11.45468,45.31211],[11.45475,45.31214],[11.45479,45.31215],[11.45484,45.31217],[11.4549,45.31217],[11.45501,45.31217],[11.4593,45.31117],[11.46106,45.31076],[11.46241,45.31045],[11.46306,45.3103],[11.46315,45.31029],[11.46324,45.31028],[11.46335,45.31028],[11.4635,45.31028],[11.46368,45.3103],[11.46379,45.31031],[11.46459,45.31044],[11.46471,45.31045],[11.46476,45.31046],[11.46483,45.31046],[11.46495,45.31046],[11.46496,45.31049],[11.46499,45.3105],[11.46503,45.31052],[11.46509,45.31054],[11.46517,45.31055],[11.46755,45.31083],[11.46787,45.31088],[11.46807,45.31092],[11.4684,45.31096],[11.46868,45.31098],[11.46917,45.31101],[11.46946,45.31103],[11.4697,45.31108],[11.4701,45.31118],[11.47038,45.31125],[11.47109,45.31144],[11.47144,45.31153],[11.47165,45.31159],[11.47178,45.31162],[11.47233,45.31172],[11.47277,45.31179],[11.4729,45.31181],[11.47374,45.31192],[11.47394,45.31194],[11.47415,45.31197],[11.47429,45.31198],[11.47453,45.31203],[11.4749,45.31212],[11.47522,45.31222],[11.47555,45.31232],[11.47571,45.31236],[11.47594,45.31239],[11.47616,45.3124],[11.47626,45.3124],[11.47655,45.31239],[11.47742,45.31236],[11.47767,45.31236],[11.47791,45.31238],[11.47838,45.31243],[11.47858,45.31245],[11.47878,45.31247],[11.4791,45.31252],[11.47932,45.31256],[11.47999,45.31268],[11.48024,45.31272],[11.48054,45.31276],[11.48159,45.31288],[11.48216,45.31295],[11.4825,45.31299],[11.48261,45.31301],[11.48267,45.31302],[11.48273,45.31305],[11.48278,45.31308],[11.48282,45.31311],[11.48291,45.3132],[11.48301,45.31329],[11.48313,45.31336],[11.48326,45.31339],[11.48389,45.31352],[11.48547,45.31385],[11.48565,45.3139],[11.4858,45.31395],[11.48602,45.31405],[11.48622,45.31418],[11.48629,45.31423],[11.48714,45.31491],[11.48738,45.31512],[11.48752,45.31523],[11.48763,45.31533],[11.48838,45.31585],[11.48871,45.31604],[11.48974,45.31659],[11.49003,45.31675],[11.49026,45.31689],[11.49035,45.31696],[11.49044,45.31703],[11.49053,45.31712],[11.49063,45.31723],[11.49116,45.31787],[11.49122,45.31794],[11.49126,45.31799],[11.49131,45.31804],[11.49147,45.31822],[11.49162,45.31836],[11.49183,45.31853],[11.49243,45.31904],[11.49299,45.31953],[11.49338,45.31939],[11.49365,45.3193],[11.49399,45.31918],[11.49409,45.31916],[11.49424,45.31912],[11.49434,45.31909],[11.49458,45.31904],[11.49523,45.31891],[11.49535,45.31888],[11.49543,45.31886],[11.49563,45.31882],[11.4957,45.31881],[11.49584,45.31878],[11.49609,45.31873],[11.49641,45.31868],[11.49661,45.31862]]},"properties":{"town_name":"Asigliano Veneto"}},{"type":"Feature","geometry":{"type":"LineString","coordinates":[[11.46598,45.35097],[11.46607,45.35093],[11.46614,45.35091],[11.46617,45.35097],[11.46642,45.35151],[11.46649,45.35165],[11.46661,45.35192],[11.46671,45.35205],[11.46681,45.35216],[11.46697,45.35228],[11.46713,45.35239],[11.46727,45.35248],[11.46743,45.35255],[11.46759,45.35261],[11.46796,45.35274],[11.46827,45.35282],[11.46845,45.35285],[11.46853,45.35287],[11.46883,45.35289],[11.469,45.3529],[11.46904,45.3529],[11.46926,45.35289],[11.46947,45.35287],[11.46969,45.35285],[11.46998,45.35282],[11.47021,45.35279],[11.47041,45.35275],[11.47069,45.35269],[11.4709,45.35263],[11.47163,45.35236],[11.47194,45.35224],[11.47224,45.35213],[11.47251,45.35203],[11.47289,45.3519],[11.47365,45.35167],[11.47411,45.35154],[11.47485,45.35132],[11.47506,45.35125],[11.47532,45.3512],[11.47556,45.35117],[11.47585,45.35114],[11.47627,45.35114],[11.47641,45.35115],[11.4768,45.35117],[11.47699,45.35117],[11.47718,45.35115],[11.47736,45.35113],[11.47756,45.35109],[11.4777,45.35106],[11.47787,45.351],[11.47822,45.35088],[11.47898,45.35064],[11.47942,45.35051],[11.48,45.35035],[11.48034,45.35027],[11.48078,45.35017],[11.4831,45.34975],[11.48539,45.34936],[11.48718,45.34906],[11.48753,45.34902],[11.48782,45.34902],[11.48806,45.34904],[11.48845,45.34909],[11.48902,45.34919],[11.48934,45.34924],[11.48984,45.34933],[11.49031,45.34945],[11.491,45.34975],[11.49203,45.35025],[11.49311,45.35075],[11.49543,45.35183],[11.49611,45.35212],[11.49672,45.35235],[11.49737,45.35257],[11.4981,45.35279],[11.49848,45.35286],[11.49894,45.35291],[11.49952,45.35293],[11.49932,45.35351],[11.50149,45.35392],[11.50193,45.354]]},"properties":{"town_name":"Orgiano"}},{"type":"Feature","geometry":{"type":"LineString","coordinates":[[11.33956,45.36371],[11.33939,45.36343],[11.34036,45.36308],[11.34117,45.3628],[11.34167,45.36262],[11.34258,45.3623],[11.3447,45.3615],[11.34502,45.36138],[11.34522,45.36132],[11.34556,45.36123],[11.34596,45.36116],[11.34672,45.36105],[11.34776,45.36089],[11.34888,45.36074],[11.3493,45.36075],[11.34989,45.36075],[11.35108,45.36063],[11.35119,45.36062],[11.35198,45.36053],[11.35232,45.36052],[11.35307,45.36056],[11.35324,45.36057],[11.35342,45.36056],[11.3536,45.36055],[11.35495,45.3604],[11.36032,45.35974],[11.36114,45.35964],[11.36263,45.35946],[11.36451,45.35922],[11.36668,45.35896],[11.36709,45.35891],[11.36972,45.3586],[11.37168,45.35836],[11.37177,45.35835],[11.3722,45.3583],[11.37226,45.35829],[11.37242,45.35864],[11.37255,45.35884],[11.37268,45.35899],[11.37308,45.35939],[11.37333,45.35961],[11.37344,45.35965],[11.37369,45.36006],[11.37428,45.36117],[11.37433,45.36116],[11.37438,45.36117],[11.37443,45.36118],[11.37448,45.36121],[11.3745,45.36123],[11.37451,45.36127],[11.37451,45.36131],[11.37449,45.36134],[11.37446,45.36137],[11.37441,45.3614],[11.37449,45.36152],[11.37582,45.36398],[11.37636,45.36499],[11.37671,45.36563],[11.37694,45.36604],[11.37708,45.36624],[11.37722,45.36644],[11.37726,45.36648],[11.37761,45.36682],[11.37797,45.36715],[11.37895,45.36801],[11.37957,45.36856],[11.38044,45.36933],[11.38049,45.36937],[11.38154,45.3703],[11.38254,45.37118],[11.38272,45.37134],[11.3829,45.37151],[11.38303,45.37164],[11.38315,45.37175],[11.38325,45.37186],[11.38337,45.37204],[11.38337,45.37224],[11.38337,45.37237],[11.38336,45.37243],[11.38334,45.3725],[11.38331,45.37256],[11.38327,45.37263],[11.38318,45.37275],[11.38314,45.37281],[11.38308,45.37291],[11.38305,45.37298],[11.38302,45.373],[11.38297,45.37301],[11.38294,45.37301],[11.3829,45.373],[11.38284,45.37298],[11.38279,45.37295],[11.38271,45.37284],[11.3826,45.37266],[11.38275,45.37262],[11.38299,45.37254],[11.38304,45.37252],[11.38279,45.37213],[11.3827,45.37217]]},"properties":{"town_name":"Zimella"}},{"type":"Feature","geometry":{"type":"LineString","coordinates":[[11.42733,45.36505],[11.4273,45.36499],[11.42721,45.365],[11.42718,45.36499],[11.42716,45.36494],[11.42709,45.3649],[11.42687,45.36505],[11.4269,45.3651],[11.42683,45.36515],[11.42687,45.36518],[11.42691,45.36523],[11.42695,45.36532],[11.42693,45.36533],[11.42671,45.36542],[11.42641,45.36564],[11.42635,45.36569],[11.4262,45.36583],[11.42577,45.36619],[11.42543,45.36649],[11.42528,45.36662],[11.42506,45.36683],[11.42503,45.36686],[11.42494,45.36693],[11.42491,45.36696],[11.42483,45.36702],[11.42474,45.36708],[11.42465,45.36714],[11.42441,45.36728],[11.42405,45.36748],[11.42398,45.36753],[11.42392,45.36757],[11.42389,45.3676],[11.42385,45.36762],[11.42382,45.36766],[11.42376,45.36772],[11.4237,45.3678],[11.42366,45.36785],[11.42364,45.36789],[11.42362,45.36794],[11.42358,45.36797],[11.42352,45.36804],[11.42349,45.36809],[11.42347,45.36813],[11.42345,45.36819],[11.42343,45.36827],[11.42343,45.36833],[11.42343,45.3684],[11.42361,45.37079],[11.42361,45.37084],[11.4236,45.37088],[11.42358,45.37095],[11.42355,45.37101],[11.42352,45.37107],[11.42349,45.37111],[11.42346,45.37114],[11.42341,45.37118],[11.42336,45.37122],[11.42272,45.37163],[11.42256,45.37173],[11.42262,45.37175],[11.42263,45.37176],[11.42262,45.37176],[11.4226,45.37178],[11.42258,45.37179],[11.42255,45.3718],[11.42248,45.37182],[11.42244,45.37184],[11.42231,45.3719],[11.42225,45.37193],[11.42221,45.37196],[11.42209,45.37205],[11.42205,45.37208],[11.42199,45.37211],[11.4216,45.37236],[11.42149,45.37243],[11.42078,45.37289],[11.41945,45.37369],[11.41912,45.37392],[11.41845,45.37445],[11.4183,45.37457],[11.41818,45.37471],[11.41791,45.37497],[11.41772,45.37514],[11.41762,45.37521],[11.41728,45.37539],[11.4172,45.37543],[11.41667,45.37574],[11.41627,45.37596],[11.41465,45.37611],[11.41426,45.37613],[11.41384,45.37618],[11.41305,45.37631],[11.41012,45.37605],[11.40978,45.37605],[11.4096,45.37608],[11.40935,45.37613],[11.4079,45.37646],[11.40758,45.37645],[11.40709,45.37635],[11.40662,45.37625],[11.40646,45.37622],[11.40629,45.37621],[11.40579,45.37627],[11.40562,45.37631],[11.40542,45.37635],[11.40502,45.37671],[11.40477,45.37697],[11.40463,45.37717],[11.40456,45.37733],[11.40455,45.37747],[11.40458,45.3776],[11.40471,45.37787],[11.40478,45.37801],[11.40479,45.37809],[11.40479,45.37817],[11.40475,45.37833],[11.40465,45.3785],[11.404,45.37916],[11.40392,45.37924],[11.40381,45.37934],[11.40355,45.37957],[11.40346,45.37964],[11.40328,45.37974],[11.40319,45.37979],[11.40303,45.37985],[11.40276,45.37995],[11.40271,45.37998],[11.40249,45.38014],[11.40242,45.38019],[11.40225,45.38039],[11.40217,45.38058],[11.402,45.38079],[11.40178,45.38091],[11.40139,45.38111],[11.40132,45.38115],[11.40099,45.38135],[11.40054,45.38164],[11.40009,45.38188],[11.39969,45.38204],[11.39875,45.38234],[11.39815,45.38253],[11.39759,45.38271],[11.39742,45.38277],[11.39732,45.38269],[11.39704,45.38236],[11.39648,45.3826],[11.39595,45.38283],[11.39586,45.38287],[11.39557,45.38258],[11.39545,45.38245],[11.39529,45.3824],[11.39526,45.3824],[11.39518,45.3824],[11.39505,45.38239],[11.39497,45.38237],[11.39494,45.38238],[11.39491,45.38239],[11.39486,45.38248],[11.39483,45.38253],[11.39478,45.38258],[11.3947,45.3826],[11.39461,45.3826],[11.39452,45.38263],[11.39441,45.38269],[11.39465,45.38339],[11.39466,45.38343],[11.39467,45.38342]]},"properties":{"town_name":"Alonte"}},{"type":"Feature","geometry":{"type":"LineString","coordinates":[[11.53366,45.40239],[11.53368,45.40238],[11.53385,45.40234],[11.53386,45.40236],[11.53408,45.40274],[11.53411,45.40277],[11.53416,45.40279],[11.53449,45.40296],[11.5349,45.40316],[11.53607,45.40376],[11.53612,45.40376],[11.53665,45.40361],[11.53697,45.40342],[11.537,45.40339],[11.53749,45.40361],[11.53754,45.40363],[11.53757,45.40364],[11.53771,45.4037],[11.53775,45.40371],[11.53803,45.4038],[11.53815,45.40383],[11.53829,45.40386],[11.53863,45.40391],[11.5389,45.40395],[11.539,45.40397],[11.53907,45.404],[11.53913,45.40405],[11.53917,45.40411],[11.53921,45.4042],[11.53926,45.40432],[11.53937,45.40453],[11.53942,45.40458],[11.53946,45.40461],[11.53952,45.40463],[11.53958,45.40465],[11.53977,45.40469],[11.54007,45.40473],[11.5402,45.40475],[11.54034,45.40476],[11.54094,45.40479],[11.54116,45.40479],[11.54133,45.40479],[11.54148,45.40479],[11.54167,45.40478],[11.54177,45.40476],[11.54186,45.40474],[11.54193,45.40471],[11.54202,45.40467],[11.5421,45.40462],[11.54218,45.40459],[11.5423,45.40455],[11.54244,45.40452],[11.54267,45.40449],[11.54291,45.40447],[11.54317,45.40446],[11.54351,45.40447],[11.54388,45.4045],[11.54423,45.40454],[11.54452,45.40457],[11.54478,45.4046],[11.54492,45.4046],[11.54503,45.4046],[11.54515,45.40459],[11.54528,45.40457],[11.54543,45.40454],[11.54556,45.40451],[11.54566,45.40448],[11.54575,45.40444],[11.54589,45.40437],[11.54602,45.40431],[11.54612,45.40427],[11.54658,45.4041],[11.54704,45.40392],[11.54739,45.40378],[11.54756,45.4037],[11.54772,45.40361],[11.54781,45.40355],[11.54794,45.40346],[11.54813,45.4033],[11.54834,45.40309],[11.54842,45.40302],[11.54851,45.40295],[11.54856,45.40291],[11.54862,45.40287],[11.5487,45.40284],[11.54878,45.40281],[11.54926,45.40267],[11.54976,45.4025],[11.54997,45.40243],[11.55018,45.40234],[11.55036,45.40226],[11.55048,45.40221],[11.55059,45.40216],[11.55085,45.40202],[11.55102,45.40191],[11.55127,45.40171],[11.55157,45.40152],[11.55187,45.40135],[11.55223,45.40115],[11.55257,45.40099],[11.55286,45.40087],[11.55317,45.40079],[11.55352,45.40074],[11.55374,45.4007],[11.55396,45.40067],[11.55399,45.40067],[11.55402,45.40067],[11.55409,45.40064],[11.55414,45.40064],[11.55416,45.40069],[11.55418,45.40074],[11.55427,45.40084],[11.55453,45.40113],[11.55461,45.40121],[11.55474,45.40136],[11.55488,45.4015],[11.55497,45.40158],[11.55505,45.40162],[11.5551,45.40164],[11.55511,45.40164],[11.55516,45.40163],[11.55519,45.40163],[11.55525,45.40163],[11.55542,45.40165],[11.5559,45.40172],[11.55643,45.40178],[11.55661,45.40177],[11.55666,45.40177],[11.55678,45.40175],[11.55688,45.40172],[11.55703,45.40165],[11.55733,45.4015],[11.55773,45.40135],[11.55777,45.40134],[11.55781,45.40133],[11.55784,45.40133],[11.55787,45.40133],[11.55796,45.40135],[11.55797,45.40136],[11.558,45.40136],[11.55803,45.40138],[11.55824,45.40131],[11.55877,45.40113],[11.55884,45.40111],[11.55921,45.40101],[11.55937,45.40097],[11.55941,45.40096],[11.55996,45.40082],[11.56048,45.4007],[11.56073,45.40063],[11.56098,45.40056],[11.56105,45.40053],[11.5612,45.40048],[11.56136,45.40041],[11.56178,45.40022],[11.56191,45.40016],[11.56206,45.40008],[11.56238,45.39989],[11.56258,45.39973],[11.56351,45.39896],[11.56426,45.39834],[11.56447,45.39817],[11.56512,45.39762],[11.56532,45.39745],[11.56545,45.39734],[11.5657,45.39713],[11.56589,45.39697],[11.56596,45.39692],[11.5661,45.39681],[11.5662,45.39675],[11.56643,45.39659],[11.56673,45.39639],[11.56715,45.39615],[11.56724,45.3961],[11.56787,45.39575],[11.56792,45.39572],[11.56857,45.39538],[11.5688,45.39526],[11.56928,45.39498],[11.56943,45.39486],[11.56958,45.39473],[11.56986,45.39445],[11.56991,45.39438],[11.56998,45.39426],[11.57002,45.39415],[11.57005,45.39405],[11.57007,45.39389],[11.57009,45.39367],[11.57013,45.39342],[11.57017,45.39314],[11.57018,45.39303],[11.5702,45.39293],[11.57024,45.39284],[11.5703,45.39275],[11.57043,45.39265],[11.57061,45.39255],[11.5708,45.39249],[11.57091,45.39248],[11.57101,45.39248],[11.57195,45.39249],[11.57247,45.3925],[11.5728,45.39248],[11.5729,45.39247],[11.57321,45.39242],[11.57368,45.39231],[11.57379,45.39229],[11.57401,45.39223],[11.57434,45.39215],[11.5746,45.39211],[11.57489,45.39209],[11.57516,45.39207],[11.57534,45.39206],[11.57541,45.39205],[11.57551,45.39203],[11.57564,45.39226],[11.57571,45.3924],[11.57609,45.39312],[11.57641,45.39374],[11.5765,45.39391],[11.57676,45.39441],[11.57738,45.39566],[11.57763,45.39617],[11.57807,45.39705],[11.57853,45.39797],[11.57859,45.39809],[11.579,45.3989],[11.57905,45.39889],[11.57913,45.39887],[11.57932,45.39881],[11.57935,45.39881],[11.57946,45.39878],[11.57953,45.39876],[11.58006,45.39862],[11.58009,45.39861],[11.58018,45.39858],[11.58017,45.39855],[11.58011,45.39844],[11.58033,45.39838],[11.58051,45.39834],[11.58038,45.39805]]},"properties":{"town_name":"Villaga"}},{"type":"Feature","geometry":{"type":"LineString","coordinates":[[11.45316,45.42284],[11.45315,45.4229],[11.45312,45.42294],[11.45305,45.42297],[11.45299,45.42285],[11.45277,45.42256],[11.45261,45.42235],[11.45246,45.42231],[11.45237,45.4223],[11.45226,45.42217],[11.45209,45.42209],[11.452,45.422],[11.45181,45.42188],[11.45176,45.42182],[11.45163,45.42176],[11.45149,45.42165],[11.45143,45.42152],[11.45141,45.42145],[11.45131,45.42144],[11.4511,45.42146],[11.45098,45.4215],[11.45074,45.42151],[11.45058,45.42159],[11.45038,45.42165],[11.45012,45.42165],[11.44998,45.42155],[11.44982,45.42148],[11.44967,45.42144],[11.4494,45.42142],[11.44917,45.42136],[11.4491,45.42132],[11.44902,45.42135],[11.44891,45.42135],[11.44876,45.42138],[11.44866,45.4214],[11.44855,45.42142],[11.44844,45.42143],[11.44831,45.42145],[11.44819,45.42147],[11.44808,45.42148],[11.44795,45.4215],[11.44797,45.42155],[11.44806,45.42172],[11.44815,45.42189],[11.4482,45.42197],[11.44828,45.42202],[11.44843,45.42209],[11.44848,45.42215],[11.44838,45.42213],[11.4482,45.42209],[11.448,45.422],[11.44774,45.42188],[11.44735,45.42172],[11.44712,45.42166],[11.44672,45.42155],[11.44627,45.42146],[11.44577,45.4214],[11.44545,45.42137],[11.44532,45.42132],[11.44518,45.42124],[11.44501,45.42118],[11.44492,45.42116],[11.44473,45.42116],[11.44322,45.42117],[11.44282,45.42117],[11.44152,45.42119],[11.44118,45.42119],[11.44067,45.42121],[11.4403,45.42126],[11.43998,45.42135],[11.43976,45.42139],[11.43956,45.42144],[11.43941,45.42151],[11.43927,45.42168],[11.43922,45.42173],[11.43915,45.42181],[11.43895,45.42204],[11.43861,45.42227],[11.43832,45.42245],[11.43795,45.42266],[11.4377,45.42277],[11.43747,45.42283],[11.43727,45.42281],[11.43688,45.42277],[11.43647,45.42284],[11.43622,45.42293],[11.43605,45.42302],[11.4359,45.42317],[11.43581,45.42329],[11.43568,45.42341],[11.43554,45.42349],[11.43533,45.42353],[11.43467,45.4235],[11.43374,45.42342],[11.4328,45.42329],[11.43253,45.42326],[11.43215,45.42322],[11.43183,45.42319],[11.43146,45.4232],[11.43115,45.42323],[11.43057,45.42331],[11.43029,45.42337],[11.43004,45.42346],[11.4297,45.42361],[11.42941,45.42372],[11.42931,45.42376],[11.42912,45.42381],[11.42875,45.4239],[11.4286,45.42394],[11.42852,45.42398],[11.42842,45.42404],[11.42835,45.42412],[11.42829,45.42421],[11.42817,45.42458],[11.4281,45.42479],[11.42803,45.42491],[11.42783,45.42519],[11.42761,45.42547],[11.42729,45.42584],[11.42717,45.42597],[11.42702,45.42609],[11.42697,45.42611],[11.42676,45.42622],[11.42672,45.42624],[11.42651,45.42633],[11.4261,45.42647],[11.42589,45.42652],[11.42562,45.42653],[11.42529,45.42648],[11.42491,45.42645],[11.4243,45.42649],[11.42339,45.42657],[11.42326,45.42658],[11.42298,45.4266],[11.42252,45.42667],[11.42243,45.4267],[11.42207,45.42683],[11.42159,45.42702],[11.42125,45.42714],[11.4212,45.42716],[11.42093,45.4273],[11.42072,45.42745],[11.42047,45.42767],[11.42005,45.42802],[11.4199,45.42815],[11.41983,45.42822],[11.41976,45.42827],[11.41958,45.4284],[11.41918,45.42864],[11.41907,45.4287],[11.41894,45.42878],[11.41871,45.42891],[11.41863,45.42896],[11.41819,45.42928],[11.41812,45.42933],[11.41736,45.42997],[11.41716,45.43012],[11.417,45.43024],[11.41661,45.43057],[11.41622,45.43087],[11.416,45.43103],[11.41588,45.4311],[11.41569,45.43119],[11.41543,45.43132],[11.41538,45.43135],[11.41468,45.43169],[11.41444,45.43184],[11.41427,45.432],[11.41418,45.43208],[11.41399,45.43229],[11.41393,45.43236],[11.41392,45.4324],[11.41376,45.43245],[11.41367,45.43248],[11.41368,45.43252],[11.41371,45.43265],[11.41372,45.43267],[11.41373,45.43272],[11.41375,45.4328],[11.41389,45.43347],[11.4139,45.43353],[11.41394,45.43361],[11.41398,45.4337],[11.41406,45.43385],[11.41409,45.4339]]},"properties":{"town_name":"Val Liona"}},{"type":"Feature","geometry":{"type":"LineString","coordinates":[[11.33984,45.46251],[11.33973,45.46254],[11.3396,45.46259],[11.33945,45.46266],[11.3392,45.46276],[11.33906,45.4628],[11.33896,45.46278],[11.3388,45.46278],[11.33872,45.46278],[11.33869,45.46287],[11.33869,45.46294],[11.33867,45.46308],[11.33864,45.46348],[11.33857,45.46364],[11.33844,45.46383],[11.33832,45.46392],[11.33808,45.4641],[11.33799,45.46416],[11.33789,45.46408],[11.33766,45.46391],[11.33753,45.46385],[11.33745,45.46384],[11.33736,45.46378],[11.33717,45.46365],[11.33708,45.46359],[11.33702,45.46369],[11.33698,45.4638],[11.33701,45.46398],[11.33697,45.46401],[11.33691,45.46401],[11.33678,45.46395],[11.33658,45.46383],[11.33637,45.46368],[11.336,45.46335],[11.33591,45.46328],[11.33579,45.46327],[11.33532,45.46331],[11.33508,45.46337],[11.33488,45.46344],[11.33436,45.46371],[11.33385,45.46395],[11.33376,45.46395],[11.3337,45.46393],[11.33357,45.46393],[11.33324,45.46372],[11.33306,45.46352],[11.33264,45.46309],[11.33248,45.463],[11.33236,45.46289],[11.33227,45.46285],[11.33197,45.46256],[11.33175,45.46243],[11.33153,45.46228],[11.3313,45.46227],[11.33094,45.46218],[11.33081,45.46209],[11.33071,45.46197],[11.33061,45.46193],[11.33037,45.46181],[11.33035,45.46157],[11.33035,45.46155],[11.33023,45.46136],[11.33018,45.46147],[11.3301,45.46151],[11.32966,45.46155],[11.32955,45.46159],[11.32933,45.46177],[11.32911,45.4619],[11.32899,45.46197],[11.32889,45.46196],[11.32869,45.46183],[11.32862,45.46181],[11.32855,45.46182],[11.32838,45.46188],[11.32834,45.46199],[11.32832,45.46212],[11.32821,45.46218],[11.32788,45.46222],[11.32761,45.46224],[11.32737,45.46234],[11.32723,45.46237],[11.32705,45.46237],[11.32711,45.46247],[11.327,45.46259],[11.32647,45.46281],[11.32631,45.46314],[11.32627,45.46318],[11.32595,45.46329],[11.32552,45.46354],[11.32519,45.46377],[11.32479,45.46376],[11.32454,45.46365],[11.32439,45.4638],[11.324,45.46404],[11.32386,45.46402],[11.32375,45.46403],[11.32331,45.46403],[11.32302,45.46408],[11.32278,45.46405],[11.32263,45.46407],[11.32234,45.46393],[11.32213,45.4637],[11.32169,45.46315],[11.3211,45.46238],[11.32073,45.4619],[11.32062,45.46176],[11.32023,45.46133],[11.31931,45.46067],[11.31909,45.4608],[11.31888,45.46088],[11.31878,45.4609],[11.31867,45.4609],[11.31863,45.4609],[11.31852,45.46088],[11.31843,45.46084],[11.3183,45.46078],[11.31798,45.46057],[11.31772,45.46034],[11.31698,45.45983],[11.3168,45.4597],[11.31654,45.45952],[11.31627,45.45933],[11.31585,45.45901],[11.31557,45.45885],[11.31533,45.45865],[11.31517,45.45843],[11.31503,45.45831],[11.31492,45.45813],[11.31485,45.45793],[11.3149,45.45771],[11.31495,45.45737],[11.31496,45.45699],[11.31487,45.4567],[11.31407,45.4559],[11.31309,45.4548],[11.3126,45.45429],[11.31212,45.45392],[11.31168,45.45355],[11.31145,45.45338],[11.31126,45.45328],[11.31088,45.45316],[11.31059,45.45313],[11.31032,45.45313],[11.31005,45.45317],[11.30838,45.45351],[11.30799,45.4536],[11.30776,45.45364],[11.30753,45.45368],[11.30735,45.45369],[11.30717,45.45369],[11.30691,45.45366],[11.30678,45.45364],[11.30643,45.45357],[11.30597,45.45351],[11.30571,45.45345],[11.30551,45.45335],[11.30529,45.45324],[11.3048,45.45288],[11.30453,45.4527],[11.30427,45.45254],[11.30429,45.45249],[11.30444,45.45215],[11.30395,45.45198],[11.30422,45.4513],[11.30423,45.45125],[11.30364,45.45114]]},"properties":{"town_name":"Gambellara"}},{"type":"Feature","geometry":{"type":"LineString","coordinates":[[11.18002,45.46589],[11.17993,45.46589],[11.17991,45.46593],[11.17977,45.46594],[11.17975,45.46595],[11.17974,45.46597],[11.17973,45.46603],[11.17974,45.46613],[11.1798,45.46637],[11.17985,45.46662],[11.17988,45.46675],[11.17993,45.46687],[11.18013,45.46738],[11.18023,45.46776],[11.18023,45.468],[11.18017,45.468],[11.18008,45.46867],[11.18001,45.46914],[11.18001,45.46927],[11.18003,45.46941],[11.18009,45.46969],[11.18015,45.46983],[11.18017,45.46984],[11.18022,45.47009],[11.1803,45.47036],[11.18046,45.47088],[11.18058,45.47126],[11.1807,45.47162],[11.18076,45.47183],[11.18086,45.47216],[11.18093,45.47237],[11.18096,45.47254],[11.18099,45.47269],[11.181,45.4728],[11.18099,45.47288],[11.18094,45.47355],[11.18095,45.47387],[11.18103,45.47522],[11.18103,45.47578],[11.18103,45.47605],[11.18102,45.47625],[11.181,45.47633],[11.18083,45.47724],[11.18078,45.47742],[11.1806,45.47778],[11.18058,45.47782],[11.18048,45.47795],[11.17994,45.47859],[11.1794,45.47918],[11.17829,45.48037],[11.17807,45.4807],[11.17799,45.48094],[11.1778,45.4822],[11.17778,45.48237],[11.17777,45.48242],[11.17776,45.48259],[11.17774,45.48269],[11.17773,45.48276],[11.17755,45.48362],[11.17751,45.48372],[11.17749,45.4838],[11.17727,45.48448],[11.17726,45.48453],[11.17715,45.48504],[11.17707,45.48545],[11.177,45.48581],[11.1769,45.48627],[11.1768,45.48671],[11.17648,45.4875],[11.17644,45.4876],[11.17639,45.48774],[11.17613,45.48837],[11.17604,45.48857],[11.176,45.48866],[11.17586,45.48897],[11.17522,45.49048],[11.17516,45.49071],[11.17515,45.49091],[11.17518,45.4911],[11.17531,45.49158],[11.17542,45.49187],[11.17547,45.49235],[11.17544,45.4925],[11.1754,45.49267],[11.1754,45.4927],[11.17537,45.49282],[11.17526,45.49321],[11.17512,45.49379],[11.17498,45.49431],[11.17484,45.49464],[11.17473,45.49483],[11.17445,45.4952],[11.17356,45.49635],[11.1732,45.49679],[11.17269,45.49743],[11.17211,45.49815],[11.17146,45.49897],[11.17124,45.49925],[11.17116,45.49934],[11.17082,45.49978],[11.16994,45.5009],[11.16948,45.50149],[11.16934,45.50165],[11.16923,45.50178],[11.16912,45.5019],[11.169,45.50204],[11.16894,45.50222],[11.16879,45.50251],[11.16875,45.50266],[11.16873,45.50274],[11.16869,45.50284],[11.16868,45.50293],[11.16853,45.50358],[11.16843,45.50423],[11.16836,45.50472],[11.16829,45.50521],[11.16824,45.50569],[11.16815,45.50626],[11.16813,45.5064],[11.16806,45.50679],[11.16795,45.50704],[11.16776,45.50745],[11.16766,45.50761],[11.16759,45.50779],[11.16755,45.50796],[11.16753,45.50809],[11.1675,45.50828],[11.16745,45.50876],[11.16737,45.50953],[11.16732,45.51004],[11.16723,45.51071],[11.16692,45.51068],[11.1669,45.51089],[11.16649,45.51088],[11.16573,45.51082],[11.16567,45.51097],[11.16559,45.51121],[11.16474,45.51112],[11.16461,45.51155],[11.16444,45.5121],[11.16432,45.51262],[11.16445,45.51266]]},"properties":{"town_name":"Illasi"}},{"type":"Feature","geometry":{"type":"LineString","coordinates":[[11.20296,45.47298],[11.20315,45.47303],[11.20317,45.47298],[11.20367,45.47315],[11.20448,45.47339],[11.20481,45.47354],[11.20493,45.47358],[11.20501,45.47371],[11.20508,45.47381],[11.20512,45.47385],[11.20547,45.47408],[11.20585,45.47431],[11.20588,45.47442],[11.20584,45.47454],[11.20564,45.47477],[11.20548,45.47499],[11.2055,45.47507],[11.20558,45.47512],[11.20574,45.47515],[11.20598,45.47516],[11.20621,45.47522],[11.20638,45.47526],[11.20669,45.47536],[11.20692,45.47546],[11.20714,45.47558],[11.20736,45.47576],[11.2075,45.47589],[11.20769,45.47601],[11.20815,45.4764],[11.20817,45.47651],[11.20816,45.47663],[11.2081,45.47673],[11.20798,45.47683],[11.20779,45.47688],[11.20761,45.47689],[11.20714,45.47685],[11.20722,45.47697],[11.2072,45.47699],[11.20717,45.47705],[11.20707,45.47725],[11.20705,45.47746],[11.2071,45.47759],[11.20725,45.47774],[11.20754,45.47798],[11.20775,45.47823],[11.20796,45.47838],[11.208,45.47844],[11.2081,45.47853],[11.20822,45.47865],[11.20836,45.4788],[11.20851,45.47898],[11.20857,45.47909],[11.20861,45.47919],[11.2087,45.47927],[11.20883,45.47934],[11.20907,45.47945],[11.20926,45.47953],[11.20946,45.47962],[11.20964,45.47969],[11.20982,45.47973],[11.21001,45.47976],[11.21023,45.47979],[11.21044,45.47982],[11.21062,45.47988],[11.21072,45.47992],[11.21082,45.47998],[11.21094,45.48005],[11.21101,45.4801],[11.21112,45.48017],[11.21124,45.48024],[11.21134,45.4803],[11.21146,45.48036],[11.21158,45.48043],[11.21168,45.48049],[11.21176,45.48055],[11.21187,45.48063],[11.21191,45.48067],[11.21195,45.48073],[11.212,45.48076],[11.21208,45.48083],[11.21216,45.48088],[11.21221,45.48095],[11.21224,45.48101],[11.21228,45.48109],[11.21233,45.4812],[11.21237,45.48132],[11.21239,45.48138],[11.21244,45.48147],[11.21258,45.48164],[11.21277,45.48182],[11.213,45.482],[11.21325,45.48213],[11.21349,45.48221],[11.21377,45.48227],[11.21406,45.48229],[11.2143,45.48229],[11.21455,45.48227],[11.21498,45.48226],[11.21529,45.4823],[11.21551,45.48234],[11.21565,45.4824],[11.21592,45.48255],[11.21615,45.48267],[11.21622,45.48271],[11.21644,45.48285],[11.21686,45.48309],[11.2173,45.48335],[11.21759,45.48353],[11.218,45.4838],[11.21832,45.48407],[11.21851,45.48429],[11.21866,45.48447],[11.2189,45.48461],[11.2189,45.48465],[11.21884,45.48467],[11.21867,45.48462],[11.21852,45.48456],[11.2184,45.48449],[11.21823,45.48433],[11.21803,45.48422],[11.21699,45.48384],[11.21696,45.48388],[11.21696,45.484],[11.21711,45.48406],[11.21752,45.48422],[11.21768,45.4843],[11.21782,45.48439],[11.21789,45.48449],[11.218,45.4847],[11.2181,45.48479],[11.21851,45.48513],[11.21869,45.48531],[11.21886,45.48545],[11.21909,45.48551],[11.21937,45.48556],[11.21965,45.48551],[11.22007,45.48542],[11.22043,45.48539],[11.22073,45.48541],[11.22084,45.48537],[11.22088,45.48531],[11.22121,45.48467],[11.22167,45.48406],[11.22196,45.48365],[11.22205,45.48353],[11.22234,45.48353],[11.22241,45.48355],[11.22246,45.48358],[11.22252,45.48365],[11.22254,45.48375],[11.22255,45.48386],[11.22258,45.484],[11.22261,45.4841],[11.22261,45.48422],[11.22264,45.48435],[11.22267,45.48446],[11.22268,45.48454],[11.22272,45.48463],[11.22281,45.48472],[11.22291,45.48471],[11.22301,45.4846],[11.22316,45.48459],[11.22328,45.4846],[11.22337,45.48463],[11.22345,45.48466],[11.22349,45.48467],[11.22352,45.48469],[11.22353,45.4847],[11.22359,45.48467],[11.22366,45.48467],[11.22375,45.48469],[11.22381,45.48471],[11.22397,45.48485],[11.22418,45.48479],[11.22423,45.48472],[11.22439,45.48472],[11.22446,45.48481],[11.2245,45.48492],[11.22452,45.48501],[11.22458,45.48505],[11.22469,45.48491],[11.22476,45.48477],[11.22494,45.48469],[11.22513,45.48458],[11.2254,45.48455],[11.22588,45.48448],[11.2261,45.48441],[11.22637,45.48439],[11.2266,45.48445],[11.22677,45.48446],[11.22724,45.48442],[11.22754,45.48446],[11.22777,45.48446],[11.22817,45.48441],[11.22851,45.48432],[11.22878,45.48423],[11.22903,45.48398],[11.22939,45.48386],[11.22968,45.48388],[11.22994,45.48384],[11.23012,45.48376],[11.23027,45.48361],[11.23054,45.48345],[11.23066,45.48339],[11.2308,45.4833],[11.23103,45.48323],[11.23133,45.48312],[11.23156,45.48305],[11.23183,45.48299],[11.23206,45.48299],[11.23233,45.48296],[11.23263,45.48294],[11.2331,45.48292],[11.23324,45.48291],[11.23358,45.48297],[11.23388,45.48302],[11.23431,45.48305],[11.23463,45.48307],[11.2351,45.48312],[11.23536,45.4832],[11.23583,45.48328],[11.2362,45.4833],[11.23654,45.48332],[11.237,45.48334],[11.23732,45.48331],[11.23806,45.48325],[11.2383,45.4831],[11.23932,45.48285],[11.23988,45.48274],[11.24002,45.48271],[11.24015,45.4827],[11.24029,45.48269],[11.24045,45.4827],[11.24057,45.48272],[11.24071,45.48277],[11.24095,45.48286],[11.24107,45.48291],[11.24122,45.48292],[11.24146,45.48296],[11.24159,45.48301],[11.24195,45.48301],[11.24225,45.48303],[11.24251,45.48304],[11.24267,45.48306],[11.24276,45.48308],[11.24284,45.4831],[11.24293,45.48314],[11.24302,45.4832],[11.24318,45.48331],[11.24351,45.48352],[11.24392,45.48366],[11.24433,45.4838],[11.24451,45.48385],[11.24463,45.48387],[11.24474,45.48388],[11.24511,45.48388],[11.24588,45.48388],[11.24605,45.4839],[11.24621,45.48393],[11.24654,45.484],[11.24685,45.48407],[11.24719,45.4841],[11.24742,45.48406],[11.24767,45.48403],[11.24782,45.48405],[11.24792,45.48407],[11.24804,45.48411],[11.24815,45.48415],[11.24901,45.4845],[11.24943,45.48469],[11.24983,45.4849],[11.25005,45.48504],[11.25025,45.4852],[11.25032,45.48525],[11.25044,45.48532],[11.25069,45.48541],[11.25144,45.48564],[11.25182,45.48575],[11.25215,45.48586],[11.25224,45.48589],[11.25224,45.48584],[11.25224,45.48576],[11.25227,45.48553],[11.25233,45.48541],[11.25238,45.48535],[11.25244,45.48527],[11.25249,45.48521],[11.25254,45.48515],[11.25262,45.48505],[11.2527,45.48494],[11.25273,45.48487],[11.25274,45.4848],[11.25274,45.4848],[11.25274,45.48471],[11.25277,45.48462],[11.25283,45.48454],[11.25284,45.48453],[11.25291,45.48444],[11.25295,45.48432],[11.25291,45.48419],[11.25284,45.48408],[11.25282,45.48409],[11.2528,45.48409],[11.25278,45.48408],[11.25276,45.48408],[11.25275,45.48407],[11.25274,45.48405],[11.25274,45.48404],[11.25275,45.48403],[11.25263,45.48394],[11.25254,45.48381],[11.25242,45.48366],[11.25233,45.48351],[11.25228,45.48343],[11.25224,45.48335],[11.2522,45.48328],[11.25215,45.48313],[11.25214,45.48307],[11.25216,45.48299],[11.25251,45.48253],[11.25263,45.48238],[11.25274,45.48223],[11.25293,45.48199],[11.25317,45.48166],[11.25322,45.48151],[11.25323,45.48137],[11.25322,45.4812],[11.25322,45.48085],[11.25323,45.48075],[11.25323,45.48064],[11.25322,45.4805],[11.2532,45.4804],[11.25318,45.48036],[11.25314,45.4803],[11.25304,45.48021],[11.25292,45.48012],[11.25291,45.48009]]},"properties":{"town_name":"Cazzano di Tramigna"}},{"type":"Feature","geometry":{"type":"LineString","coordinates":[[11.12754,45.4817],[11.1275,45.4817],[11.1272,45.48167],[11.12718,45.48171],[11.12704,45.48203],[11.1271,45.48205],[11.12719,45.48209],[11.128,45.4822],[11.12826,45.48223],[11.12888,45.48231],[11.12909,45.48235],[11.12956,45.48244],[11.12986,45.4825],[11.13034,45.48259],[11.13087,45.48271],[11.13132,45.48271],[11.13164,45.48263],[11.13184,45.48252],[11.13231,45.48232],[11.13253,45.48225],[11.13309,45.48221],[11.13324,45.48218],[11.13334,45.48214],[11.1341,45.48224],[11.13458,45.48233],[11.13504,45.48244],[11.1353,45.48244],[11.1357,45.48232],[11.13584,45.48228],[11.13661,45.48209],[11.13751,45.48214],[11.13792,45.48222],[11.13814,45.4823],[11.13835,45.48239],[11.1389,45.48243],[11.13917,45.48244],[11.13928,45.48243],[11.13932,45.48242],[11.13967,45.48261],[11.13996,45.48279],[11.14025,45.48317],[11.14032,45.48317],[11.14047,45.48326],[11.14097,45.48369],[11.14142,45.48388],[11.14209,45.4841],[11.14223,45.4841],[11.142,45.48421],[11.14166,45.48432],[11.14098,45.48442],[11.14035,45.48447],[11.14024,45.48451],[11.14017,45.48457],[11.14016,45.48468],[11.14016,45.48478],[11.14007,45.48523],[11.13978,45.48536],[11.13976,45.48542],[11.13981,45.48547],[11.1399,45.48548],[11.13994,45.48551],[11.13992,45.48557],[11.13996,45.48578],[11.14013,45.48581],[11.14032,45.4861],[11.14033,45.48622],[11.14024,45.48627],[11.13934,45.48653],[11.13958,45.48677],[11.13951,45.4869],[11.13842,45.4879],[11.13839,45.48798],[11.13853,45.48807],[11.13895,45.48801],[11.13931,45.48794],[11.13974,45.48772],[11.14022,45.48759],[11.1408,45.48755],[11.14123,45.48756],[11.14187,45.48753],[11.14195,45.48761],[11.14207,45.48769],[11.14221,45.48776],[11.14234,45.48783],[11.1425,45.48791],[11.14262,45.48795],[11.14271,45.48798],[11.14281,45.48798],[11.14296,45.48796],[11.1432,45.48793],[11.14339,45.4879],[11.14354,45.48791],[11.14367,45.48794],[11.1438,45.48799],[11.14384,45.48807],[11.14384,45.48815],[11.14379,45.48821],[11.14373,45.48827],[11.14356,45.48834],[11.14342,45.48841],[11.14333,45.48848],[11.14326,45.48854],[11.14323,45.48861],[11.14322,45.48868],[11.14325,45.48877],[11.14335,45.4889],[11.14342,45.489],[11.14353,45.48909],[11.14364,45.48915],[11.14375,45.48919],[11.14387,45.48921],[11.14396,45.48921],[11.14403,45.48919],[11.14416,45.48917],[11.14425,45.48917],[11.14433,45.48921],[11.14436,45.48925],[11.14439,45.48931],[11.14442,45.48937],[11.14443,45.48945],[11.14444,45.48955],[11.14448,45.4897],[11.14451,45.48975],[11.1446,45.48982],[11.1447,45.48988],[11.14483,45.48993],[11.145,45.49001],[11.14518,45.49007],[11.14531,45.49011],[11.14538,45.49014],[11.14541,45.49019],[11.14539,45.49023],[11.14535,45.49027],[11.14528,45.49035],[11.14522,45.49041],[11.14519,45.49049],[11.14518,45.49054],[11.14519,45.4906],[11.14521,45.49071],[11.14526,45.49081],[11.14527,45.4909],[11.14525,45.49102],[11.14524,45.49117],[11.14525,45.49125],[11.14528,45.49136],[11.14528,45.49145],[11.14525,45.49158],[11.14523,45.4917],[11.1452,45.49182],[11.14515,45.49192],[11.14507,45.49201],[11.14497,45.49209],[11.14487,45.49225],[11.14476,45.49246],[11.14469,45.49264],[11.14463,45.49286],[11.14467,45.49299],[11.14467,45.49306],[11.14471,45.49315],[11.14472,45.49319],[11.14474,45.49321],[11.1449,45.4932],[11.145,45.49316],[11.14505,45.49315],[11.14511,45.49317],[11.1451,45.49328],[11.14504,45.49341],[11.14501,45.49351],[11.14494,45.49365],[11.14488,45.49377],[11.14487,45.49378],[11.1448,45.4939],[11.14476,45.49399],[11.1447,45.49407],[11.14468,45.49411],[11.14477,45.49406],[11.14489,45.49401],[11.14501,45.49398],[11.14516,45.49398],[11.14525,45.49399],[11.14539,45.49408],[11.14544,45.49415],[11.1455,45.49432],[11.14555,45.49467],[11.1456,45.49469],[11.14574,45.49476],[11.14577,45.49478],[11.14579,45.4948],[11.14595,45.495],[11.14622,45.49588],[11.14615,45.49625],[11.14588,45.49675],[11.1464,45.49819],[11.14657,45.49841],[11.14704,45.49859],[11.14769,45.49873],[11.14787,45.49882],[11.14848,45.49904],[11.14859,45.4991],[11.14866,45.49919],[11.14872,45.49938],[11.1487,45.49949],[11.14868,45.49955],[11.14863,45.49961],[11.14853,45.49966],[11.14836,45.49969],[11.14823,45.49976],[11.14821,45.49979],[11.14821,45.49983],[11.14829,45.49989],[11.14836,45.49994],[11.14843,45.49995],[11.1485,45.49994],[11.14927,45.49967],[11.14963,45.49951],[11.15012,45.49954],[11.1504,45.49963],[11.15064,45.49978],[11.15084,45.49999],[11.15097,45.50022],[11.15107,45.50053],[11.15099,45.50081],[11.15096,45.50088],[11.15094,45.50094],[11.15096,45.50097],[11.151,45.50098],[11.15112,45.50099],[11.1517,45.50079],[11.15186,45.50075],[11.15197,45.50072],[11.15256,45.50065],[11.15267,45.50068],[11.15278,45.50075],[11.15304,45.50093],[11.15331,45.50101],[11.15365,45.50107],[11.15406,45.50113],[11.15431,45.50117],[11.15471,45.50119],[11.15478,45.50121],[11.15483,45.50126],[11.15485,45.50132],[11.15482,45.50138],[11.15464,45.50153],[11.15434,45.50177],[11.15404,45.5025],[11.15398,45.50273],[11.15401,45.50284],[11.15408,45.50292],[11.15478,45.50326],[11.1552,45.50358],[11.15549,45.50387],[11.15554,45.50393],[11.15597,45.50409],[11.15677,45.50424],[11.15712,45.50457],[11.15747,45.5055],[11.15759,45.50558],[11.15776,45.50565],[11.15803,45.50571],[11.15891,45.5059],[11.15983,45.50624],[11.16043,45.50642],[11.16097,45.50672],[11.16105,45.50684],[11.16116,45.50708],[11.16122,45.50715],[11.16131,45.50717],[11.16156,45.50719],[11.1624,45.50724],[11.16256,45.50725],[11.16277,45.50729],[11.16285,45.50733],[11.1629,45.5074],[11.16294,45.5075],[11.16288,45.50784],[11.16288,45.50794],[11.1629,45.50798],[11.16296,45.508],[11.16289,45.50824],[11.16279,45.50855],[11.16273,45.50878],[11.16266,45.50899],[11.16165,45.51225],[11.16205,45.5123],[11.163,45.51243],[11.16432,45.51262],[11.16445,45.51266]]},"properties":{"town_name":"Mezzane di Sotto"}},{"type":"Feature","geometry":{"type":"LineString","coordinates":[[11.36902,45.47492],[11.36914,45.47451],[11.36925,45.47423],[11.36933,45.47407],[11.36949,45.47395],[11.36981,45.47379],[11.36996,45.47368],[11.36991,45.47355],[11.3698,45.47343],[11.36969,45.47331],[11.36963,45.47322],[11.36962,45.47308],[11.36968,45.47294],[11.36979,45.4727],[11.36976,45.47247],[11.36967,45.47226],[11.36965,45.47201],[11.36964,45.47193],[11.36963,45.47165],[11.36943,45.47159],[11.36926,45.47152],[11.36915,45.47139],[11.36903,45.47126],[11.36899,45.47122],[11.36884,45.47107],[11.3687,45.47101],[11.36848,45.471],[11.36818,45.47104],[11.36802,45.47101],[11.36797,45.471],[11.36729,45.47079],[11.36669,45.4706],[11.36616,45.47047],[11.36583,45.47042],[11.36578,45.47035],[11.36577,45.47006],[11.36584,45.46979],[11.36601,45.46958],[11.36618,45.46931],[11.36612,45.46916],[11.36593,45.46892],[11.36586,45.46863],[11.36582,45.46835],[11.36591,45.46805],[11.36593,45.46789],[11.36533,45.46781],[11.36468,45.46782],[11.36438,45.4678],[11.36403,45.46771],[11.36367,45.46751],[11.36315,45.46703],[11.36274,45.46648],[11.36225,45.46596],[11.362,45.4658],[11.36168,45.46562],[11.36143,45.46544],[11.3613,45.4653],[11.36127,45.46522],[11.36136,45.46518],[11.36151,45.46501],[11.36183,45.46458],[11.36208,45.46431],[11.36242,45.46392],[11.36283,45.46351],[11.36342,45.46298],[11.36374,45.46274],[11.36402,45.46256],[11.36448,45.46229],[11.3647,45.46212],[11.36485,45.46196],[11.36494,45.46182],[11.36516,45.46153],[11.36535,45.46134],[11.36582,45.46097],[11.36612,45.46069],[11.36625,45.46052],[11.36637,45.46035],[11.36681,45.45962],[11.36704,45.45924],[11.36726,45.45884],[11.36767,45.45801],[11.36787,45.45746],[11.36791,45.4573],[11.36802,45.45691],[11.36816,45.4563],[11.36826,45.45597],[11.3683,45.45581],[11.36839,45.45563],[11.36857,45.4554],[11.36881,45.45516],[11.36907,45.4549],[11.36928,45.4547],[11.36961,45.45436],[11.36995,45.45402],[11.37014,45.45371],[11.37023,45.45338],[11.37025,45.45314],[11.37026,45.45255],[11.37036,45.45219],[11.37055,45.4516],[11.37067,45.45123],[11.37076,45.45107],[11.37081,45.45097],[11.37087,45.45089],[11.37103,45.45079],[11.37119,45.45073],[11.37134,45.45067],[11.37143,45.45065],[11.37144,45.45066],[11.37147,45.45068],[11.37149,45.45069],[11.37153,45.4507],[11.37156,45.4507],[11.3716,45.45069],[11.37163,45.45068],[11.37165,45.45066],[11.37166,45.45064],[11.37166,45.4506],[11.37172,45.45059],[11.37173,45.45049],[11.37182,45.45037],[11.37269,45.44933],[11.37341,45.44845],[11.37422,45.44748],[11.37427,45.44745],[11.37435,45.44746],[11.37469,45.44768],[11.3751,45.44801],[11.37517,45.44797],[11.37533,45.4481],[11.37539,45.44814],[11.37544,45.44816],[11.37547,45.44814],[11.37554,45.44813],[11.37561,45.44816],[11.37565,45.44819],[11.37584,45.44808],[11.37593,45.44814],[11.37604,45.44818],[11.37615,45.44821],[11.37628,45.44823],[11.3764,45.44822],[11.37643,45.44831],[11.37643,45.44831]]},"properties":{"town_name":"Zermeghedo"}},{"type":"Feature","geometry":{"type":"LineString","coordinates":[[11.28898,45.47882],[11.28846,45.47858],[11.2884,45.47855],[11.28805,45.47834],[11.28799,45.47828],[11.28795,45.47818],[11.28795,45.478],[11.28747,45.47792],[11.28717,45.47792],[11.28707,45.47782],[11.28689,45.4776],[11.28656,45.47725],[11.28628,45.47671],[11.28598,45.47624],[11.28584,45.47603],[11.28568,45.4759],[11.28483,45.47527],[11.28448,45.47499],[11.28424,45.47477],[11.28421,45.47461],[11.28424,45.47428],[11.28419,45.47403],[11.28408,45.4738],[11.28403,45.47375],[11.28392,45.47363],[11.28388,45.47361],[11.28375,45.47353],[11.28371,45.47351],[11.2837,45.47348],[11.28347,45.47341],[11.28317,45.47332],[11.28233,45.47325],[11.28191,45.47323],[11.2816,45.47323],[11.28129,45.47327],[11.28051,45.47345],[11.28001,45.47356],[11.27902,45.47379],[11.27875,45.47385],[11.27858,45.47391],[11.27837,45.474],[11.27817,45.47409],[11.27799,45.47417],[11.27781,45.47424],[11.27764,45.47428],[11.27741,45.47432],[11.27717,45.47435],[11.27701,45.47436],[11.2769,45.47438],[11.27677,45.47441],[11.27669,45.47445],[11.27659,45.47451],[11.27638,45.47463],[11.27617,45.47473],[11.27598,45.47484],[11.27587,45.47491],[11.27577,45.475],[11.27563,45.47513],[11.27542,45.47532],[11.27529,45.47542],[11.27516,45.47554],[11.27508,45.47565],[11.27499,45.4758],[11.27491,45.47599],[11.27487,45.47618],[11.27483,45.47631],[11.27481,45.47638],[11.27476,45.47642],[11.27467,45.47646],[11.27458,45.47647],[11.27446,45.47645],[11.27433,45.47644],[11.27417,45.47643],[11.27404,45.47644],[11.27396,45.47646],[11.27389,45.4765],[11.27381,45.47655],[11.27372,45.47658],[11.27358,45.47659],[11.27339,45.47656],[11.27321,45.47654],[11.27303,45.47655],[11.27287,45.47658],[11.27269,45.47662],[11.27255,45.47665],[11.2724,45.47666],[11.2723,45.47665],[11.2722,45.47661],[11.27209,45.47654],[11.27191,45.47644],[11.27175,45.47638],[11.27165,45.47635],[11.27154,45.47635],[11.27138,45.47637],[11.27129,45.47636],[11.27123,45.47635],[11.27113,45.47629],[11.27059,45.47594],[11.27043,45.47609],[11.27024,45.47629],[11.27001,45.47655],[11.26969,45.47672],[11.26953,45.47674],[11.26904,45.47669],[11.26861,45.47673],[11.26816,45.4769],[11.26725,45.47717],[11.26691,45.47726],[11.26671,45.47727],[11.26655,45.47723],[11.26631,45.4771],[11.26621,45.47704],[11.26596,45.47697],[11.26563,45.47697],[11.26518,45.47703],[11.26498,45.47705],[11.26481,45.47707],[11.26469,45.47704],[11.2646,45.47697],[11.26443,45.47683],[11.26433,45.47674],[11.26418,45.47668],[11.26409,45.47675],[11.26324,45.47733],[11.26314,45.47747],[11.26305,45.47743],[11.26298,45.4774],[11.26275,45.47728],[11.26262,45.47725],[11.26229,45.47728],[11.26196,45.47734],[11.26153,45.47737],[11.26132,45.47735],[11.26111,45.47732],[11.26084,45.47728],[11.26056,45.47724],[11.2603,45.47722],[11.2602,45.47724],[11.26014,45.47725],[11.2601,45.47725],[11.25995,45.4773],[11.25983,45.47736],[11.25966,45.47744],[11.25943,45.47754],[11.25924,45.47761],[11.25916,45.47762],[11.25909,45.47762],[11.25898,45.47761],[11.25889,45.47759],[11.25881,45.47756],[11.25863,45.4775],[11.25849,45.47747],[11.25834,45.47744],[11.25818,45.47743],[11.25799,45.47745],[11.25789,45.47747],[11.25783,45.47761],[11.25774,45.4778],[11.25765,45.47794],[11.2575,45.47818],[11.25719,45.47868],[11.25704,45.4789],[11.25695,45.47907],[11.25684,45.47924],[11.25668,45.47951],[11.25659,45.47967],[11.25653,45.47975],[11.25624,45.4802],[11.25605,45.48047],[11.25621,45.48053]]},"properties":{"town_name":"Roncà"}},{"type":"Feature","geometry":{"type":"LineString","coordinates":[[11.36223,45.48988],[11.36213,45.48984],[11.36206,45.48984],[11.36049,45.48986],[11.36029,45.48987],[11.36011,45.4899],[11.35997,45.48997],[11.3599,45.49006],[11.35987,45.49018],[11.35991,45.49033],[11.36002,45.49075],[11.36004,45.49097],[11.36,45.49121],[11.35991,45.4915],[11.35988,45.49158],[11.35994,45.4916],[11.35996,45.49163],[11.35993,45.49167],[11.36005,45.49176],[11.36023,45.49187],[11.3608,45.49223],[11.36107,45.49239],[11.36115,45.49246],[11.36127,45.49257],[11.36143,45.49274],[11.36156,45.49296],[11.3618,45.49336],[11.3619,45.49347],[11.36213,45.49363],[11.36351,45.49452],[11.36376,45.4947],[11.3625,45.49555],[11.36169,45.49602],[11.3615,45.49612],[11.35953,45.49713],[11.35921,45.49731],[11.35866,45.49765],[11.35783,45.49831],[11.35638,45.49947],[11.35554,45.50011],[11.35469,45.50072],[11.35369,45.50134],[11.35361,45.50139],[11.35355,45.50142],[11.35348,45.50147],[11.35337,45.50154],[11.35224,45.50226],[11.35076,45.50329],[11.35007,45.50376],[11.34965,45.50403],[11.3489,45.50451],[11.34822,45.50504],[11.34731,45.5059],[11.34651,45.50685],[11.34586,45.50764],[11.34563,45.5079],[11.34509,45.5085],[11.34448,45.50925],[11.34491,45.50943],[11.34614,45.50995],[11.34656,45.51014],[11.34681,45.51024],[11.34685,45.51025],[11.347,45.51038],[11.34706,45.51048],[11.34712,45.51065],[11.34713,45.51104],[11.34716,45.51142],[11.3471,45.51163],[11.34701,45.51177],[11.34675,45.51197],[11.34631,45.51213],[11.34462,45.51286],[11.34421,45.51241]]},"properties":{"town_name":"Montorso Vicentino"}},{"type":"Feature","geometry":{"type":"LineString","coordinates":[[11.45812,45.56049],[11.45811,45.56048],[11.45809,45.56048],[11.45806,45.56047],[11.45803,45.56048],[11.45801,45.56049],[11.458,45.5605],[11.45799,45.56052],[11.45798,45.56053],[11.45799,45.56055],[11.4578,45.56062],[11.4577,45.56066],[11.45742,45.56079],[11.45699,45.561],[11.45681,45.56108],[11.45668,45.56113],[11.45653,45.56117],[11.45639,45.56119],[11.45635,45.5612],[11.45599,45.56125],[11.45565,45.56128],[11.45552,45.5613],[11.45542,45.56133],[11.45534,45.56137],[11.45525,45.56141],[11.45475,45.56178],[11.45448,45.56199],[11.45423,45.56219],[11.45419,45.56216],[11.45417,45.56214],[11.45417,45.56209],[11.4542,45.56203],[11.45427,45.56193],[11.45435,45.56181],[11.45438,45.56166],[11.45437,45.56154],[11.4543,45.56138],[11.4542,45.56124],[11.45414,45.56118],[11.4541,45.56115],[11.45384,45.56097],[11.45367,45.56087],[11.45367,45.56073],[11.45373,45.56053],[11.4538,45.56044],[11.45376,45.56038],[11.45356,45.56041],[11.4533,45.56046],[11.45281,45.56055],[11.45243,45.56062],[11.45239,45.56061],[11.45231,45.5606],[11.45222,45.56061],[11.45205,45.56065],[11.45165,45.56076],[11.45091,45.56093],[11.45079,45.56096],[11.45077,45.56097],[11.45071,45.56099],[11.45063,45.56104],[11.45058,45.5611],[11.45054,45.56115],[11.45053,45.5612],[11.45051,45.56127],[11.4505,45.56134],[11.45047,45.56143],[11.45044,45.56149],[11.4504,45.56154],[11.45034,45.56161],[11.45025,45.56167],[11.45016,45.56172],[11.45012,45.56173],[11.45009,45.56171],[11.45006,45.56167],[11.45004,45.56163],[11.45003,45.5616],[11.45004,45.56157],[11.45004,45.56155],[11.45004,45.56152],[11.45005,45.56148],[11.45005,45.56144],[11.45003,45.56141],[11.45,45.56138],[11.44995,45.56136],[11.44989,45.56135],[11.44982,45.56134],[11.44972,45.56134],[11.44965,45.56133],[11.44958,45.56131],[11.44955,45.56129],[11.44949,45.56125],[11.44943,45.56121],[11.44934,45.56117],[11.44929,45.56115],[11.44923,45.56114],[11.44915,45.56113],[11.44908,45.56112],[11.44897,45.56112],[11.44885,45.56112],[11.44879,45.56111],[11.44873,45.56109],[11.44869,45.56107],[11.44865,45.56107],[11.44858,45.56108],[11.4485,45.5611],[11.44841,45.56113],[11.4483,45.56117],[11.44821,45.5612],[11.44813,45.56117],[11.448,45.56112],[11.44798,45.5612],[11.44794,45.56128],[11.4479,45.56137],[11.44786,45.56143],[11.44783,45.56147],[11.4478,45.5615],[11.44778,45.56152],[11.44773,45.56155],[11.44768,45.56157],[11.44753,45.56162],[11.44748,45.56165],[11.44741,45.56169],[11.44732,45.56177],[11.44727,45.56182],[11.44724,45.56189],[11.4472,45.56201],[11.44717,45.5622],[11.44712,45.56239],[11.44709,45.56255],[11.44703,45.56275],[11.44696,45.56294],[11.44693,45.56301],[11.44686,45.56314],[11.44676,45.5633],[11.44668,45.56347],[11.44663,45.56363],[11.44663,45.56369],[11.44666,45.56383],[11.44669,45.56399],[11.4467,45.56419],[11.44668,45.5644],[11.44668,45.56454],[11.44668,45.56461],[11.4467,45.56474],[11.44675,45.56494],[11.44685,45.56516],[11.44694,45.56536],[11.44697,45.56553],[11.44699,45.56558],[11.44705,45.56579],[11.4471,45.56596],[11.44712,45.56622],[11.44714,45.56639],[11.44721,45.56663],[11.44725,45.56672],[11.4473,45.56684],[11.4474,45.56703],[11.44741,45.56707],[11.44748,45.56728],[11.4475,45.56735],[11.44751,45.56749],[11.44751,45.5677],[11.44753,45.5679],[11.44754,45.56812],[11.44763,45.56832],[11.44771,45.56849],[11.44779,45.56855],[11.44793,45.56867],[11.44805,45.56874],[11.44835,45.56889],[11.44854,45.56906],[11.44868,45.5692],[11.44876,45.56932],[11.44878,45.56936],[11.44878,45.56949],[11.44873,45.56955],[11.44864,45.5696],[11.44832,45.56976],[11.44791,45.56995],[11.44784,45.56998],[11.44761,45.57017],[11.44748,45.57041],[11.44746,45.57049],[11.44745,45.57059],[11.44745,45.57064],[11.44746,45.57088],[11.44748,45.57107],[11.44757,45.57128],[11.44754,45.57149],[11.4475,45.57161],[11.44752,45.57183],[11.4475,45.57189],[11.44748,45.57199],[11.4474,45.57209],[11.44734,45.57226],[11.44733,45.57233],[11.44726,45.57258],[11.44716,45.57277],[11.4472,45.57289],[11.44722,45.57323],[11.44725,45.57339],[11.44731,45.5736],[11.44736,45.57377],[11.44738,45.57382],[11.44744,45.574],[11.44748,45.5741],[11.44749,45.57415],[11.44748,45.5742],[11.44748,45.57429],[11.44744,45.57434],[11.44742,45.57439],[11.4474,45.57445],[11.44738,45.5746],[11.44739,45.57491],[11.44739,45.57516],[11.44735,45.57527],[11.44731,45.57536],[11.4472,45.57551],[11.44699,45.57569],[11.44676,45.57587],[11.44652,45.57604],[11.4463,45.57619],[11.44613,45.57632],[11.44603,45.57637],[11.44598,45.5764],[11.44591,45.57644],[11.44578,45.57656],[11.44557,45.57679],[11.44553,45.57682],[11.44551,45.57683],[11.44547,45.57685],[11.44555,45.57717],[11.44561,45.57753],[11.44571,45.57822],[11.44572,45.57833],[11.44552,45.57924],[11.44535,45.58001],[11.44534,45.58007],[11.44531,45.58023],[11.44527,45.58042],[11.44509,45.58114],[11.4449,45.58171],[11.44471,45.58218],[11.44461,45.58241],[11.44455,45.58258],[11.44452,45.58269],[11.4445,45.58279],[11.4445,45.58286],[11.4445,45.58294],[11.4445,45.58315],[11.44449,45.58323],[11.44445,45.58332],[11.44442,45.58337],[11.44443,45.58344],[11.44434,45.58347],[11.44425,45.5835],[11.4441,45.58352],[11.44394,45.58355],[11.44374,45.58358],[11.44364,45.5836],[11.44354,45.58363],[11.44339,45.58367],[11.44324,45.58373],[11.44311,45.5838],[11.44276,45.58404],[11.44265,45.58413],[11.4425,45.58422],[11.44209,45.58442],[11.44184,45.58455],[11.44057,45.58518],[11.4405,45.58523],[11.44041,45.58531],[11.44016,45.58582],[11.43999,45.58631],[11.43997,45.58637],[11.43993,45.58647],[11.44,45.5867],[11.44003,45.58678],[11.44006,45.58699],[11.44006,45.58718],[11.43968,45.58787],[11.43966,45.58813],[11.43967,45.58822],[11.4398,45.5884],[11.43986,45.58851],[11.43987,45.5886],[11.43987,45.58866],[11.43988,45.58876],[11.43988,45.58884],[11.43985,45.58894],[11.43983,45.58898],[11.43979,45.58901],[11.43975,45.58903],[11.43971,45.58903],[11.43965,45.58903],[11.43961,45.58901],[11.43958,45.58899],[11.43956,45.58893],[11.43956,45.58888],[11.43954,45.58881],[11.43951,45.58876],[11.43944,45.5887],[11.43944,45.5887]]},"properties":{"town_name":"Monteviale"}},{"type":"Feature","geometry":{"type":"LineString","coordinates":[[12.71037,45.69054],[12.71037,45.69052],[12.71038,45.69051],[12.7104,45.6905],[12.71043,45.69048],[12.71046,45.69048],[12.71049,45.69048],[12.71051,45.69048],[12.71053,45.69049],[12.71054,45.6905],[12.71055,45.69051],[12.71056,45.69052],[12.71057,45.69053],[12.71064,45.69051],[12.7108,45.69047],[12.71149,45.69031],[12.71165,45.69028],[12.71232,45.69017],[12.71241,45.69015],[12.71327,45.69003],[12.71479,45.68982],[12.71482,45.68981],[12.71507,45.6909],[12.7151,45.69104],[12.71512,45.69123],[12.71512,45.69149],[12.71509,45.69169],[12.71506,45.69179],[12.71503,45.69188],[12.71491,45.69208],[12.71484,45.69225],[12.7148,45.69238],[12.71403,45.69321],[12.71392,45.69333],[12.71366,45.69359],[12.71347,45.69374],[12.7132,45.69391],[12.713,45.69401],[12.71283,45.69408],[12.71262,45.69413],[12.71215,45.69421],[12.71192,45.69424],[12.7118,45.69425],[12.71111,45.6942],[12.71095,45.69421],[12.71086,45.69421],[12.71076,45.69423],[12.71067,45.69425],[12.71053,45.69431],[12.71048,45.69434],[12.71037,45.6944],[12.7095,45.69492],[12.70881,45.69547],[12.70803,45.69617],[12.7079,45.69626],[12.70746,45.69647],[12.70726,45.69657],[12.70703,45.69668],[12.70692,45.69675],[12.70686,45.69682],[12.70683,45.6969],[12.70683,45.69693],[12.70683,45.69696],[12.70685,45.69702],[12.70692,45.69713],[12.70752,45.69779],[12.70772,45.69805],[12.70815,45.69851],[12.70874,45.6991],[12.71038,45.70067],[12.71069,45.70098],[12.71085,45.70122],[12.71092,45.70138],[12.71094,45.70149],[12.71095,45.70165],[12.71093,45.70173],[12.71089,45.70186],[12.71084,45.70196],[12.71072,45.70212],[12.71058,45.70225],[12.71038,45.70238],[12.70985,45.70263],[12.70762,45.70362],[12.70633,45.70417],[12.70478,45.70493],[12.70475,45.70495],[12.70409,45.70526],[12.70355,45.70547],[12.70186,45.70605],[12.70182,45.70614],[12.70107,45.70643],[12.701,45.70647],[12.70091,45.70655],[12.70098,45.70675],[12.70116,45.70703],[12.70132,45.70725],[12.70269,45.70885],[12.70276,45.70893],[12.70283,45.70898],[12.70304,45.70908],[12.70326,45.70917],[12.7034,45.70928],[12.70388,45.70973],[12.70399,45.70986],[12.70405,45.70994],[12.70408,45.71003],[12.70409,45.7102],[12.70407,45.71041],[12.70398,45.71075],[12.70386,45.71103],[12.70383,45.71113],[12.70384,45.7112],[12.70387,45.71127],[12.70417,45.71169],[12.7042,45.71173],[12.70423,45.71177],[12.70438,45.71194],[12.7044,45.71199],[12.7044,45.71204],[12.70439,45.71213],[12.70393,45.71302],[12.70239,45.71602],[12.70235,45.71607],[12.70231,45.71612],[12.70227,45.71617],[12.70207,45.71613],[12.70189,45.71613],[12.70181,45.71615],[12.70172,45.71619],[12.70163,45.71625],[12.70153,45.71633],[12.70127,45.71679],[12.70122,45.71678],[12.70112,45.71695],[12.70034,45.71833],[12.70032,45.71837],[12.70027,45.71841],[12.70021,45.71844],[12.70013,45.71847],[12.70005,45.71847],[12.69994,45.71846],[12.69992,45.7185],[12.69888,45.71822],[12.69884,45.71829],[12.69882,45.7183],[12.69796,45.71809],[12.69792,45.71817],[12.69789,45.71821],[12.69838,45.71834],[12.69868,45.71844],[12.69875,45.7185],[12.69876,45.71856],[12.69853,45.71895],[12.69846,45.71907]]},"properties":{"town_name":"Torre di Mosto"}},{"type":"Feature","geometry":{"type":"LineString","coordinates":[[12.49222,45.67896],[12.49222,45.67897],[12.49222,45.679],[12.4922,45.67902],[12.49218,45.67904],[12.49214,45.67924],[12.49212,45.67929],[12.49205,45.67938],[12.49187,45.67958],[12.49163,45.67976],[12.49103,45.68012],[12.49093,45.68019],[12.49036,45.68059],[12.48997,45.68087],[12.48942,45.68123],[12.48926,45.68136],[12.48913,45.68148],[12.48904,45.6816],[12.48899,45.6817],[12.48888,45.68192],[12.48871,45.68235],[12.48861,45.68263],[12.48859,45.68279],[12.48861,45.68303],[12.48872,45.68506],[12.48871,45.68516],[12.48871,45.68521],[12.4887,45.68533],[12.48865,45.68543],[12.48858,45.68554],[12.48848,45.68562],[12.48837,45.68569],[12.48822,45.68575],[12.48796,45.6858],[12.48665,45.6859],[12.48531,45.68602],[12.48474,45.68608],[12.48466,45.68608],[12.48419,45.68616],[12.48356,45.68628],[12.48272,45.68643],[12.48218,45.68652],[12.48202,45.68656],[12.48191,45.68664],[12.48185,45.68675],[12.48186,45.68688],[12.48188,45.68718],[12.48193,45.68793],[12.47925,45.68815],[12.47882,45.68819],[12.47784,45.68829],[12.47666,45.6885],[12.47577,45.68872],[12.47512,45.68894],[12.47482,45.68903],[12.47396,45.6894],[12.47357,45.68959],[12.47225,45.69024],[12.46954,45.69157],[12.46918,45.69173],[12.4687,45.69196],[12.46741,45.6926],[12.46672,45.69294],[12.46458,45.69397],[12.46368,45.69441],[12.46157,45.69543],[12.4596,45.69638],[12.45942,45.69642],[12.45862,45.69651],[12.45826,45.69655],[12.45821,45.69667],[12.45813,45.69681],[12.45779,45.69745],[12.45757,45.69787],[12.45737,45.69825],[12.45732,45.69837],[12.4573,45.69847],[12.45729,45.69855],[12.45731,45.69864],[12.45733,45.69873],[12.45735,45.69881],[12.45734,45.69893],[12.45731,45.69906],[12.45704,45.69973],[12.45691,45.70001],[12.45629,45.70152],[12.45608,45.70202],[12.4557,45.70268],[12.45501,45.70364],[12.45473,45.70402],[12.4545,45.70429],[12.45358,45.70532],[12.4534,45.70545],[12.45312,45.7056],[12.45296,45.70565],[12.4508,45.70597],[12.45057,45.70601],[12.45048,45.70602],[12.4504,45.70602],[12.45,45.70606],[12.44993,45.70608],[12.44957,45.70613],[12.44941,45.70615],[12.44892,45.70622],[12.4485,45.70628],[12.44813,45.70633],[12.44793,45.70636],[12.44778,45.7064],[12.44772,45.70642],[12.44745,45.70651],[12.4472,45.7066],[12.44635,45.70694],[12.4463,45.70701],[12.44629,45.7071],[12.4463,45.70717],[12.44632,45.70723],[12.44637,45.70725],[12.44724,45.70754],[12.44762,45.70767],[12.44788,45.70775],[12.44808,45.70782],[12.44855,45.70797],[12.449,45.70811],[12.4494,45.70824],[12.44964,45.70831],[12.44999,45.70839],[12.45004,45.7084],[12.45029,45.70844],[12.45073,45.70851],[12.45108,45.70856],[12.4515,45.70862],[12.45179,45.70868],[12.45203,45.70875],[12.45228,45.70885],[12.45251,45.70896],[12.45273,45.70908],[12.45286,45.70916],[12.45308,45.70935],[12.45325,45.70953],[12.4533,45.70959],[12.45359,45.70993],[12.45381,45.71018],[12.45397,45.71037],[12.45462,45.71113],[12.45483,45.71137],[12.45532,45.71192],[12.45554,45.71218],[12.45606,45.71278],[12.45622,45.71294],[12.45649,45.71319],[12.45665,45.71332],[12.45687,45.71349],[12.45707,45.71361],[12.45737,45.71378],[12.4577,45.71394],[12.45796,45.71406],[12.45815,45.71415],[12.45842,45.71424],[12.45882,45.71436],[12.4595,45.71453],[12.45985,45.71462],[12.46036,45.71475],[12.46067,45.71486],[12.46082,45.7149],[12.46091,45.71494],[12.46097,45.71498],[12.46107,45.71505],[12.46108,45.71506],[12.4611,45.71509],[12.46113,45.7151],[12.46117,45.71512],[12.46121,45.71513],[12.46125,45.71514],[12.4613,45.71514],[12.46135,45.71513],[12.46146,45.71511],[12.46153,45.71511],[12.4616,45.71511],[12.4618,45.71513],[12.46191,45.71517],[12.46319,45.7155],[12.46347,45.71557],[12.46352,45.71558],[12.46357,45.7156],[12.46364,45.71561],[12.46385,45.71566],[12.46395,45.71569],[12.4643,45.71577],[12.46497,45.71595],[12.46507,45.71598],[12.46519,45.71601],[12.46532,45.71604],[12.46553,45.7161],[12.46575,45.71617],[12.46579,45.71619],[12.46598,45.71635],[12.46606,45.71644],[12.46616,45.71654],[12.46631,45.71667],[12.46637,45.71672],[12.46642,45.71676],[12.46649,45.71682],[12.46667,45.71699],[12.46868,45.71661],[12.46871,45.71666],[12.46881,45.71663],[12.46914,45.71688],[12.46972,45.71748],[12.47047,45.71717],[12.47073,45.71707],[12.47136,45.71679],[12.47164,45.71665],[12.47174,45.7166],[12.47221,45.7163],[12.47226,45.71625],[12.47231,45.71628],[12.47258,45.71608],[12.47294,45.71591],[12.47376,45.71558],[12.47408,45.71545],[12.47445,45.7153],[12.47517,45.71501],[12.47561,45.71483],[12.47681,45.71433],[12.47937,45.71328],[12.48084,45.71265],[12.48184,45.71223],[12.48242,45.71193],[12.48268,45.71174],[12.48282,45.71162],[12.48303,45.71143],[12.48334,45.71103],[12.48418,45.71001],[12.48513,45.70888],[12.48576,45.70838],[12.48591,45.70825],[12.48596,45.7082],[12.48602,45.70813],[12.48612,45.708],[12.48614,45.70796],[12.48621,45.70785],[12.48629,45.70772],[12.48663,45.70711],[12.48672,45.70696],[12.48678,45.70685],[12.48687,45.70674],[12.48694,45.70664],[12.48697,45.70661],[12.48705,45.70653],[12.48717,45.70643],[12.48735,45.7063],[12.48755,45.70617],[12.48793,45.70598],[12.48795,45.70598],[12.48859,45.70569],[12.48875,45.70562],[12.48915,45.70545],[12.48922,45.70542],[12.48977,45.70521],[12.49007,45.7051],[12.49024,45.70504],[12.49121,45.70468],[12.49217,45.70432],[12.49232,45.70427],[12.49247,45.70422]]},"properties":{"town_name":"Zenson di Piave"}},{"type":"Feature","geometry":{"type":"LineString","coordinates":[[11.56493,45.75863],[11.56491,45.75863],[11.56477,45.75866],[11.56466,45.75865],[11.56454,45.75892],[11.56431,45.75931],[11.56417,45.75955],[11.56408,45.75964],[11.56362,45.75977],[11.56334,45.75984],[11.56312,45.75997],[11.5623,45.75981],[11.56209,45.75977],[11.5619,45.7597],[11.56164,45.75941],[11.56145,45.75925],[11.56115,45.75921],[11.5608,45.75923],[11.5605,45.75941],[11.56052,45.75925],[11.56051,45.75908],[11.56052,45.75879],[11.56045,45.75858],[11.56038,45.75841],[11.56029,45.75825],[11.56025,45.75816],[11.56029,45.7581],[11.56021,45.7581],[11.56007,45.75809],[11.56,45.75809],[11.55995,45.75804],[11.5599,45.75802],[11.55972,45.75801],[11.55945,45.75798],[11.55924,45.75794],[11.55904,45.75791],[11.55887,45.7579],[11.5587,45.75783],[11.55848,45.75768],[11.55843,45.75752],[11.55839,45.75734],[11.55835,45.75717],[11.55835,45.75702],[11.55816,45.75692],[11.55796,45.75688],[11.55771,45.75693],[11.55745,45.757],[11.5574,45.75701],[11.55722,45.75704],[11.55712,45.75703],[11.55701,45.75701],[11.55698,45.75686],[11.55709,45.75664],[11.55718,45.75647],[11.55728,45.75638],[11.55708,45.75626],[11.557,45.75619],[11.55698,45.75598],[11.55698,45.75584],[11.55687,45.75566],[11.55666,45.75561],[11.55657,45.75558],[11.55645,45.75569],[11.55635,45.75565],[11.55627,45.75562],[11.55617,45.75569],[11.55611,45.75575],[11.55607,45.75583],[11.55604,45.75597],[11.55612,45.75608],[11.55606,45.75619],[11.55598,45.75633],[11.55591,45.75632],[11.55568,45.75606],[11.55568,45.756],[11.55564,45.75592],[11.55565,45.75585],[11.55561,45.75573],[11.55556,45.75562],[11.55545,45.75553],[11.55542,45.7555],[11.55532,45.75545],[11.55513,45.75523],[11.55475,45.75509],[11.55472,45.75479],[11.5546,45.75458],[11.55447,45.75445],[11.55432,45.75436],[11.55422,45.7544],[11.55412,45.75428],[11.55407,45.75414],[11.5539,45.75403],[11.55379,45.75394],[11.55381,45.75384],[11.55392,45.75379],[11.55407,45.75378],[11.55427,45.75381],[11.55442,45.75377],[11.55453,45.75386],[11.55475,45.75399],[11.55503,45.75402],[11.55522,45.75396],[11.55495,45.75363],[11.55459,45.75324],[11.55452,45.75312],[11.55419,45.75292],[11.55357,45.75253],[11.55278,45.75225],[11.55249,45.75209],[11.55197,45.75199],[11.55159,45.75175],[11.55098,45.75155],[11.55089,45.75135],[11.55042,45.75095],[11.54983,45.75045],[11.54948,45.75036],[11.54918,45.75025],[11.54918,45.75012],[11.54926,45.74983],[11.5493,45.74945],[11.54923,45.74908],[11.54914,45.7491],[11.54894,45.74912],[11.54878,45.74916],[11.54863,45.74915],[11.54843,45.74909],[11.54739,45.74852],[11.54723,45.74834],[11.54718,45.74821],[11.54685,45.74741],[11.54667,45.74699],[11.54665,45.7467],[11.54664,45.74639],[11.54694,45.74548],[11.54695,45.74483],[11.54692,45.74416],[11.54687,45.74395],[11.54681,45.74385],[11.54674,45.7438],[11.54668,45.74376],[11.54657,45.74375],[11.54655,45.74353],[11.54649,45.74316],[11.54645,45.74286],[11.54644,45.74275],[11.54645,45.74266],[11.54626,45.7426],[11.54606,45.74246],[11.54586,45.74238],[11.54575,45.74239],[11.54564,45.74243],[11.54549,45.74255],[11.54529,45.74265],[11.54513,45.74267],[11.54496,45.74265],[11.54436,45.74252],[11.54424,45.7425],[11.54317,45.74206],[11.54305,45.74205],[11.54255,45.742],[11.54194,45.74212],[11.54152,45.74231],[11.54139,45.74247],[11.54139,45.74256],[11.54154,45.74296],[11.54152,45.74303],[11.54139,45.74315],[11.54088,45.74336],[11.54048,45.74352],[11.53991,45.7436],[11.53939,45.74377],[11.53745,45.74352],[11.53737,45.7435],[11.53713,45.7435],[11.53528,45.74325],[11.53507,45.74325],[11.53494,45.74329],[11.53481,45.74333],[11.53467,45.74343],[11.53386,45.74456],[11.53353,45.745],[11.53292,45.74582],[11.53275,45.74597],[11.53262,45.74604],[11.5325,45.74609],[11.53242,45.74613],[11.53202,45.74625],[11.53097,45.74651],[11.52982,45.74681],[11.52949,45.74689],[11.5294,45.7469],[11.52935,45.74692],[11.52936,45.74696],[11.52934,45.74698],[11.5293,45.74701],[11.5293,45.7471],[11.5293,45.74723],[11.52917,45.74772],[11.52911,45.74786],[11.52904,45.74795],[11.52906,45.748],[11.52918,45.74889],[11.52814,45.7487]]},"properties":{"town_name":"Salcedo"}},{"type":"Feature","geometry":{"type":"LineString","coordinates":[[12.55041,45.78696],[12.55038,45.78693],[12.5503,45.78695],[12.55016,45.78701],[12.55008,45.78705],[12.54978,45.78719],[12.54964,45.78727],[12.54928,45.78743],[12.54908,45.78752],[12.54884,45.7876],[12.5487,45.78763],[12.54854,45.78766],[12.5483,45.78768],[12.54812,45.78768],[12.54797,45.78768],[12.54771,45.78767],[12.54741,45.78765],[12.54715,45.78763],[12.54532,45.78751],[12.54513,45.7875],[12.54503,45.78749],[12.54481,45.78748],[12.54478,45.78747],[12.54454,45.78746],[12.54361,45.78739],[12.54356,45.78739],[12.54345,45.78738],[12.54287,45.78734],[12.54213,45.78729],[12.53989,45.78715],[12.53989,45.78706],[12.53972,45.78704],[12.53943,45.78699],[12.53911,45.78691],[12.53901,45.787],[12.53897,45.78702],[12.53891,45.78705],[12.5388,45.78708],[12.53852,45.78717],[12.53836,45.78721],[12.53814,45.78727],[12.53805,45.78728],[12.538,45.78728],[12.53795,45.78727],[12.53791,45.78725],[12.53789,45.78723],[12.53769,45.78701],[12.53768,45.78696],[12.5377,45.78691],[12.53775,45.78683],[12.53777,45.78679],[12.53778,45.78674],[12.53773,45.78662],[12.5377,45.78655],[12.5377,45.78648],[12.53771,45.78642],[12.53774,45.7863],[12.53781,45.78612],[12.53786,45.78594],[12.53777,45.78577],[12.53772,45.78574],[12.53766,45.78571],[12.53722,45.78549],[12.53709,45.78543],[12.53695,45.78539],[12.53666,45.78533],[12.53638,45.78531],[12.53601,45.78529],[12.53573,45.78528],[12.53535,45.78523],[12.53446,45.78506],[12.53422,45.78501],[12.53397,45.78492],[12.53383,45.78485],[12.53274,45.78415],[12.53249,45.78403],[12.53218,45.78392],[12.5317,45.78381],[12.53118,45.78372],[12.53042,45.78365],[12.52989,45.78361],[12.52948,45.78355],[12.52904,45.78344],[12.52855,45.7833],[12.52664,45.78273],[12.52628,45.78264],[12.52604,45.78259],[12.52576,45.78257],[12.52422,45.7827],[12.52405,45.7827],[12.52389,45.78267],[12.5238,45.78262],[12.52373,45.78254],[12.52363,45.78236],[12.52325,45.78175],[12.52304,45.78145],[12.52287,45.78123],[12.52271,45.78111],[12.52255,45.78101],[12.52233,45.78095],[12.52179,45.78084],[12.5211,45.78073],[12.52087,45.78068],[12.5207,45.7807],[12.52051,45.78076],[12.52027,45.78085],[12.52007,45.78091],[12.5199,45.78094],[12.51974,45.78094],[12.51962,45.78093],[12.5195,45.78089],[12.51938,45.78083],[12.51929,45.78076],[12.51924,45.78069],[12.5192,45.78062],[12.51918,45.78055],[12.51917,45.78046],[12.51918,45.7804],[12.5192,45.78035],[12.51921,45.78033],[12.51924,45.78024],[12.51926,45.78017],[12.51956,45.77941],[12.5196,45.77932],[12.51961,45.77927],[12.51965,45.77916],[12.51966,45.77915],[12.51966,45.77902],[12.51985,45.77882],[12.51995,45.77874],[12.52011,45.7786],[12.52033,45.77843],[12.5206,45.77819],[12.52074,45.77805],[12.5208,45.77794],[12.52079,45.77784],[12.52078,45.77775],[12.52107,45.77754],[12.52117,45.77742],[12.5211,45.77667],[12.52096,45.77609],[12.52095,45.77572],[12.5209,45.77555],[12.52066,45.77529],[12.52062,45.77523],[12.52061,45.7752],[12.52061,45.77514],[12.52063,45.7751],[12.52065,45.77506],[12.52071,45.77499],[12.52083,45.77487],[12.52095,45.77473],[12.52104,45.77461],[12.52108,45.77454],[12.52111,45.77448],[12.52114,45.77442],[12.52115,45.77439],[12.52114,45.77436],[12.52094,45.77383],[12.52083,45.77341],[12.52078,45.77302],[12.52076,45.77297],[12.52076,45.77292],[12.52074,45.77286],[12.52072,45.77282],[12.52071,45.77278],[12.52068,45.77274],[12.52063,45.77265],[12.5206,45.77259],[12.52058,45.77255],[12.52055,45.77251],[12.52052,45.77241],[12.52052,45.77235],[12.52056,45.77223],[12.52058,45.77219],[12.5206,45.77215],[12.52064,45.7721],[12.52068,45.77205],[12.52073,45.77201],[12.52076,45.77195],[12.52088,45.77163],[12.52095,45.77148],[12.52105,45.77139],[12.52112,45.77134],[12.52115,45.77131],[12.52118,45.77128],[12.52121,45.77123],[12.52122,45.77115],[12.52118,45.77054],[12.52118,45.77049],[12.52126,45.77012],[12.52129,45.76995],[12.52132,45.76964],[12.52132,45.76962],[12.52132,45.7696],[12.52129,45.76949],[12.52124,45.76936],[12.52123,45.76934],[12.52105,45.76892],[12.52088,45.76855],[12.52087,45.76852],[12.52078,45.76831],[12.52075,45.76826],[12.52073,45.76821],[12.52061,45.76792],[12.52057,45.76785],[12.52058,45.7678],[12.52062,45.76777],[12.52087,45.76772],[12.52094,45.7677],[12.52099,45.76769],[12.52107,45.76767],[12.52108,45.7677],[12.52122,45.76766],[12.5213,45.76765],[12.52135,45.76762],[12.52146,45.76749],[12.52159,45.76754],[12.52167,45.76745],[12.52169,45.76742],[12.52199,45.76706],[12.52249,45.76726]]},"properties":{"town_name":"Gorgo al Monticano"}},{"type":"Feature","geometry":{"type":"LineString","coordinates":[[11.5121,45.76594],[11.51219,45.76601],[11.5122,45.76602],[11.51225,45.766],[11.51229,45.76598],[11.51222,45.7659],[11.51219,45.76581],[11.51217,45.76576],[11.51212,45.76568],[11.51207,45.76548],[11.51203,45.7654],[11.51189,45.76508],[11.51188,45.76499],[11.51183,45.76487],[11.51179,45.76479],[11.51174,45.76467],[11.51169,45.76459],[11.5116,45.7644],[11.5115,45.76422],[11.51135,45.76401],[11.51117,45.76373],[11.51102,45.76358],[11.51084,45.76341],[11.51071,45.76332],[11.51062,45.76326],[11.51055,45.76323],[11.51091,45.76294],[11.51123,45.76279],[11.51165,45.76259],[11.51168,45.76257],[11.51183,45.76249],[11.51192,45.76244],[11.51204,45.76236],[11.51214,45.76229],[11.51225,45.76219],[11.51241,45.76204],[11.51257,45.76185],[11.51293,45.76136],[11.51308,45.76115],[11.51326,45.76096],[11.51452,45.7599],[11.51472,45.75968],[11.51482,45.75953],[11.51486,45.75936],[11.51491,45.7591],[11.51509,45.75677],[11.51514,45.75638],[11.5152,45.75608],[11.51538,45.75541],[11.51585,45.75396],[11.5159,45.75384],[11.51598,45.75373],[11.51607,45.75364],[11.51618,45.75356],[11.51672,45.75325],[11.51717,45.75296],[11.5173,45.75284],[11.51741,45.75289],[11.51771,45.75251],[11.51807,45.75206],[11.51831,45.75191],[11.51886,45.75152],[11.51894,45.7515],[11.51904,45.75151],[11.5191,45.75153],[11.51918,45.75166],[11.5192,45.75174],[11.51929,45.75183],[11.51942,45.75191],[11.51959,45.75196],[11.51977,45.75198],[11.51992,45.75202],[11.52009,45.75207],[11.52012,45.7519],[11.52024,45.75182],[11.52034,45.7518],[11.52052,45.75185],[11.52063,45.75192],[11.52072,45.75197],[11.5208,45.752],[11.52086,45.75199],[11.52099,45.75199],[11.52108,45.75194],[11.52123,45.75199],[11.52152,45.75203],[11.52167,45.752],[11.52182,45.75201],[11.52202,45.75205],[11.52233,45.75215],[11.5227,45.75225],[11.52272,45.75201],[11.52281,45.75189],[11.52295,45.75177],[11.52291,45.75142],[11.52294,45.75127],[11.52304,45.75122],[11.52309,45.75119],[11.52341,45.75098],[11.52355,45.75088],[11.52403,45.75048],[11.52445,45.75015],[11.52557,45.74927],[11.52568,45.7492],[11.5262,45.74888],[11.52677,45.7486],[11.52718,45.74841],[11.52756,45.74824],[11.52783,45.74816],[11.52814,45.74811],[11.52846,45.74806],[11.52878,45.74802],[11.52895,45.74798],[11.52904,45.74795],[11.52906,45.748],[11.52918,45.74889],[11.52814,45.7487]]},"properties":{"town_name":"Calvene"}},{"type":"Feature","geometry":{"type":"LineString","coordinates":[[12.73875,45.81458],[12.73876,45.81459],[12.73877,45.81461],[12.7388,45.81462],[12.73875,45.81468],[12.73819,45.81513],[12.73814,45.81517],[12.7381,45.81521],[12.73788,45.81538],[12.73771,45.81551],[12.73717,45.81593],[12.7366,45.81637],[12.73652,45.81643],[12.73604,45.8168],[12.73529,45.81739],[12.73469,45.81784],[12.73415,45.81828],[12.73402,45.8184],[12.73394,45.81842],[12.73392,45.81844],[12.73388,45.81846],[12.73151,45.82027],[12.73052,45.82107],[12.73044,45.82105],[12.73037,45.82101],[12.72982,45.82055],[12.72941,45.8202],[12.72855,45.81947],[12.72749,45.81845],[12.72734,45.81839],[12.72707,45.81833],[12.72679,45.8183],[12.72653,45.8184],[12.72484,45.81899],[12.72468,45.81905],[12.72384,45.81935],[12.72321,45.81958],[12.72285,45.81973],[12.72264,45.81984],[12.72236,45.82004],[12.7218,45.82046],[12.72162,45.82064],[12.7211,45.82129],[12.72065,45.82179],[12.72057,45.82192],[12.72049,45.82212],[12.72017,45.82313],[12.71979,45.82392],[12.71971,45.82404],[12.7196,45.82412],[12.71935,45.8243],[12.71927,45.82415],[12.71881,45.82374],[12.71793,45.82293],[12.71756,45.82265],[12.71737,45.82252],[12.7172,45.82245],[12.71704,45.82242],[12.71664,45.82243],[12.71648,45.8224],[12.71629,45.82234],[12.71606,45.82222],[12.7157,45.822],[12.71554,45.82186],[12.7152,45.82148],[12.71509,45.82137],[12.71489,45.82123],[12.7144,45.82092],[12.7131,45.82016],[12.71294,45.82003],[12.71244,45.8195],[12.71211,45.81919],[12.71186,45.81898],[12.71174,45.8189],[12.71157,45.81879],[12.71119,45.81862],[12.71096,45.81849],[12.71048,45.81816],[12.71016,45.8183],[12.70981,45.81846],[12.70956,45.81857],[12.70936,45.81863],[12.70911,45.8187],[12.70881,45.81878],[12.70683,45.81932],[12.70542,45.81971],[12.70527,45.81975],[12.70517,45.81978],[12.70471,45.8199],[12.70446,45.81997],[12.70421,45.82004],[12.70407,45.82006],[12.70393,45.82008],[12.70385,45.82009],[12.70375,45.82009],[12.70363,45.82009],[12.70349,45.82009],[12.70324,45.82007],[12.70184,45.81997],[12.70143,45.81993],[12.70089,45.81989],[12.69989,45.81981],[12.69944,45.81977],[12.69933,45.81976],[12.69924,45.81974],[12.69915,45.8197],[12.69907,45.81971],[12.69898,45.81971],[12.69886,45.81973],[12.69885,45.81975],[12.69882,45.81977],[12.69879,45.81979],[12.69876,45.8198],[12.69872,45.81981],[12.69868,45.81981],[12.69864,45.81981],[12.69861,45.8198],[12.69857,45.81979],[12.69853,45.81978],[12.69841,45.81975],[12.69831,45.81973],[12.69818,45.81968],[12.69811,45.81967],[12.69804,45.81966],[12.69683,45.81934],[12.69667,45.8193],[12.69592,45.81914]]},"properties":{"town_name":"Pramaggiore"}},{"type":"Feature","geometry":{"type":"LineString","coordinates":[[12.5383,45.85387],[12.53817,45.85378],[12.53803,45.85389],[12.53796,45.85393],[12.53772,45.85408],[12.53767,45.8541],[12.53763,45.85411],[12.53756,45.85396],[12.53752,45.85388],[12.5375,45.85381],[12.53742,45.85361],[12.53738,45.85338],[12.53735,45.85325],[12.53686,45.85327],[12.53672,45.85321],[12.53634,45.85304],[12.53635,45.85296],[12.53635,45.85279],[12.53635,45.85275],[12.53623,45.85273],[12.53623,45.85268],[12.53623,45.85254],[12.53625,45.85211],[12.53626,45.85198],[12.5364,45.85108],[12.5364,45.85105],[12.5364,45.85102],[12.53641,45.85097],[12.53647,45.8504],[12.53648,45.85035],[12.53635,45.85035],[12.5364,45.8503],[12.53645,45.85023],[12.53653,45.85016],[12.53657,45.85012],[12.5366,45.85008],[12.53661,45.85004],[12.53661,45.85001],[12.5366,45.84997],[12.53658,45.84994],[12.53656,45.84991],[12.53652,45.84988],[12.53649,45.84978],[12.53648,45.8497],[12.53648,45.84962],[12.5365,45.84954],[12.53651,45.84936],[12.53657,45.84909],[12.5366,45.84892],[12.53662,45.84873],[12.53665,45.84851],[12.53668,45.84831],[12.53672,45.84801],[12.53674,45.84784],[12.53676,45.8477],[12.5369,45.84655],[12.53698,45.84596],[12.53706,45.84537],[12.53711,45.84497],[12.53716,45.84466],[12.53718,45.84434],[12.53713,45.8437],[12.53704,45.84247],[12.53701,45.84216],[12.53695,45.8412],[12.53689,45.84042],[12.53685,45.84003],[12.53684,45.83967],[12.53685,45.83945],[12.53691,45.83921],[12.53698,45.83905],[12.53712,45.83872],[12.53726,45.83841],[12.53732,45.83822],[12.53736,45.83809],[12.53738,45.83797],[12.53739,45.83786],[12.53739,45.83757],[12.53729,45.83639],[12.53729,45.83628],[12.5371,45.83396],[12.53709,45.83385],[12.53689,45.8314],[12.53684,45.83075],[12.53688,45.83047],[12.53693,45.83015],[12.53697,45.82996],[12.53702,45.82977],[12.53711,45.82944],[12.53725,45.82898],[12.53775,45.82708],[12.53796,45.82625],[12.53799,45.82607],[12.53801,45.82595],[12.53802,45.82573],[12.53801,45.82569],[12.53801,45.82556],[12.53802,45.82552],[12.53805,45.82539],[12.53806,45.82537],[12.53807,45.82533],[12.5381,45.82526],[12.53814,45.82523],[12.53817,45.8252],[12.53817,45.82516],[12.53816,45.82512],[12.53814,45.82508],[12.53819,45.82494],[12.5383,45.82475],[12.53835,45.82459],[12.5384,45.82438],[12.53844,45.82424],[12.53847,45.82413],[12.5385,45.82402],[12.53862,45.82355],[12.53862,45.82352],[12.53873,45.82312],[12.53875,45.82305],[12.53878,45.82292],[12.53886,45.82292],[12.53886,45.82282],[12.53885,45.82273],[12.53948,45.82267],[12.53951,45.82264],[12.53968,45.82234],[12.53969,45.82232],[12.53972,45.82226],[12.53974,45.82218],[12.53975,45.82216],[12.53977,45.82205],[12.53977,45.82189],[12.53975,45.82175],[12.53958,45.82124],[12.53952,45.82106],[12.53945,45.82086],[12.53915,45.82006],[12.53905,45.81979],[12.53901,45.81967],[12.53889,45.81938],[12.53881,45.8194],[12.53879,45.81941],[12.53874,45.81941],[12.53868,45.81941],[12.53865,45.81941],[12.53856,45.81937],[12.53848,45.81926],[12.53847,45.81921]]},"properties":{"town_name":"Portobuffolè"}},{"type":"Feature","geometry":{"type":"LineString","coordinates":[[12.20785,45.92486],[12.20798,45.92465],[12.20795,45.92464],[12.2079,45.92464],[12.20776,45.92464],[12.20756,45.92464],[12.20741,45.92467],[12.2073,45.92472],[12.2072,45.92478],[12.20695,45.92492],[12.20684,45.92496],[12.20673,45.92498],[12.20667,45.92498],[12.20651,45.92499],[12.20626,45.925],[12.20614,45.925],[12.2058,45.925],[12.2057,45.92498],[12.20564,45.92495],[12.20559,45.92491],[12.20554,45.92483],[12.20547,45.92461],[12.20543,45.92451],[12.20538,45.92447],[12.20527,45.92447],[12.20521,45.9245],[12.20518,45.92459],[12.20515,45.92472],[12.20509,45.92493],[12.20504,45.92501],[12.20498,45.92507],[12.20488,45.92515],[12.20472,45.92527],[12.20457,45.92536],[12.20443,45.92544],[12.20431,45.92548],[12.20419,45.9255],[12.20402,45.92551],[12.20369,45.9255],[12.20334,45.92548],[12.20317,45.92546],[12.20308,45.92545],[12.20286,45.9254],[12.20267,45.92533],[12.2025,45.92523],[12.20228,45.92508],[12.20217,45.92506],[12.20207,45.92509],[12.20196,45.92517],[12.2019,45.92526],[12.20164,45.92562],[12.20155,45.92572],[12.20147,45.92579],[12.20137,45.92587],[12.20126,45.92581],[12.20118,45.92567],[12.20102,45.92541],[12.20084,45.92516],[12.20068,45.9249],[12.20058,45.92476],[12.20052,45.92466],[12.20046,45.92458],[12.20031,45.92447],[12.19997,45.92433],[12.19965,45.92422],[12.19929,45.92409],[12.19884,45.92393],[12.19869,45.92389],[12.19837,45.92378],[12.19801,45.92366],[12.19754,45.9235],[12.19694,45.9233],[12.19656,45.92317],[12.1961,45.92302],[12.19569,45.9229],[12.1956,45.92287],[12.19545,45.9228],[12.19522,45.92269],[12.19506,45.92257],[12.19482,45.92233],[12.19456,45.92204],[12.19445,45.92193],[12.19436,45.92183],[12.19407,45.92156],[12.1938,45.92138],[12.19347,45.92118],[12.19328,45.92107],[12.19311,45.921],[12.19304,45.92096],[12.19283,45.92089],[12.19264,45.92085],[12.19245,45.92083],[12.19212,45.92079],[12.19171,45.92074],[12.19129,45.92069],[12.19082,45.92064],[12.19045,45.92059],[12.19029,45.92057],[12.18972,45.9205],[12.18956,45.92048],[12.1894,45.92045],[12.18898,45.92036],[12.18866,45.92029],[12.18832,45.9202],[12.18785,45.92009],[12.18758,45.92002],[12.18721,45.91991],[12.18702,45.91982],[12.18689,45.91973],[12.18677,45.91966],[12.18663,45.91952],[12.18641,45.91932],[12.18625,45.91916],[12.18603,45.91898],[12.18587,45.91885],[12.18571,45.91876],[12.18545,45.91864],[12.1852,45.91853],[12.18494,45.91846],[12.18459,45.91841],[12.18423,45.91838],[12.18396,45.91835],[12.18373,45.91827],[12.1836,45.91823],[12.18346,45.91817],[12.18326,45.91809],[12.18305,45.91804],[12.1828,45.918],[12.1824,45.91799],[12.18183,45.91799],[12.18131,45.91799],[12.18093,45.91798],[12.18066,45.91795],[12.18043,45.9179],[12.1802,45.91784],[12.18004,45.91778],[12.17993,45.9177],[12.17979,45.9176],[12.17958,45.91743],[12.17938,45.91724],[12.17916,45.91704],[12.179,45.91689],[12.17886,45.91678],[12.17861,45.9166],[12.17839,45.91647],[12.17832,45.91643],[12.17799,45.91626],[12.17768,45.91612],[12.17749,45.91602],[12.17734,45.91595],[12.17716,45.91589],[12.17696,45.91583],[12.17663,45.91578],[12.17635,45.91577],[12.17601,45.91577],[12.17563,45.91578],[12.17525,45.91578],[12.17492,45.91578],[12.17477,45.91578],[12.17462,45.91575],[12.17446,45.9157],[12.17426,45.9156],[12.17404,45.91546],[12.17396,45.91542],[12.17377,45.91531],[12.1735,45.91516],[12.17325,45.91504],[12.17283,45.91488],[12.1726,45.91479],[12.17251,45.91475],[12.17249,45.91472],[12.17247,45.91471],[12.17244,45.91467],[12.17242,45.91462],[12.1724,45.91458],[12.17239,45.91452],[12.17233,45.91451],[12.17226,45.91451],[12.17218,45.9145],[12.17175,45.91437],[12.17142,45.91426],[12.17096,45.91413],[12.17052,45.914],[12.17023,45.9139],[12.16998,45.91415],[12.16981,45.91429],[12.16969,45.91439],[12.16963,45.91444],[12.16969,45.91446]]},"properties":{"town_name":"Refrontolo"}},{"type":"Feature","geometry":{"type":"LineString","coordinates":[[12.14314,45.96996],[12.14309,45.96996],[12.14298,45.96996],[12.14247,45.96997],[12.14214,45.96997],[12.14204,45.96997],[12.14196,45.96997],[12.14181,45.96999],[12.14129,45.96999],[12.14096,45.96996],[12.14074,45.96998],[12.14068,45.96998],[12.14064,45.96996],[12.14061,45.96992],[12.14057,45.96977],[12.14052,45.96978],[12.14046,45.96974],[12.14003,45.96932],[12.13972,45.96904],[12.13965,45.96895],[12.13954,45.96884],[12.13934,45.96869],[12.13924,45.9686],[12.13917,45.9685],[12.13908,45.96834],[12.13911,45.96808],[12.13909,45.96803],[12.13903,45.96789],[12.13887,45.96765],[12.13872,45.96746],[12.13863,45.96734],[12.13841,45.96709],[12.1383,45.96696],[12.13811,45.96671],[12.138,45.96659],[12.13786,45.96642],[12.13783,45.96638],[12.13781,45.96633],[12.1378,45.96629],[12.1378,45.96627],[12.13776,45.96626],[12.13775,45.96626],[12.13773,45.96625],[12.13772,45.96624],[12.1377,45.96622],[12.13768,45.9662],[12.13767,45.96619],[12.13762,45.96617],[12.13759,45.96615],[12.13755,45.96613],[12.13753,45.96611],[12.1375,45.9661],[12.13746,45.9661],[12.13741,45.9661],[12.13737,45.9661],[12.13734,45.9661],[12.13715,45.96606],[12.13657,45.96593],[12.1365,45.96592],[12.13654,45.96583],[12.1365,45.96583],[12.13627,45.96581],[12.13609,45.96578],[12.13593,45.96575],[12.13559,45.96568],[12.13546,45.96565],[12.13528,45.9656],[12.13513,45.96555],[12.13495,45.96546],[12.1349,45.96544],[12.13469,45.96533],[12.13456,45.96525],[12.13441,45.96516],[12.13427,45.96506],[12.1337,45.96463],[12.13282,45.96396],[12.13049,45.96226],[12.12913,45.96126],[12.12809,45.96049],[12.12782,45.96033],[12.12758,45.96022],[12.1273,45.96009],[12.12689,45.95995],[12.12606,45.95966],[12.12588,45.95961],[12.12475,45.95918],[12.12417,45.95882],[12.12368,45.95839],[12.12353,45.95822],[12.12344,45.95812],[12.12297,45.95761],[12.12278,45.95744],[12.12269,45.95734],[12.12227,45.95688],[12.1214,45.95594],[12.121,45.95551],[12.12069,45.95518],[12.12029,45.95516],[12.11992,45.95515],[12.11986,45.95514],[12.11976,45.95509],[12.11969,45.95506],[12.1196,45.95503],[12.11924,45.95486],[12.11857,45.95458],[12.11801,45.95436],[12.11761,45.95421],[12.11745,45.95414],[12.11736,45.95415],[12.11734,45.95414],[12.1173,45.95414],[12.11667,45.95393],[12.1165,45.95385],[12.1164,45.95374],[12.11632,45.95372],[12.11615,45.95368],[12.1158,45.95368],[12.11555,45.95364],[12.11522,45.95362],[12.11508,45.95358],[12.11494,45.95353],[12.11482,45.95345],[12.11469,45.95331],[12.11463,45.9532],[12.11451,45.95308],[12.11363,45.95256],[12.11281,45.95216],[12.11198,45.95183],[12.1118,45.95171],[12.11177,45.95166],[12.11175,45.95161],[12.11161,45.95159],[12.11148,45.95156],[12.11133,45.95151],[12.11131,45.95151],[12.10996,45.95093],[12.10962,45.95077],[12.10928,45.95059],[12.10904,45.95044],[12.10865,45.95009],[12.1086,45.95005],[12.1085,45.94996],[12.107,45.94868],[12.10675,45.94846],[12.10658,45.94833],[12.10633,45.94819],[12.10446,45.94724],[12.10418,45.94712],[12.10361,45.94693],[12.1036,45.94684],[12.10351,45.94669],[12.10334,45.94659],[12.10306,45.94642],[12.1027,45.9462],[12.10256,45.94611],[12.10159,45.94552],[12.10084,45.94506],[12.10068,45.94497],[12.10055,45.9449],[12.09996,45.94455],[12.09966,45.94441],[12.09766,45.94359],[12.09745,45.9435],[12.09737,45.94347],[12.09624,45.94298],[12.09575,45.94276],[12.09556,45.94265],[12.09533,45.94251],[12.09471,45.94208],[12.09468,45.94206],[12.09437,45.94183],[12.09335,45.94107],[12.09301,45.94085],[12.09236,45.9405],[12.09195,45.94028],[12.09188,45.94024],[12.09148,45.94064],[12.0912,45.94092],[12.09115,45.94097]]},"properties":{"town_name":"Cison di Valmarino"}},{"type":"Feature","geometry":{"type":"LineString","coordinates":[[11.34954,46.32194],[11.34954,46.32194],[11.34942,46.32201],[11.34928,46.32165],[11.34928,46.32161],[11.34908,46.32152],[11.34885,46.32149],[11.34848,46.32151],[11.34841,46.32146],[11.34826,46.32147],[11.34818,46.32141],[11.3479,46.32142],[11.34768,46.32148],[11.34755,46.32145],[11.34745,46.32141],[11.3472,46.32125],[11.34685,46.32101],[11.3468,46.32098],[11.34636,46.32086],[11.34608,46.32078],[11.34563,46.32064],[11.34554,46.32059],[11.34504,46.32046],[11.34469,46.32033],[11.34424,46.32007],[11.34376,46.31977],[11.3432,46.31945],[11.34258,46.319],[11.34227,46.3188],[11.34144,46.31817],[11.34123,46.31804],[11.34083,46.31785],[11.34037,46.31766],[11.34007,46.3175],[11.33985,46.31738],[11.33931,46.31699],[11.33897,46.31673],[11.33872,46.31656],[11.33835,46.31633],[11.33792,46.31599],[11.33763,46.3158],[11.33726,46.31564],[11.33687,46.31548],[11.33655,46.31528],[11.3362,46.31508],[11.33591,46.31497],[11.33572,46.31489],[11.33549,46.31478],[11.33516,46.31455],[11.33494,46.31438],[11.33461,46.3142],[11.33425,46.31414],[11.3339,46.31406],[11.33357,46.31389],[11.3333,46.31373],[11.33324,46.31357],[11.3332,46.31345],[11.33314,46.31342],[11.33301,46.31345],[11.33268,46.31344],[11.33241,46.31338],[11.33216,46.31325],[11.33176,46.31305],[11.33182,46.31294],[11.33184,46.31277],[11.33187,46.31264],[11.3319,46.31257],[11.33175,46.31255],[11.33159,46.31258],[11.33153,46.31254],[11.33143,46.31256],[11.33125,46.31263],[11.33107,46.31266],[11.33083,46.31265],[11.33054,46.31262],[11.33014,46.31254],[11.32974,46.31243],[11.32938,46.31234],[11.32897,46.3122],[11.32883,46.31215],[11.32865,46.31209],[11.32847,46.31203],[11.32836,46.312],[11.32825,46.31195],[11.32819,46.31192],[11.32816,46.3119],[11.32813,46.31186],[11.32809,46.31179],[11.32794,46.31173],[11.32754,46.31157],[11.32744,46.31149],[11.32725,46.31145],[11.32705,46.31143],[11.32682,46.31137],[11.32633,46.31121],[11.32544,46.31092],[11.32496,46.31073],[11.32458,46.31068],[11.32432,46.31055],[11.3239,46.31047],[11.32368,46.31044],[11.3232,46.31043],[11.32278,46.3105],[11.32246,46.3106],[11.32203,46.31079],[11.32174,46.31089],[11.32149,46.31093],[11.32144,46.31096],[11.32144,46.31099],[11.32135,46.31099],[11.32101,46.31104],[11.32079,46.3111],[11.32052,46.31114],[11.3202,46.31116],[11.3199,46.31121],[11.31943,46.31131],[11.31925,46.31133],[11.31905,46.31129],[11.31882,46.31122],[11.3186,46.31118],[11.31843,46.31115],[11.31834,46.31114],[11.3183,46.31117],[11.31813,46.31121],[11.31798,46.31126],[11.31767,46.31137],[11.31763,46.31138],[11.31754,46.31139],[11.31738,46.31143],[11.31724,46.31148],[11.31697,46.31163],[11.31692,46.31165],[11.31686,46.31165],[11.31678,46.31165],[11.31672,46.31167],[11.31653,46.31177],[11.31635,46.31183],[11.31616,46.3119],[11.31557,46.31224],[11.31481,46.31257],[11.31464,46.31276],[11.31452,46.31295],[11.31436,46.31315],[11.31429,46.31328],[11.31419,46.31339],[11.31404,46.31347],[11.31389,46.31351],[11.31369,46.31355],[11.31329,46.31364],[11.31306,46.31367],[11.31276,46.31369],[11.31258,46.31366],[11.31239,46.31367],[11.31201,46.31379],[11.31159,46.31396],[11.31083,46.31429],[11.31034,46.31452],[11.31007,46.31471],[11.30969,46.31489],[11.30934,46.31501],[11.30916,46.31511],[11.30902,46.31524],[11.309,46.31538],[11.30897,46.31554],[11.30886,46.31561],[11.30875,46.31565],[11.30869,46.31569],[11.30871,46.31576],[11.30874,46.31582],[11.3088,46.3159],[11.30877,46.31596],[11.3087,46.31604],[11.30857,46.31611],[11.30851,46.31617],[11.30853,46.31625],[11.30863,46.31636],[11.30865,46.31644],[11.30863,46.31649],[11.30855,46.31656],[11.3085,46.31667],[11.30853,46.31688],[11.3085,46.31703],[11.30853,46.31731],[11.30851,46.31752],[11.30836,46.31766],[11.30805,46.31776],[11.30789,46.31791],[11.3077,46.31802],[11.30752,46.31814],[11.30744,46.31839],[11.30741,46.31866],[11.30724,46.31904],[11.30715,46.3191],[11.30713,46.3193],[11.3071,46.31951],[11.30704,46.31966],[11.30692,46.31984],[11.3067,46.32002],[11.30657,46.32023],[11.3065,46.32044],[11.30647,46.32067],[11.30648,46.3209],[11.30651,46.32115],[11.30649,46.32125],[11.30651,46.32136],[11.30647,46.32154],[11.30641,46.32164],[11.30636,46.32167],[11.3063,46.32169],[11.30625,46.32166],[11.30617,46.32155],[11.30608,46.32144],[11.30597,46.32132],[11.30584,46.3212],[11.30569,46.32111],[11.30553,46.32105],[11.30543,46.32104],[11.30528,46.32107],[11.30514,46.32108],[11.30504,46.32107],[11.30494,46.32109],[11.30484,46.3211],[11.30476,46.32115],[11.30476,46.32124],[11.30488,46.32141],[11.30499,46.32178],[11.305,46.32203],[11.30502,46.3224],[11.30504,46.32263],[11.30498,46.32279],[11.30497,46.32293],[11.30499,46.32309],[11.30498,46.32322],[11.305,46.32343],[11.30501,46.32352],[11.30507,46.32365],[11.30509,46.32377],[11.30512,46.32383],[11.30515,46.32389],[11.30521,46.32395],[11.30525,46.32399],[11.30529,46.32405],[11.30529,46.32408],[11.30527,46.32411],[11.3055,46.32418],[11.30572,46.32419],[11.30579,46.3242],[11.30597,46.32428],[11.30624,46.32431],[11.30635,46.32433],[11.3064,46.32437],[11.30648,46.32453],[11.30654,46.32459],[11.30659,46.32461],[11.3067,46.32463],[11.30687,46.32463],[11.30697,46.32464],[11.30705,46.32466],[11.3071,46.32469],[11.30713,46.32474],[11.30712,46.32481],[11.30708,46.32487],[11.30697,46.32496],[11.30681,46.32509],[11.30669,46.32519],[11.30663,46.3253],[11.30647,46.32535],[11.30623,46.3256],[11.3062,46.32574],[11.30621,46.32586],[11.30626,46.32598],[11.30631,46.32617],[11.3064,46.32633],[11.3064,46.32639],[11.30635,46.32651],[11.30626,46.32658],[11.30614,46.32661],[11.30603,46.32669],[11.30595,46.32682],[11.3059,46.32695],[11.30594,46.32709],[11.30591,46.32717],[11.30585,46.32721],[11.3057,46.32721],[11.30561,46.32723],[11.30556,46.32728],[11.3056,46.32733],[11.3056,46.32735],[11.30558,46.32738],[11.30554,46.32737],[11.3054,46.3273],[11.30523,46.32717],[11.30486,46.32705],[11.30469,46.32699],[11.30435,46.32689],[11.30416,46.32691],[11.30409,46.32689],[11.30399,46.32692],[11.30396,46.32697],[11.30393,46.32707],[11.30389,46.32712],[11.30392,46.32722],[11.3039,46.32729],[11.30395,46.32737],[11.30397,46.32745],[11.30401,46.3275],[11.30402,46.32755],[11.304,46.3276],[11.30405,46.32777],[11.30408,46.32799],[11.30412,46.32811],[11.30412,46.32827],[11.30417,46.32838],[11.30422,46.32855],[11.30433,46.32862],[11.30444,46.32876],[11.30447,46.32895],[11.30451,46.32913],[11.30459,46.3293],[11.3047,46.32938],[11.30483,46.32945],[11.30488,46.32955],[11.30499,46.32964],[11.30502,46.32978],[11.30503,46.32994],[11.30512,46.33014],[11.30521,46.3303],[11.30521,46.33055],[11.30532,46.33071],[11.30543,46.33077],[11.30556,46.33085],[11.30564,46.33092],[11.30567,46.33103],[11.30545,46.33096],[11.30521,46.33095],[11.30501,46.33094],[11.30492,46.33088],[11.30481,46.3308],[11.30449,46.33095],[11.30436,46.331],[11.30419,46.33108],[11.30413,46.33114],[11.30418,46.33119],[11.30415,46.33121],[11.30415,46.33121]]},"properties":{"town_name":"Truden im Naturpark - Trodena nel Parco Naturale"}},{"type":"Feature","geometry":{"type":"LineString","coordinates":[[12.32288,46.33049],[12.32293,46.33048],[12.32304,46.33047],[12.32318,46.33047],[12.32334,46.3305],[12.3234,46.3305],[12.32347,46.33048],[12.32363,46.33036],[12.32381,46.33022],[12.32382,46.3302],[12.32382,46.33018],[12.32382,46.33017],[12.3238,46.33015],[12.32378,46.33014],[12.32376,46.33013],[12.32373,46.33013],[12.32371,46.33014],[12.32347,46.33022],[12.32343,46.33022],[12.32339,46.33022],[12.32335,46.33021],[12.32332,46.3302],[12.32331,46.33017],[12.3233,46.33015],[12.3233,46.33012],[12.32332,46.3301],[12.32339,46.33005],[12.32361,46.32995],[12.32373,46.32987],[12.32382,46.32978],[12.32384,46.32972],[12.32384,46.32963],[12.32385,46.32952],[12.32384,46.32941],[12.32376,46.32937],[12.32365,46.32929],[12.32356,46.32919],[12.32354,46.32915],[12.32351,46.32908],[12.32347,46.32893],[12.32344,46.32878],[12.32338,46.32851],[12.32339,46.32847],[12.32342,46.32843],[12.32316,46.32821],[12.32281,46.32781],[12.32273,46.32772],[12.32267,46.32764],[12.32241,46.32731],[12.32228,46.32717],[12.3221,46.32708],[12.3219,46.327],[12.32096,46.3268],[12.32068,46.32669],[12.3202,46.32631],[12.32014,46.32626],[12.31946,46.32566],[12.31939,46.32559],[12.31909,46.32532],[12.31895,46.32518],[12.31882,46.32509],[12.31867,46.32499],[12.3185,46.3249],[12.3183,46.32484],[12.31761,46.32472],[12.31737,46.32463],[12.31716,46.32445],[12.31701,46.32426],[12.31685,46.32408],[12.31674,46.32387],[12.31666,46.32356],[12.31661,46.32318],[12.3165,46.32253],[12.31648,46.32214],[12.31651,46.32177],[12.31651,46.32175],[12.31654,46.32145],[12.31655,46.32128],[12.31654,46.32115],[12.31653,46.32103],[12.31649,46.32088],[12.31646,46.32073],[12.31634,46.32032],[12.31634,46.32005],[12.31634,46.31981],[12.31644,46.3192],[12.31644,46.31906],[12.31641,46.31895],[12.31623,46.31858],[12.31619,46.3185],[12.31616,46.31841],[12.31614,46.31833],[12.31612,46.31824],[12.31612,46.31815],[12.31613,46.31807],[12.31616,46.31792],[12.31627,46.31769],[12.31631,46.3176],[12.31637,46.31749],[12.31643,46.31739],[12.31649,46.3173],[12.31656,46.31722],[12.31664,46.31713],[12.31672,46.31706],[12.3168,46.317],[12.31689,46.31694],[12.31709,46.31683],[12.31736,46.31671],[12.31778,46.31653],[12.31834,46.31627],[12.31871,46.31608],[12.31928,46.31569],[12.31968,46.31548],[12.31982,46.3154],[12.32013,46.31523],[12.32026,46.31515],[12.32045,46.31503],[12.32076,46.31485],[12.32119,46.3146],[12.32158,46.31439],[12.32197,46.31421],[12.32232,46.31403],[12.32247,46.31389],[12.32263,46.31368],[12.32274,46.31349],[12.32278,46.31338],[12.32279,46.31327],[12.3228,46.31284],[12.32282,46.31274],[12.32295,46.31245],[12.32316,46.31212],[12.32324,46.3119],[12.32333,46.31155],[12.32341,46.31106],[12.32346,46.31093],[12.32353,46.31082],[12.32364,46.31065],[12.32388,46.31039],[12.32398,46.31018],[12.32399,46.30981],[12.32398,46.30956],[12.32398,46.30929],[12.32403,46.309],[12.32423,46.3086],[12.32439,46.3082],[12.32447,46.30783],[12.32454,46.30738],[12.3246,46.30692],[12.32455,46.30621],[12.3245,46.30601],[12.32399,46.30541],[12.3239,46.30526],[12.32388,46.30514],[12.32388,46.30489],[12.32392,46.30459],[12.3239,46.30441],[12.3237,46.30384],[12.32352,46.30359],[12.32346,46.30354],[12.32299,46.30319],[12.32295,46.30317],[12.32229,46.30288],[12.32203,46.30277],[12.32193,46.30273],[12.32178,46.30268],[12.32077,46.30236],[12.32001,46.30211],[12.31928,46.3019],[12.3181,46.30155],[12.31782,46.30145],[12.31762,46.30134],[12.31618,46.30027],[12.31593,46.30014],[12.31552,46.29997],[12.31532,46.29982],[12.31509,46.29947],[12.31488,46.29913],[12.31457,46.2988],[12.31435,46.29857],[12.31426,46.29845],[12.31417,46.29826],[12.31406,46.29798],[12.31384,46.29772],[12.31344,46.29739],[12.31198,46.29605],[12.3116,46.29575],[12.31138,46.29562],[12.31125,46.29553],[12.31107,46.29545],[12.311,46.2954],[12.31087,46.29529],[12.3106,46.29504],[12.31055,46.29493],[12.31055,46.2948],[12.31057,46.29473],[12.31065,46.29452],[12.31065,46.2944],[12.31065,46.29392],[12.31081,46.29339],[12.31083,46.29321],[12.31081,46.29284],[12.31079,46.29264],[12.31077,46.29236],[12.31073,46.29184],[12.31061,46.29119],[12.31047,46.29032],[12.31047,46.29009],[12.31053,46.28931],[12.31056,46.28903],[12.31063,46.28861],[12.31068,46.28821],[12.31078,46.2875],[12.31068,46.28729],[12.31058,46.28712],[12.3105,46.28704],[12.31035,46.28692],[12.31029,46.28687],[12.3102,46.2868],[12.3101,46.28673],[12.30994,46.2866],[12.30979,46.28649],[12.3094,46.28604],[12.30935,46.28595],[12.30934,46.28594],[12.30929,46.28588],[12.30928,46.28584],[12.30927,46.28564],[12.30925,46.28557],[12.30915,46.28509],[12.30902,46.28454],[12.30898,46.28439],[12.30896,46.28435],[12.30895,46.28433],[12.30893,46.28429],[12.30886,46.28422],[12.30876,46.28416],[12.30864,46.28414],[12.30853,46.28412],[12.30844,46.28412],[12.30822,46.2841],[12.30796,46.2841],[12.30778,46.2841],[12.3076,46.2841],[12.30746,46.2841],[12.30734,46.28408],[12.30726,46.28406],[12.30716,46.28402],[12.30715,46.28404],[12.30702,46.28399],[12.30702,46.28399]]},"properties":{"town_name":"Ospitale di Cadore"}},{"type":"Feature","geometry":{"type":"LineString","coordinates":[[12.35548,46.39704],[12.35549,46.39706],[12.35553,46.3971],[12.35561,46.39715],[12.35611,46.3974],[12.35674,46.39771],[12.3568,46.39774],[12.35684,46.39776],[12.35682,46.39781],[12.35677,46.39783],[12.35678,46.39785],[12.35672,46.3979],[12.35682,46.39801],[12.35698,46.39814],[12.35711,46.39819],[12.35695,46.39819],[12.35696,46.39835],[12.35706,46.39834],[12.35713,46.3984],[12.35703,46.3985],[12.35707,46.39863],[12.35698,46.39868],[12.35696,46.39864],[12.35685,46.39866],[12.35683,46.3987],[12.35689,46.39875],[12.35685,46.39877],[12.35686,46.39885],[12.35688,46.3989],[12.35695,46.39895],[12.35697,46.39903],[12.35697,46.39908],[12.35691,46.39915],[12.3569,46.39927],[12.35691,46.39934],[12.35685,46.39944],[12.35697,46.39954],[12.35694,46.39966],[12.35716,46.3997],[12.35717,46.39975],[12.35708,46.39981],[12.35699,46.39988],[12.35703,46.39993],[12.35714,46.39989],[12.35715,46.39992],[12.35717,46.39995],[12.3572,46.39997],[12.35724,46.39998],[12.35812,46.40008],[12.35839,46.40012],[12.35908,46.4002],[12.35943,46.40028],[12.36041,46.40057],[12.36066,46.40063],[12.36135,46.40075],[12.36185,46.40074],[12.36384,46.40045],[12.36398,46.40044],[12.36417,46.40045],[12.36505,46.4006],[12.3652,46.40064],[12.36536,46.40072],[12.36548,46.40082],[12.36564,46.40097],[12.36587,46.4014],[12.36612,46.40186],[12.36619,46.40193],[12.3663,46.402],[12.36649,46.40208],[12.36731,46.40242],[12.36751,46.40253],[12.36765,46.40263],[12.3678,46.40278],[12.36806,46.40317],[12.36823,46.40336],[12.36832,46.40343],[12.36845,46.40349],[12.36865,46.40355],[12.36935,46.40367],[12.36972,46.40374],[12.37008,46.40381],[12.37016,46.40388],[12.37021,46.40394],[12.37025,46.40402],[12.37025,46.4041],[12.37022,46.40416],[12.37015,46.40421],[12.37008,46.40424],[12.36997,46.40427],[12.36896,46.40445],[12.36876,46.40447],[12.36861,46.40447],[12.36842,46.40443],[12.3682,46.40438],[12.36783,46.40429],[12.36752,46.40422],[12.36719,46.40422],[12.36671,46.40423],[12.36642,46.40424],[12.36621,46.40425],[12.36567,46.40433],[12.36549,46.40441],[12.36537,46.40453],[12.3653,46.40465],[12.36529,46.40481],[12.3653,46.4051],[12.36535,46.40536],[12.36542,46.40547],[12.36557,46.40563],[12.36588,46.40585],[12.36713,46.40679],[12.36729,46.40694],[12.36743,46.40711],[12.36753,46.40722],[12.36762,46.40732],[12.36774,46.40756],[12.36779,46.40772],[12.36743,46.40807],[12.36734,46.40819],[12.36725,46.40832],[12.36719,46.40845],[12.36714,46.40862],[12.36711,46.40875],[12.3671,46.4089],[12.36712,46.40908],[12.36714,46.40922],[12.3672,46.40939],[12.36729,46.40956],[12.36741,46.40973],[12.36759,46.40991],[12.36833,46.41065],[12.36849,46.41086],[12.36858,46.41101],[12.36869,46.41122],[12.36894,46.41179],[12.36938,46.4127],[12.36946,46.41283],[12.36954,46.41294],[12.36965,46.41307],[12.37092,46.41429],[12.37108,46.41443],[12.37121,46.41455],[12.37133,46.41465],[12.37147,46.41474],[12.37158,46.4148],[12.3719,46.41498],[12.37208,46.41507],[12.37224,46.41518],[12.3724,46.41532],[12.37255,46.41546],[12.37273,46.41566],[12.37417,46.41716],[12.37427,46.41728],[12.37437,46.4174],[12.37442,46.41751],[12.37446,46.41763],[12.37448,46.41777],[12.37445,46.41793],[12.37424,46.41876],[12.3742,46.41889],[12.37416,46.41897],[12.37411,46.41906],[12.37402,46.41914],[12.37393,46.41922],[12.3738,46.4193],[12.37368,46.41937],[12.37355,46.41943],[12.37342,46.41947],[12.37329,46.41951],[12.3723,46.41969],[12.372,46.41974],[12.37179,46.41977],[12.37145,46.41981],[12.37129,46.41983],[12.37115,46.41984],[12.37094,46.41985],[12.3703,46.41987],[12.36971,46.41987],[12.36917,46.41988],[12.36863,46.4199],[12.36804,46.41995],[12.36777,46.41997],[12.36745,46.42002],[12.36727,46.42005],[12.36704,46.42011],[12.36703,46.42011],[12.36701,46.42011],[12.36698,46.42011],[12.36695,46.42011],[12.36691,46.42011],[12.36688,46.42012],[12.36685,46.42013],[12.36661,46.42006],[12.36637,46.41999],[12.36603,46.41984],[12.36585,46.41976],[12.36556,46.41963],[12.36496,46.41942],[12.36402,46.41919],[12.36302,46.41898],[12.36201,46.41881],[12.36102,46.41869],[12.36011,46.41863],[12.35889,46.41859],[12.35763,46.4186],[12.35687,46.41866],[12.35609,46.41875],[12.35526,46.4189],[12.35433,46.41912],[12.35385,46.41927],[12.35323,46.41949],[12.35304,46.41957],[12.35277,46.41962],[12.35264,46.41965],[12.35251,46.41965],[12.35245,46.41962],[12.35238,46.41961],[12.3523,46.41961],[12.35201,46.41959],[12.35188,46.41959],[12.35178,46.41961],[12.3517,46.41963],[12.35161,46.41966],[12.35142,46.41975],[12.35137,46.41977],[12.35129,46.4198],[12.35118,46.41983],[12.35108,46.41986],[12.35099,46.41989],[12.35091,46.4199],[12.3508,46.41991],[12.35009,46.41989],[12.34964,46.41985],[12.34862,46.41976],[12.34778,46.41969],[12.34772,46.41968],[12.34698,46.41962],[12.34696,46.41973],[12.34626,46.41968]]},"properties":{"town_name":"Perarolo di Cadore"}},{"type":"Feature","geometry":{"type":"LineString","coordinates":[[11.97561,46.38136],[11.97557,46.38127],[11.97545,46.38114],[11.97515,46.38089],[11.97487,46.38067],[11.97427,46.38025],[11.97393,46.37992],[11.97387,46.37976],[11.97386,46.37963],[11.974,46.37944],[11.97416,46.37937],[11.97519,46.37908],[11.97541,46.37898],[11.97551,46.3789],[11.97555,46.37882],[11.97558,46.3787],[11.97556,46.37844],[11.97562,46.37822],[11.97573,46.3781],[11.97599,46.37794],[11.97618,46.37766],[11.9763,46.37727],[11.97629,46.37699],[11.97622,46.37681],[11.97546,46.37569],[11.9751,46.37542],[11.97445,46.37487],[11.97438,46.37481],[11.97403,46.37451],[11.97389,46.37434],[11.97378,46.37417],[11.9737,46.37395],[11.97369,46.37375],[11.97375,46.37342],[11.97381,46.37309],[11.97379,46.37281],[11.97357,46.37228],[11.97322,46.37175],[11.973,46.37131],[11.97286,46.37087],[11.97266,46.37066],[11.97254,46.37059],[11.97235,46.37051],[11.97222,46.37044],[11.97217,46.37037],[11.97216,46.37028],[11.97219,46.37021],[11.9723,46.37013],[11.97247,46.37005],[11.97266,46.36993],[11.97276,46.36981],[11.97279,46.36963],[11.97276,46.36937],[11.97276,46.36926],[11.97282,46.36915],[11.97309,46.36891],[11.97325,46.36863],[11.97326,46.36857],[11.97327,46.36843],[11.97327,46.36823],[11.97329,46.36812],[11.97368,46.36723],[11.9739,46.36699],[11.97396,46.36686],[11.97393,46.3667],[11.97351,46.36612],[11.97309,46.36562],[11.97277,46.36533],[11.97216,46.36514],[11.97195,46.36503],[11.97158,46.36457],[11.97154,46.3644],[11.97156,46.36393],[11.97147,46.36339],[11.97145,46.36326],[11.97141,46.36275],[11.97147,46.36254],[11.97151,46.3625],[11.9716,46.36249],[11.97165,46.36252],[11.97167,46.36255],[11.97164,46.36272],[11.97163,46.36285],[11.97197,46.36345],[11.97218,46.36397],[11.97224,46.36419],[11.97221,46.36434],[11.97219,46.36446],[11.97222,46.36449],[11.97227,46.36452],[11.97233,46.36452],[11.97238,46.3645],[11.97243,46.36446],[11.97245,46.36441],[11.97234,46.36411],[11.97232,46.36398],[11.97231,46.36395],[11.97224,46.36359],[11.97218,46.36304],[11.97214,46.36272],[11.97219,46.36205],[11.97203,46.36168],[11.97193,46.36142],[11.97194,46.36109],[11.97191,46.36095],[11.97143,46.36025],[11.97134,46.36006],[11.9712,46.35946],[11.97119,46.35928],[11.97119,46.35921],[11.97114,46.35896],[11.97108,46.35886],[11.97087,46.35863],[11.9705,46.35807],[11.97035,46.35754],[11.96995,46.35643],[11.96996,46.35623],[11.97017,46.35563],[11.97011,46.35543],[11.9696,46.35493],[11.96943,46.35486],[11.9692,46.35479],[11.96897,46.35468],[11.96859,46.35443],[11.96817,46.35416],[11.96787,46.35396],[11.96769,46.35388],[11.96757,46.35385],[11.96751,46.35385],[11.9678,46.3538],[11.96788,46.35368],[11.96793,46.35363],[11.96793,46.3535],[11.96784,46.3534],[11.96766,46.35325],[11.96746,46.35316],[11.96734,46.3531],[11.96704,46.35298],[11.96702,46.35297],[11.96699,46.35295],[11.96697,46.35294],[11.9669,46.35293],[11.96688,46.35292],[11.96686,46.35292],[11.96684,46.35293],[11.96683,46.35293],[11.96682,46.35294],[11.96681,46.35296],[11.9668,46.35297],[11.96679,46.35298],[11.96678,46.35298],[11.96677,46.35297],[11.96676,46.35296],[11.96676,46.35295],[11.96678,46.35285],[11.96678,46.35283],[11.96678,46.35281],[11.96677,46.35279],[11.96675,46.35275],[11.96679,46.35272],[11.96691,46.3526],[11.96695,46.35256],[11.96705,46.35246],[11.9671,46.35243],[11.96713,46.35241],[11.96718,46.35238],[11.96722,46.35236],[11.96725,46.35233],[11.96732,46.35237],[11.96738,46.3524],[11.96742,46.35242],[11.96744,46.35243],[11.96754,46.35247],[11.96857,46.35281],[11.96863,46.35284],[11.96879,46.3529]]},"properties":{"town_name":"San Tomaso Agordino"}},{"type":"Feature","geometry":{"type":"LineString","coordinates":[[12.17401,46.38619],[12.17357,46.38632],[12.17353,46.38633],[12.17346,46.38632],[12.17341,46.38631],[12.17336,46.3863],[12.17333,46.38629],[12.17321,46.38622],[12.17315,46.38622],[12.1731,46.38622],[12.17307,46.38623],[12.17305,46.38624],[12.17303,46.38625],[12.17297,46.38628],[12.17257,46.3864],[12.17244,46.38643],[12.17235,46.38646],[12.17231,46.38641],[12.1723,46.38636],[12.17226,46.38631],[12.17222,46.38627],[12.17217,46.38624],[12.17213,46.38621],[12.17209,46.3862],[12.17202,46.38621],[12.17196,46.38623],[12.17192,46.38625],[12.1719,46.38627],[12.17188,46.38629],[12.17185,46.38633],[12.17185,46.38637],[12.17186,46.38641],[12.17186,46.38643],[12.17186,46.38648],[12.17185,46.38652],[12.17188,46.38656],[12.17191,46.38658],[12.1719,46.3866],[12.17187,46.38661],[12.17184,46.3866],[12.17179,46.3866],[12.17176,46.38663],[12.17172,46.38667],[12.17171,46.38672],[12.1717,46.38675],[12.17167,46.3868],[12.17165,46.38684],[12.17164,46.38686],[12.17162,46.3869],[12.17161,46.38692],[12.1716,46.38696],[12.17159,46.38697],[12.17157,46.38698],[12.17155,46.38698],[12.17152,46.38698],[12.17151,46.38697],[12.1715,46.38696],[12.17147,46.38697],[12.17144,46.38698],[12.17142,46.38699],[12.17139,46.38698],[12.17137,46.38697],[12.17136,46.38696],[12.17136,46.38694],[12.17137,46.38692],[12.17137,46.3869],[12.17136,46.38687],[12.17134,46.38684],[12.17133,46.38682],[12.17131,46.3868],[12.17127,46.38679],[12.17124,46.3868],[12.17122,46.38681],[12.17118,46.38682],[12.17114,46.38683],[12.1711,46.38683],[12.17106,46.38682],[12.17102,46.38681],[12.17096,46.38679],[12.17091,46.38678],[12.17084,46.38675],[12.17077,46.3867],[12.17072,46.38665],[12.17067,46.38662],[12.17059,46.38656],[12.17049,46.38651],[12.17041,46.38647],[12.17034,46.38643],[12.17027,46.3864],[12.17019,46.38639],[12.17013,46.38637],[12.17006,46.38634],[12.17001,46.38631],[12.16997,46.38628],[12.16993,46.38625],[12.16988,46.38623],[12.16982,46.38622],[12.16976,46.38621],[12.16969,46.3862],[12.16962,46.3862],[12.16955,46.3862],[12.16944,46.3862],[12.16941,46.3862],[12.16937,46.38619],[12.16931,46.38618],[12.16928,46.38618],[12.16923,46.38619],[12.1692,46.38619],[12.16914,46.38619],[12.16908,46.38619],[12.16903,46.38618],[12.16899,46.38618],[12.16893,46.38615],[12.16889,46.38614],[12.16885,46.38613],[12.1688,46.38613],[12.16876,46.38613],[12.16869,46.38611],[12.16864,46.3861],[12.16854,46.38608],[12.16849,46.38607],[12.16841,46.38604],[12.16834,46.38603],[12.16827,46.38601],[12.16822,46.386],[12.16818,46.38598],[12.16813,46.38594],[12.16807,46.38591],[12.168,46.38588],[12.16793,46.38587],[12.16788,46.38588],[12.16784,46.38587],[12.1678,46.38588],[12.16776,46.38589],[12.16771,46.38591],[12.16766,46.38592],[12.16761,46.38592],[12.16756,46.3859],[12.16749,46.38587],[12.16739,46.38585],[12.1673,46.38584],[12.16717,46.3858],[12.16706,46.38575],[12.1669,46.38571],[12.16678,46.38571],[12.16667,46.38572],[12.16657,46.38574],[12.16646,46.38576],[12.16635,46.38576],[12.16624,46.38577],[12.16615,46.3858],[12.16607,46.38581],[12.16598,46.3858],[12.16589,46.38581],[12.16579,46.38584],[12.16571,46.38581],[12.16558,46.38582],[12.16533,46.3859],[12.16509,46.38592],[12.16498,46.38589],[12.16491,46.38584],[12.16483,46.38583],[12.16471,46.38585],[12.16462,46.38585],[12.16449,46.38584],[12.16441,46.38583],[12.16427,46.38581],[12.16419,46.38575],[12.16419,46.38565],[12.16426,46.38556],[12.16433,46.38553],[12.16432,46.38544],[12.16433,46.38536],[12.16431,46.38529],[12.1642,46.38526],[12.1641,46.38521],[12.16404,46.38514],[12.16402,46.38503],[12.16398,46.38495],[12.16397,46.38488],[12.16394,46.38482],[12.16389,46.38476],[12.16385,46.38472],[12.1638,46.3847],[12.16375,46.38472],[12.16372,46.38477],[12.16366,46.38481],[12.16359,46.3848],[12.16352,46.38469],[12.16335,46.38466],[12.1633,46.38463],[12.16314,46.38454],[12.16306,46.38445],[12.16288,46.38432],[12.16258,46.38428],[12.16248,46.38423],[12.16229,46.38417],[12.16213,46.38413],[12.16183,46.38404],[12.16165,46.38397],[12.16144,46.38385],[12.16119,46.38377],[12.16098,46.38369],[12.16083,46.38368],[12.16069,46.38369],[12.1605,46.38352],[12.16055,46.38344],[12.16064,46.38341],[12.16074,46.38336],[12.16083,46.38332],[12.16091,46.3833],[12.16097,46.38328],[12.16093,46.38326],[12.16077,46.3832],[12.16044,46.38309],[12.16023,46.38302],[12.16001,46.38298],[12.15995,46.38294],[12.15995,46.38287],[12.1601,46.38279],[12.16016,46.38273],[12.16025,46.38265],[12.16025,46.38261],[12.16023,46.38257],[12.16015,46.38255],[12.16001,46.38257],[12.15986,46.38257],[12.15965,46.38255],[12.15929,46.38259],[12.15908,46.38263],[12.15899,46.38264],[12.15894,46.38265],[12.15893,46.38265],[12.15892,46.38265],[12.15891,46.38264],[12.15889,46.38263],[12.15878,46.38254],[12.15871,46.38245],[12.15864,46.38227],[12.15864,46.38209],[12.15859,46.38194],[12.15853,46.38181],[12.15868,46.38151],[12.15856,46.38134],[12.15854,46.38093],[12.15857,46.38064],[12.15865,46.38051],[12.15869,46.38025],[12.15877,46.38015],[12.15873,46.38],[12.15865,46.37985],[12.15865,46.37969],[12.15853,46.37953],[12.1584,46.37934],[12.15856,46.37916],[12.15865,46.37881],[12.15867,46.3787],[12.15874,46.37861],[12.15881,46.37849],[12.15891,46.37829],[12.1588,46.37821],[12.15862,46.37821],[12.15818,46.37828],[12.15805,46.37825],[12.15807,46.37817],[12.15792,46.37818],[12.15786,46.37815],[12.15781,46.37807],[12.15778,46.37801],[12.1578,46.37793],[12.15784,46.37785],[12.15789,46.3778],[12.15791,46.37773],[12.15788,46.37771],[12.15779,46.37772],[12.15768,46.3777],[12.15762,46.37767],[12.15753,46.37763],[12.15743,46.3776],[12.15732,46.37758],[12.15724,46.37756],[12.15711,46.37759],[12.15696,46.3776],[12.15684,46.37762],[12.15666,46.37764],[12.15657,46.37764],[12.15649,46.37767],[12.15635,46.37776],[12.15627,46.37777],[12.15615,46.37777],[12.15596,46.37777],[12.15583,46.37776],[12.15567,46.37778],[12.15549,46.37779],[12.15536,46.37778],[12.15521,46.37782],[12.15509,46.37783],[12.15495,46.37781],[12.15482,46.37784],[12.15468,46.37781],[12.15455,46.37783],[12.15437,46.37784],[12.15409,46.37788],[12.15394,46.37793],[12.15383,46.37796],[12.15369,46.37801],[12.15357,46.37804],[12.15345,46.37806],[12.15328,46.37806],[12.15315,46.37806],[12.15305,46.3781],[12.15296,46.37811],[12.15282,46.37812],[12.15265,46.37814],[12.15251,46.37812],[12.1523,46.37812],[12.15212,46.37813],[12.15198,46.37811],[12.15181,46.37812],[12.15162,46.37815],[12.15137,46.37828],[12.15111,46.37839],[12.15099,46.37848],[12.15083,46.37852],[12.15075,46.37858],[12.15064,46.37867],[12.15049,46.37875],[12.15038,46.37883],[12.1503,46.37887],[12.15019,46.37889],[12.15012,46.37887],[12.15028,46.37878],[12.15046,46.37866],[12.15055,46.37853],[12.15071,46.37837],[12.15087,46.37817],[12.15099,46.37804],[12.15111,46.3779],[12.15119,46.37781],[12.15124,46.3777],[12.15133,46.37761],[12.15144,46.37746],[12.15164,46.3774],[12.15202,46.37729],[12.15219,46.37719],[12.15238,46.37708],[12.15252,46.3769],[12.15264,46.37675],[12.15267,46.37665],[12.15267,46.37653],[12.15266,46.3764],[12.15267,46.37629],[12.15269,46.37614],[12.15272,46.37598],[12.15279,46.37591],[12.15281,46.37582],[12.15255,46.37583],[12.15224,46.37583],[12.15204,46.37585],[12.15173,46.37587],[12.15151,46.37605],[12.1513,46.37607],[12.15106,46.37597],[12.15083,46.37604],[12.15045,46.3761],[12.15026,46.37614],[12.15009,46.37617],[12.15006,46.3759],[12.1502,46.37562],[12.15026,46.37548],[12.15035,46.37546],[12.15035,46.37541],[12.15032,46.37535],[12.15041,46.3753],[12.15051,46.37528],[12.1505,46.37521],[12.15059,46.37521],[12.15065,46.37502],[12.15068,46.37491],[12.15073,46.37469],[12.15078,46.37459],[12.15088,46.37454],[12.15095,46.37449],[12.151,46.37445],[12.15088,46.37421],[12.15095,46.3741],[12.15095,46.37405],[12.15096,46.37397],[12.15105,46.37394],[12.15112,46.37396],[12.15117,46.37378],[12.15126,46.37372],[12.15129,46.37366],[12.15135,46.37362],[12.15143,46.37364],[12.15151,46.37357],[12.15151,46.37335],[12.15143,46.37337],[12.15141,46.37337],[12.15141,46.37332],[12.15137,46.3732],[12.15133,46.37316],[12.15121,46.37312],[12.15127,46.37305],[12.15146,46.373],[12.15157,46.37301],[12.15164,46.37303],[12.1517,46.37304],[12.15172,46.3731],[12.15182,46.37311],[12.15192,46.37312],[12.15199,46.37314],[12.15207,46.37318],[12.15211,46.37322],[12.15223,46.37328],[12.15232,46.37327],[12.15237,46.37315],[12.15237,46.37307],[12.15239,46.37301],[12.15235,46.37289],[12.15238,46.37284],[12.15237,46.37279],[12.15238,46.37268],[12.15243,46.37262],[12.15253,46.37262],[12.15255,46.37253],[12.15256,46.37248],[12.15252,46.37242],[12.15252,46.37235],[12.15238,46.37225],[12.15239,46.3722],[12.15243,46.37214],[12.15252,46.37207],[12.15255,46.37202],[12.1526,46.37199],[12.15265,46.37195],[12.1527,46.37192],[12.1528,46.37189],[12.15274,46.37181],[12.15258,46.3718],[12.15242,46.3718],[12.1522,46.3718],[12.1521,46.37176],[12.15211,46.37168],[12.15222,46.37162],[12.15255,46.37156],[12.15281,46.37152],[12.15293,46.37143],[12.15283,46.37137],[12.15268,46.37136],[12.15249,46.37135],[12.15228,46.3713],[12.15205,46.37128],[12.15191,46.37127],[12.15177,46.37126],[12.15159,46.37125],[12.15143,46.37122],[12.15124,46.37119],[12.15102,46.37118],[12.15088,46.37115],[12.15076,46.37114],[12.15067,46.37112],[12.15051,46.37108],[12.15033,46.37107],[12.15015,46.37105],[12.15002,46.37102],[12.1499,46.37099],[12.14981,46.37091],[12.14979,46.37081],[12.14968,46.37069],[12.14968,46.37057],[12.14971,46.37043],[12.14963,46.37028],[12.14956,46.37018],[12.14946,46.37007],[12.14939,46.36994],[12.14941,46.3698],[12.14934,46.36975],[12.14925,46.36968],[12.14917,46.36959],[12.1491,46.3695],[12.14904,46.36943],[12.149,46.36933],[12.14904,46.36927],[12.14916,46.36922],[12.14919,46.36907],[12.14923,46.36898],[12.14928,46.3689],[12.14922,46.36882],[12.14914,46.36877],[12.14907,46.36866],[12.14912,46.36858],[12.14914,46.3685],[12.14909,46.36844],[12.14904,46.36837],[12.14902,46.36829],[12.14906,46.3682],[12.14911,46.36815],[12.14914,46.36809],[12.1491,46.36802],[12.14907,46.36794],[12.14903,46.36785],[12.14897,46.36775],[12.14893,46.36768],[12.1489,46.36764],[12.14887,46.3676],[12.14893,46.36758],[12.149,46.36757],[12.14911,46.36757],[12.1492,46.36756],[12.14929,46.36755],[12.14941,46.36753],[12.14949,46.3675],[12.14947,46.36745],[12.14946,46.36741],[12.14944,46.36734],[12.14939,46.36728],[12.14932,46.36721],[12.14928,46.36711],[12.14924,46.36704],[12.14921,46.367],[12.14915,46.36693],[12.14908,46.36683],[12.14901,46.36678],[12.14896,46.36675],[12.14887,46.36668],[12.14874,46.36661],[12.14869,46.36658],[12.14866,46.36655],[12.14859,46.36651],[12.14861,46.36649],[12.14865,46.3665],[12.1487,46.36651],[12.14877,46.36652],[12.14883,46.36652],[12.14888,46.36652],[12.14893,46.36655],[12.14896,46.36654],[12.14894,46.36651],[12.14888,46.36647],[12.14865,46.3664],[12.14836,46.36621],[12.14813,46.36598],[12.14798,46.36569],[12.1479,46.36527],[12.14775,46.365],[12.1474,46.36488],[12.14722,46.36474],[12.14714,46.36453],[12.14683,46.36442],[12.14667,46.36423],[12.14632,46.364],[12.14591,46.36386],[12.1456,46.36372],[12.14541,46.36351],[12.14537,46.3633],[12.14539,46.36304],[12.14545,46.3629],[12.14563,46.36282],[12.14581,46.36273],[12.14585,46.3626],[12.14581,46.36246],[12.14587,46.36223],[12.14592,46.3621],[12.14614,46.36184],[12.14633,46.36168],[12.14651,46.36158],[12.14662,46.36149],[12.14682,46.36133],[12.14703,46.36131],[12.14735,46.36132],[12.14764,46.36132],[12.14787,46.36128],[12.14798,46.36118],[12.14812,46.36112],[12.1483,46.36112],[12.14841,46.36111],[12.14855,46.36109],[12.14862,46.36105],[12.14869,46.361],[12.1487,46.3609],[12.14866,46.3608],[12.14858,46.36073],[12.14847,46.36066],[12.14842,46.36056],[12.14847,46.36048],[12.14865,46.36036],[12.14871,46.36029],[12.14876,46.36024],[12.14875,46.36016],[12.14863,46.36015],[12.14841,46.36025],[12.14834,46.36027],[12.14829,46.36029],[12.14823,46.3603],[12.14817,46.36027],[12.14814,46.36024],[12.14817,46.36014],[12.14827,46.36004],[12.1484,46.35989],[12.14843,46.3598],[12.1484,46.35974],[12.14837,46.35968],[12.14836,46.35946],[12.14829,46.35931],[12.14815,46.35908],[12.14796,46.35889],[12.14802,46.35868],[12.14785,46.35864],[12.14769,46.35853],[12.14761,46.3584],[12.14748,46.35825],[12.14742,46.35809],[12.1475,46.35798],[12.14762,46.35787],[12.14773,46.35771],[12.14778,46.35755],[12.14776,46.35745],[12.14761,46.35729],[12.14751,46.3571],[12.14738,46.35698],[12.14734,46.35689],[12.14739,46.35677],[12.14748,46.35667],[12.14751,46.35662],[12.14754,46.35656],[12.14761,46.35652],[12.14771,46.3565],[12.14774,46.35648],[12.14776,46.35644],[12.14776,46.35639],[12.14777,46.35636],[12.14765,46.35632],[12.14757,46.35626],[12.14748,46.35623],[12.14732,46.35599],[12.14727,46.35597],[12.1472,46.35586],[12.14702,46.3558],[12.14683,46.35575],[12.14665,46.35566],[12.14654,46.35561],[12.14638,46.35556],[12.14626,46.35563],[12.14617,46.35574],[12.14616,46.35588],[12.14619,46.35609],[12.14622,46.35622],[12.14632,46.35637],[12.14645,46.35657],[12.14648,46.3567],[12.14649,46.35677],[12.14649,46.35682],[12.14644,46.35687],[12.14637,46.35689],[12.14628,46.35689],[12.14621,46.35686],[12.14608,46.3567],[12.14594,46.35696],[12.14577,46.35729],[12.14572,46.35736],[12.14555,46.35737],[12.14551,46.35734],[12.14551,46.35703],[12.14541,46.35674],[12.14528,46.35657],[12.14524,46.35652],[12.14509,46.35655],[12.14474,46.35663],[12.14471,46.35663],[12.1447,46.35648],[12.14472,46.35619],[12.14477,46.35582],[12.14463,46.35583],[12.14406,46.35601],[12.14409,46.35593],[12.14424,46.35555],[12.14438,46.35515],[12.14444,46.355],[12.14445,46.3549]]},"properties":{"town_name":"Zoppè di Cadore"}},{"type":"Feature","geometry":{"type":"LineString","coordinates":[[12.51745,46.56565],[12.51758,46.56568],[12.51843,46.566],[12.51852,46.56606],[12.5186,46.56618],[12.51878,46.56659],[12.51895,46.56676],[12.51901,46.56687],[12.51921,46.56694],[12.51967,46.56692],[12.51971,46.56689],[12.51983,46.56682],[12.51993,46.56682],[12.51992,46.56686],[12.51996,46.56691],[12.52002,46.56694],[12.52025,46.56696],[12.52049,46.567],[12.52062,46.56701],[12.52065,46.56688],[12.52067,46.56686],[12.52076,46.56686],[12.52085,46.56686],[12.52106,46.56682],[12.52114,46.56678],[12.52155,46.56661],[12.52169,46.56656],[12.52184,46.56648],[12.52197,46.56638],[12.52211,46.56625],[12.52217,46.56619],[12.52236,46.56609],[12.52246,46.56607],[12.52253,46.56609],[12.52254,46.56605],[12.52256,46.566],[12.52277,46.56591],[12.52319,46.56578],[12.52327,46.56579],[12.52349,46.5661],[12.52365,46.56634],[12.52382,46.56652],[12.52434,46.56604],[12.52487,46.56551],[12.52503,46.56539],[12.52515,46.56533],[12.52549,46.56518],[12.52554,46.56511],[12.5257,46.56502],[12.52577,46.5649],[12.52587,46.56474],[12.52604,46.56461],[12.52633,46.56444],[12.52667,46.56428],[12.52694,46.56417],[12.52716,46.56409],[12.52743,46.56407],[12.52773,46.56409],[12.52794,46.56402],[12.52796,46.56388],[12.52812,46.56369],[12.52827,46.56363],[12.52844,46.56364],[12.52865,46.56361],[12.52893,46.56356],[12.52912,46.56352],[12.5295,46.5634],[12.53013,46.56302],[12.53047,46.56288],[12.5308,46.56274],[12.53093,46.56319],[12.53123,46.56348],[12.53143,46.56368],[12.53152,46.56398],[12.53126,46.56447],[12.53127,46.56478],[12.53147,46.56488],[12.53173,46.56489],[12.53194,46.56463],[12.53217,46.56451],[12.53274,46.56452],[12.53312,46.56438],[12.53344,46.56435],[12.53355,46.5645],[12.53347,46.56489],[12.53357,46.565],[12.53381,46.56496],[12.53406,46.56492],[12.53435,46.56477],[12.53458,46.5647],[12.53472,46.56463],[12.53487,46.56459],[12.53498,46.56465],[12.53494,46.56472],[12.53478,46.56491],[12.53462,46.56507],[12.53455,46.56525],[12.53433,46.56562],[12.53429,46.56577],[12.53417,46.56602],[12.53394,46.56611],[12.53363,46.56615],[12.53342,46.5662],[12.53328,46.5663],[12.53323,46.56649],[12.53305,46.56676],[12.53296,46.5669],[12.53281,46.56711],[12.53266,46.56729],[12.53267,46.56744],[12.53281,46.56764],[12.5329,46.56787],[12.53285,46.56813],[12.53278,46.56852],[12.53262,46.56873],[12.53243,46.5691],[12.53238,46.56947],[12.53237,46.56968],[12.5323,46.56984],[12.53201,46.5701],[12.53198,46.57017],[12.53202,46.57058],[12.53201,46.57094],[12.53194,46.57108],[12.53199,46.57122],[12.53217,46.57144],[12.5323,46.57158],[12.53226,46.57172],[12.53199,46.57206],[12.53197,46.5722],[12.53211,46.57235],[12.53212,46.57252],[12.5319,46.57287],[12.53174,46.57313],[12.53159,46.5733],[12.53141,46.57346],[12.53131,46.57354],[12.5313,46.5736],[12.53138,46.57359],[12.53148,46.57363],[12.5315,46.57367],[12.53149,46.57373],[12.53126,46.57394],[12.53115,46.57415],[12.53109,46.57444],[12.53089,46.57466],[12.53075,46.57481],[12.53065,46.57496],[12.53058,46.57515],[12.53049,46.57534],[12.53056,46.57534],[12.53068,46.5753],[12.53081,46.57524],[12.53105,46.57508],[12.53113,46.57504],[12.53165,46.57549],[12.53176,46.57559],[12.53216,46.57595],[12.53244,46.57618],[12.53252,46.57622],[12.5326,46.57624],[12.53271,46.57626],[12.53278,46.57623],[12.53287,46.57615],[12.5329,46.57607],[12.53295,46.5759],[12.53304,46.57579],[12.53319,46.57565],[12.5336,46.57536],[12.5342,46.57506],[12.5343,46.57497],[12.53441,46.57493],[12.53447,46.57494],[12.53465,46.57485],[12.53477,46.57481],[12.53485,46.57479],[12.53499,46.5747],[12.53507,46.57464],[12.53526,46.57438],[12.53534,46.57433],[12.53543,46.5743],[12.53558,46.57429],[12.53568,46.57428],[12.53582,46.57426],[12.53591,46.57425],[12.53595,46.57424],[12.53598,46.57424],[12.53598,46.57419],[12.53599,46.57418],[12.53605,46.57419],[12.53608,46.5742],[12.53608,46.57423],[12.53607,46.57426],[12.53612,46.57429],[12.5362,46.57421],[12.53647,46.57376],[12.53666,46.57355],[12.53697,46.57335],[12.53805,46.57235],[12.53917,46.57149],[12.5392,46.57148],[12.53924,46.57146],[12.53928,46.57145],[12.53932,46.57145],[12.53936,46.57146],[12.53939,46.57147],[12.53941,46.57149],[12.53942,46.57151],[12.53942,46.57153],[12.53942,46.57156],[12.53941,46.57158],[12.53938,46.57161],[12.53908,46.57198],[12.53906,46.57202],[12.53906,46.57205],[12.53907,46.57207],[12.5391,46.57209],[12.53914,46.57211],[12.53918,46.57212],[12.53923,46.57212],[12.53928,46.5721],[12.53931,46.57209],[12.53971,46.57187],[12.53977,46.57185],[12.53981,46.57183],[12.53986,46.57183],[12.53991,46.57184],[12.53994,46.57186],[12.53998,46.57188],[12.54001,46.57192],[12.54004,46.57197],[12.54005,46.57201],[12.54005,46.57205],[12.54004,46.5721],[12.54002,46.57214],[12.53964,46.57262],[12.53958,46.57275],[12.53953,46.5732],[12.53945,46.57339],[12.53934,46.57356],[12.53916,46.57375],[12.53912,46.57384],[12.53909,46.57394],[12.53909,46.57436],[12.53913,46.5744],[12.53922,46.57441],[12.53925,46.57439],[12.53928,46.57437],[12.53943,46.57413],[12.53997,46.57374],[12.54073,46.57321],[12.54087,46.5731],[12.54111,46.57286],[12.5412,46.57282],[12.54126,46.5728],[12.54134,46.57284],[12.54134,46.57292],[12.54119,46.57308],[12.54111,46.5732],[12.54109,46.5734],[12.54095,46.57424],[12.54088,46.57446],[12.54082,46.57456],[12.54058,46.57492],[12.54053,46.57501],[12.54053,46.5751],[12.54051,46.57557],[12.54102,46.57511],[12.54122,46.57477],[12.54142,46.57456],[12.54159,46.57427],[12.54199,46.57404],[12.54252,46.57369],[12.5427,46.57364],[12.543,46.57352],[12.54339,46.57323],[12.54435,46.57281],[12.54446,46.57279],[12.5447,46.57284],[12.54477,46.57279],[12.54484,46.57277],[12.54502,46.57275],[12.54512,46.57272],[12.54574,46.57237],[12.54582,46.57233],[12.54602,46.57219],[12.54615,46.57205],[12.54649,46.57223],[12.54677,46.57239],[12.54691,46.57247],[12.54694,46.5725],[12.54669,46.57259],[12.54655,46.57246],[12.54653,46.57246],[12.5465,46.57244],[12.54646,46.57244],[12.54645,46.57243],[12.54632,46.57248],[12.54626,46.57244],[12.5463,46.57242]]},"properties":{"town_name":"Danta di Cadore"}},{"type":"Feature","geometry":{"type":"LineString","coordinates":[[11.20326,46.58467],[11.20332,46.58481],[11.20356,46.58502],[11.20377,46.58509],[11.20391,46.58516],[11.20393,46.58522],[11.20393,46.58542],[11.20396,46.58571],[11.20394,46.58601],[11.20394,46.58628],[11.20415,46.58643],[11.20441,46.58659],[11.20454,46.58668],[11.20467,46.58674],[11.20476,46.58682],[11.20479,46.58687],[11.20483,46.58711],[11.20486,46.58714],[11.20494,46.58717],[11.20513,46.58723],[11.20534,46.58727],[11.2055,46.58728],[11.20562,46.58725],[11.20567,46.58728],[11.20573,46.58731],[11.20582,46.58734],[11.20588,46.58735],[11.20585,46.58747],[11.20578,46.58762],[11.20585,46.58768],[11.20594,46.5878],[11.20594,46.58795],[11.206,46.58802],[11.20601,46.58807],[11.20599,46.58824],[11.20611,46.58828],[11.20616,46.58845],[11.20625,46.58843],[11.20637,46.58847],[11.2066,46.58844],[11.20668,46.58838],[11.20693,46.58833],[11.20703,46.58831],[11.20731,46.58816],[11.20744,46.58817],[11.20744,46.58822],[11.20739,46.5883],[11.20742,46.58836],[11.20748,46.5885],[11.20739,46.58872],[11.20725,46.5888],[11.20713,46.58891],[11.20711,46.58898],[11.2073,46.5889],[11.20747,46.58889],[11.2076,46.58886],[11.20789,46.58872],[11.20795,46.58865],[11.20821,46.5885],[11.20837,46.58847],[11.20856,46.58835],[11.20862,46.58839],[11.20867,46.58831],[11.20891,46.58844],[11.20898,46.58843],[11.20878,46.58855],[11.20875,46.58873],[11.20883,46.58875],[11.20896,46.5887],[11.20908,46.58861],[11.20916,46.5886],[11.2092,46.58865],[11.2092,46.58877],[11.20927,46.58881],[11.20927,46.58885],[11.20918,46.58885],[11.20892,46.58902],[11.20894,46.5891],[11.20902,46.58915],[11.20892,46.58926],[11.20894,46.58932],[11.20885,46.58943],[11.2088,46.58959],[11.20868,46.58958],[11.20866,46.58964],[11.20889,46.58981],[11.20885,46.58989],[11.20878,46.58993],[11.2087,46.58993],[11.20866,46.58999],[11.20873,46.59002],[11.20862,46.59008],[11.20843,46.59016],[11.20827,46.59032],[11.20823,46.59035],[11.20814,46.59042],[11.20808,46.59051],[11.20806,46.5906],[11.20807,46.59067],[11.20787,46.59092],[11.20784,46.591],[11.20775,46.59105],[11.20767,46.59117],[11.20766,46.59123],[11.20759,46.59132],[11.20761,46.59137],[11.20746,46.59161],[11.20744,46.59174],[11.20746,46.59182],[11.20747,46.59191],[11.20742,46.59198],[11.20733,46.59205],[11.20733,46.59212],[11.20731,46.59223],[11.20722,46.59228],[11.20721,46.59233],[11.20741,46.59233],[11.20749,46.59232],[11.20742,46.59241],[11.20725,46.59254],[11.2071,46.59258],[11.20698,46.59272],[11.20697,46.59281],[11.20693,46.59299],[11.20692,46.59313],[11.20696,46.59322],[11.20711,46.59337],[11.20727,46.59341],[11.20736,46.59337],[11.20747,46.5932],[11.2076,46.59307],[11.20772,46.59307],[11.20791,46.59296],[11.20796,46.59303],[11.20811,46.59299],[11.20811,46.59292],[11.2082,46.59289],[11.20838,46.59276],[11.20848,46.5927],[11.20858,46.59276],[11.20856,46.59282],[11.20844,46.59291],[11.2085,46.59315],[11.20857,46.59306],[11.20872,46.59298],[11.20876,46.59293],[11.20887,46.59289],[11.20911,46.59285],[11.20943,46.59273],[11.20948,46.59264],[11.20974,46.59236],[11.20978,46.59226],[11.20989,46.59216],[11.2099,46.59209],[11.21009,46.59206],[11.21005,46.59217],[11.21005,46.59227],[11.21002,46.59238],[11.21002,46.59251],[11.20998,46.59269],[11.20994,46.59289],[11.20979,46.59304],[11.20974,46.59313],[11.20973,46.59322],[11.20969,46.59329],[11.20962,46.59341],[11.20959,46.5935],[11.20962,46.59356],[11.20968,46.59358],[11.20974,46.59356],[11.20985,46.59347],[11.20995,46.59339],[11.21006,46.59339],[11.21016,46.59333],[11.21022,46.59332],[11.21026,46.5933],[11.21041,46.59327],[11.21049,46.59327],[11.21061,46.59325],[11.21068,46.59325],[11.21077,46.59328],[11.21078,46.5933],[11.21076,46.59334],[11.21072,46.59346],[11.21074,46.59353],[11.21077,46.59358],[11.21072,46.59365],[11.21069,46.59365],[11.21064,46.59376],[11.21065,46.59379],[11.21077,46.59386],[11.21085,46.59392],[11.21094,46.59395],[11.21096,46.59401],[11.21095,46.594],[11.21078,46.59414],[11.21076,46.59432],[11.21057,46.59445],[11.21064,46.59463],[11.21041,46.59472],[11.21028,46.59488],[11.21029,46.59506],[11.21022,46.59524],[11.21007,46.59539],[11.20995,46.59575],[11.20978,46.5961],[11.20974,46.59628],[11.20973,46.59666],[11.20963,46.59702],[11.2097,46.59719],[11.20982,46.59736],[11.20992,46.5981],[11.21005,46.59826],[11.21027,46.59839],[11.21053,46.59847],[11.21071,46.59834],[11.2105,46.59859],[11.21041,46.59888],[11.21038,46.59908],[11.21024,46.59922],[11.21011,46.5993],[11.20997,46.59939],[11.20987,46.59949],[11.20984,46.59964],[11.20984,46.59986],[11.20987,46.60011],[11.20991,46.60038],[11.20996,46.6005],[11.21003,46.60066],[11.21005,46.60083],[11.21009,46.60094],[11.21023,46.60115],[11.21034,46.60132],[11.21044,46.60145],[11.21059,46.60162],[11.2107,46.60173],[11.21078,46.60176],[11.21083,46.60177],[11.21097,46.60176],[11.2113,46.60168],[11.21142,46.60167],[11.21165,46.60168],[11.21185,46.60172],[11.21196,46.60176],[11.21237,46.60188],[11.21252,46.60196],[11.21261,46.60205],[11.21271,46.60214],[11.21288,46.60224],[11.21304,46.60235],[11.21314,46.60245],[11.21322,46.60246],[11.21332,46.60245],[11.21345,46.60241],[11.21356,46.60242],[11.21368,46.60249],[11.21373,46.60256],[11.2138,46.60267],[11.21386,46.60269],[11.2139,46.60275],[11.21408,46.60287],[11.21408,46.60294],[11.21412,46.60299],[11.21417,46.60305],[11.21425,46.60311],[11.21439,46.60316],[11.21452,46.6031],[11.21474,46.60287],[11.21489,46.60296],[11.21509,46.60324],[11.2153,46.60335],[11.21558,46.6034],[11.2157,46.60344],[11.21603,46.60366],[11.2162,46.6037],[11.21639,46.60359],[11.21726,46.60337],[11.2173,46.60342],[11.21731,46.60422],[11.21737,46.6043],[11.21779,46.60442],[11.21805,46.60453],[11.2184,46.60477],[11.21854,46.60474],[11.21878,46.60463],[11.21919,46.60421],[11.21926,46.60405],[11.21927,46.60385],[11.21943,46.60366],[11.22016,46.60311],[11.22051,46.60283],[11.22072,46.60271],[11.22083,46.6027],[11.22094,46.60275],[11.22096,46.60287],[11.22118,46.60326],[11.22133,46.6037],[11.2214,46.60376],[11.22152,46.60381],[11.22174,46.60384],[11.222,46.60361],[11.22208,46.60343],[11.22212,46.60328],[11.22218,46.60314],[11.22224,46.60308],[11.2224,46.60292],[11.22289,46.60247],[11.22303,46.60239],[11.22316,46.60233],[11.2233,46.6023],[11.22359,46.60229],[11.22398,46.60233],[11.22439,46.60248],[11.2245,46.60249],[11.2248,46.60247],[11.22496,46.60247],[11.22505,46.60258],[11.22522,46.60272],[11.22532,46.60287],[11.22536,46.60301],[11.22534,46.60317],[11.22531,46.60325],[11.22524,46.60331],[11.22514,46.60331],[11.22506,46.60332],[11.22499,46.60336],[11.22491,46.60342],[11.22488,46.60351],[11.22509,46.60359],[11.2252,46.60367],[11.2253,46.60377],[11.22536,46.60388],[11.22538,46.60391],[11.22558,46.60444],[11.22569,46.60471],[11.22576,46.60481],[11.22585,46.60483],[11.22588,46.60484],[11.22602,46.60488],[11.22612,46.60493],[11.22605,46.60518],[11.22607,46.6053],[11.22612,46.60539],[11.22622,46.60548],[11.22634,46.60553],[11.2264,46.60555],[11.22668,46.60558],[11.22673,46.6056],[11.22675,46.60558],[11.22675,46.60555],[11.22712,46.60556],[11.22729,46.60543]]},"properties":{"town_name":"Gargazon - Gargazzone"}},{"type":"Feature","geometry":{"type":"LineString","coordinates":[[12.04972,47.05293],[12.04972,47.05293],[12.04974,47.05283],[12.04963,47.05268],[12.04969,47.05245],[12.04999,47.05244],[12.05025,47.05239],[12.05027,47.05234],[12.05044,47.05221],[12.05079,47.05209],[12.05092,47.05186],[12.05093,47.05178],[12.05107,47.05157],[12.0512,47.05153],[12.05131,47.05157],[12.05156,47.05155],[12.05155,47.05144],[12.05152,47.05133],[12.05157,47.05129],[12.05152,47.05105],[12.05166,47.05089],[12.05167,47.05063],[12.05151,47.05043],[12.05166,47.0504],[12.05163,47.05035],[12.05178,47.05034],[12.05185,47.05027],[12.05189,47.05014],[12.05227,47.04991],[12.05262,47.04983],[12.05268,47.04977],[12.0527,47.04958],[12.05268,47.04949],[12.05273,47.04937],[12.05289,47.04929],[12.05291,47.04921],[12.05282,47.04903],[12.05273,47.04896],[12.05294,47.04867],[12.05333,47.04852],[12.05345,47.04837],[12.05341,47.0483],[12.05342,47.04818],[12.05328,47.04812],[12.05338,47.04802],[12.05355,47.04778],[12.0535,47.04764],[12.05368,47.04745],[12.05364,47.04741],[12.05351,47.04742],[12.05333,47.04729],[12.05302,47.04732],[12.05275,47.04718],[12.05275,47.04707],[12.05286,47.04693],[12.05279,47.04678],[12.05277,47.04661],[12.05306,47.0462],[12.05322,47.04616],[12.05317,47.04607],[12.0534,47.04592],[12.05355,47.04588],[12.05413,47.0452],[12.05429,47.04512],[12.05429,47.04508],[12.05419,47.04503],[12.05427,47.04492],[12.05429,47.04463],[12.0542,47.04461],[12.05427,47.04454],[12.05431,47.0443],[12.05419,47.04414],[12.05425,47.04405],[12.05421,47.04398],[12.05432,47.04375],[12.05459,47.04361],[12.05489,47.0433],[12.05511,47.04322],[12.05516,47.04299],[12.05511,47.04293],[12.05513,47.04273],[12.05502,47.04259],[12.05485,47.04253],[12.05492,47.04247],[12.0549,47.04242],[12.05483,47.04239],[12.05473,47.04233],[12.05478,47.04227],[12.05466,47.0422],[12.05443,47.04217],[12.05441,47.04213],[12.05428,47.04214],[12.05427,47.04211],[12.05439,47.04202],[12.05416,47.04194],[12.054,47.04198],[12.05391,47.04192],[12.05376,47.0419],[12.05261,47.04222],[12.05255,47.04214],[12.05247,47.04219],[12.05238,47.04207],[12.0523,47.0421],[12.05226,47.042],[12.05215,47.042],[12.05212,47.04194],[12.05202,47.04196],[12.05201,47.04204],[12.05193,47.04205],[12.05188,47.042],[12.05174,47.04202],[12.05158,47.04178],[12.05133,47.04182],[12.05145,47.04166],[12.05113,47.04165],[12.05109,47.0416],[12.05116,47.0415],[12.05112,47.04144],[12.05111,47.04125],[12.05097,47.04127],[12.05082,47.04137],[12.05049,47.04115],[12.05034,47.04088],[12.05012,47.04094],[12.0498,47.04087],[12.0495,47.04064],[12.04937,47.04039],[12.04948,47.04023],[12.04937,47.03973],[12.04925,47.03934],[12.04901,47.03916],[12.04896,47.03904],[12.04916,47.03834],[12.04931,47.03818],[12.04945,47.0379],[12.04929,47.03778],[12.04956,47.03728],[12.0491,47.03683],[12.04913,47.03676],[12.04905,47.03666],[12.04904,47.03659],[12.04908,47.0365],[12.04914,47.03642],[12.04912,47.03634],[12.04906,47.03624],[12.04897,47.03612],[12.04896,47.03603],[12.04906,47.03589],[12.04925,47.03563],[12.04926,47.03543],[12.04936,47.0353],[12.04958,47.03509],[12.04974,47.03518],[12.04987,47.03522],[12.04999,47.03523],[12.05031,47.03519],[12.05059,47.03519],[12.05074,47.03523],[12.05102,47.03452],[12.05133,47.03403],[12.05172,47.03316],[12.05185,47.03252],[12.05194,47.03226],[12.05203,47.03217],[12.05229,47.032],[12.0524,47.03188],[12.05238,47.03163],[12.05227,47.03148],[12.05231,47.03142],[12.05248,47.03131],[12.05267,47.03127],[12.05278,47.03122],[12.05279,47.03115],[12.05271,47.03102],[12.05263,47.03097],[12.05252,47.03085],[12.0525,47.03079],[12.05259,47.03047],[12.05271,47.03028],[12.05273,47.02999],[12.05286,47.02985],[12.05295,47.02971],[12.05291,47.02946],[12.05281,47.02928],[12.05283,47.02903],[12.0528,47.02901],[12.05277,47.02898],[12.05274,47.02888],[12.05284,47.02854],[12.05303,47.02832],[12.05354,47.02798],[12.05396,47.02764],[12.05425,47.0274],[12.05442,47.02728],[12.05466,47.02718],[12.05494,47.02703],[12.05524,47.02695],[12.05564,47.02686],[12.05594,47.02671],[12.05611,47.02657],[12.05667,47.02637],[12.05697,47.02623],[12.05721,47.02617],[12.05747,47.02614],[12.05789,47.02611],[12.05831,47.02602],[12.05856,47.02592],[12.05854,47.0259],[12.05855,47.02588],[12.05856,47.02586],[12.05863,47.02582],[12.05913,47.02557],[12.05944,47.02536],[12.05955,47.0253],[12.05975,47.02527],[12.0601,47.02525],[12.06038,47.02521],[12.06056,47.02515],[12.06066,47.02507],[12.06073,47.02493],[12.06072,47.02487],[12.06067,47.02464],[12.06068,47.02451],[12.0607,47.02444],[12.06072,47.02439],[12.06073,47.02434],[12.06072,47.02427],[12.0607,47.0242],[12.06059,47.02408],[12.06049,47.02394],[12.06031,47.02355],[12.06023,47.02344],[12.06012,47.02341],[12.06008,47.0233],[12.06023,47.023],[12.06025,47.02297],[12.06036,47.02292],[12.06046,47.02291],[12.06066,47.02292],[12.06101,47.02292],[12.0613,47.0229],[12.0615,47.02285],[12.06173,47.0227],[12.06205,47.02255],[12.06263,47.02235],[12.06266,47.02231],[12.06265,47.02229],[12.06261,47.02227],[12.06255,47.02227],[12.06205,47.02237],[12.06172,47.02242],[12.06171,47.02239],[12.06173,47.02235],[12.06236,47.02209],[12.06257,47.02204],[12.06291,47.02198],[12.06321,47.02187],[12.06381,47.02161],[12.06391,47.02153],[12.06402,47.0215],[12.06424,47.0215],[12.06443,47.02146],[12.06482,47.02148],[12.06496,47.02148],[12.06509,47.02147],[12.06534,47.0215],[12.06546,47.0215],[12.06604,47.02142],[12.06617,47.02141],[12.06649,47.0215],[12.06661,47.02151],[12.0672,47.02148],[12.06732,47.0215],[12.06744,47.02157],[12.06767,47.0216],[12.06833,47.0216],[12.06857,47.02157],[12.06873,47.02153],[12.06883,47.02152],[12.06889,47.02152],[12.06895,47.02151],[12.06963,47.02115],[12.06964,47.02111],[12.07013,47.02099],[12.07042,47.02093],[12.07094,47.02083],[12.07103,47.02081],[12.07114,47.0208],[12.07131,47.02079],[12.0715,47.02079],[12.07167,47.0208],[12.0718,47.02082],[12.07196,47.02085],[12.07256,47.02098],[12.07276,47.02101],[12.0735,47.02115],[12.07361,47.02118],[12.07373,47.02121],[12.0739,47.02127],[12.07409,47.02135],[12.07431,47.02145],[12.0745,47.02153],[12.07465,47.02159],[12.07485,47.02166],[12.07523,47.0218],[12.07566,47.02192],[12.07621,47.02205],[12.07656,47.02211],[12.07681,47.02216],[12.07693,47.02219],[12.07704,47.02223],[12.07723,47.02231],[12.07748,47.02242],[12.07771,47.02253],[12.07786,47.02261],[12.07795,47.02266],[12.07805,47.02272],[12.07813,47.02279],[12.0782,47.02286],[12.07825,47.02292],[12.0783,47.02298],[12.07833,47.02304],[12.07868,47.02374],[12.07873,47.02384],[12.07879,47.02394],[12.07887,47.02403],[12.07894,47.0241],[12.07903,47.02417],[12.07912,47.02424],[12.07931,47.02435],[12.07948,47.02442],[12.08048,47.02476],[12.08067,47.02484],[12.08082,47.02491],[12.08096,47.02499],[12.08109,47.02506],[12.08121,47.02514],[12.08133,47.02523],[12.08161,47.02543],[12.08175,47.02551],[12.08185,47.02555],[12.08198,47.02559],[12.08209,47.02561],[12.08221,47.02563],[12.08232,47.02564],[12.08249,47.02564],[12.0827,47.02564],[12.08295,47.02564],[12.08309,47.02565],[12.08324,47.02568],[12.08334,47.02571],[12.08344,47.02575],[12.08353,47.02579],[12.0836,47.02584],[12.08368,47.0259],[12.08373,47.02594],[12.08382,47.02602],[12.08437,47.02668],[12.08445,47.02677],[12.08473,47.02706],[12.08559,47.02768],[12.08583,47.02786],[12.0859,47.02791],[12.08594,47.02796],[12.08602,47.02806],[12.08612,47.02821],[12.08626,47.02842],[12.0869,47.02942],[12.08694,47.02953],[12.08706,47.03007],[12.08711,47.03017],[12.08714,47.03022],[12.0872,47.03029],[12.08738,47.03047],[12.08743,47.0305],[12.08746,47.03053],[12.08753,47.03056],[12.08765,47.03061],[12.08789,47.03068],[12.08794,47.0307],[12.08799,47.03073],[12.08804,47.03076],[12.08808,47.03079],[12.08821,47.03092],[12.08828,47.031],[12.08834,47.03104],[12.08842,47.03108],[12.08854,47.03114],[12.08873,47.03123],[12.08888,47.03131],[12.08918,47.03151],[12.08943,47.03168],[12.08959,47.0318],[12.08975,47.03193],[12.08982,47.03199],[12.09019,47.03234],[12.09026,47.0324],[12.09034,47.03245],[12.09047,47.03255],[12.09067,47.03267],[12.09084,47.03276],[12.09095,47.03282],[12.09101,47.03285],[12.09105,47.03289],[12.09126,47.03308],[12.09137,47.03322],[12.09153,47.03337],[12.09163,47.03345],[12.09173,47.03352],[12.09189,47.03362],[12.09202,47.03369],[12.09211,47.03373],[12.09222,47.03376],[12.0924,47.03381],[12.09285,47.03394],[12.09338,47.03412],[12.09348,47.03415],[12.09357,47.03417],[12.09368,47.03418],[12.09395,47.03419],[12.09413,47.0342],[12.09426,47.03421],[12.09432,47.03422],[12.09439,47.03425],[12.09456,47.03433],[12.09567,47.03489],[12.09581,47.03495],[12.09594,47.03502],[12.09599,47.03505],[12.09605,47.03509],[12.09611,47.03513],[12.09621,47.03523],[12.09628,47.03528],[12.09675,47.03567],[12.09693,47.03581],[12.09712,47.03593],[12.09724,47.036],[12.0973,47.03603],[12.09739,47.03608],[12.09756,47.03614],[12.09773,47.0362],[12.0979,47.03625],[12.09808,47.03629],[12.09892,47.03643],[12.10019,47.03664],[12.10032,47.03666],[12.1005,47.03671],[12.1006,47.03675],[12.1007,47.03679],[12.10078,47.03683],[12.10087,47.03687],[12.10112,47.03701],[12.10172,47.03732],[12.10179,47.03735],[12.10186,47.03739],[12.10193,47.03742],[12.10203,47.03745],[12.1021,47.03747],[12.10271,47.03763],[12.10286,47.03767],[12.10299,47.03772],[12.10309,47.03776],[12.10318,47.0378],[12.10324,47.03785],[12.1033,47.0379],[12.10335,47.03798],[12.10339,47.03811],[12.10349,47.03838],[12.10344,47.03841],[12.10342,47.03844]]},"properties":{"town_name":"Brandberg"}},{"type":"Feature","geometry":{"type":"LineString","coordinates":[[13.6488,46.53067],[13.64869,46.53067],[13.64842,46.53066],[13.64841,46.53066],[13.64829,46.53064],[13.64813,46.5306],[13.64798,46.53055],[13.6477,46.53045],[13.6476,46.53042],[13.6475,46.5304],[13.64733,46.53038],[13.64713,46.53035],[13.64691,46.5303],[13.64673,46.53026],[13.64655,46.53022],[13.64643,46.53019],[13.64631,46.53017],[13.64625,46.53015],[13.64619,46.53015],[13.64611,46.53016],[13.64605,46.53016],[13.646,46.53015],[13.64596,46.53013],[13.64592,46.5301],[13.64582,46.53006],[13.64568,46.53001],[13.64553,46.52996],[13.64537,46.52992],[13.64531,46.52991],[13.64508,46.52986],[13.64491,46.52983],[13.64475,46.52977],[13.64464,46.52972],[13.64455,46.52968],[13.64447,46.52964],[13.64436,46.5296],[13.64419,46.52957],[13.644,46.52952],[13.64382,46.52944],[13.64366,46.52934],[13.64344,46.52921],[13.64324,46.52911],[13.64301,46.52903],[13.64282,46.52897],[13.64265,46.52893],[13.64251,46.52889],[13.64235,46.52884],[13.64225,46.5288],[13.64214,46.52876],[13.64198,46.5287],[13.64179,46.52863],[13.64165,46.52858],[13.64154,46.52853],[13.64144,46.52846],[13.64126,46.52828],[13.64117,46.5282],[13.64108,46.5281],[13.64094,46.52791],[13.64083,46.52772],[13.64079,46.52762],[13.64078,46.52752],[13.64075,46.52747],[13.64071,46.52744],[13.64063,46.52738],[13.64061,46.52737],[13.64051,46.5273],[13.64041,46.52721],[13.6403,46.52713],[13.64019,46.52706],[13.64006,46.52699],[13.63982,46.52694],[13.63971,46.52687],[13.63963,46.52684],[13.63951,46.5268],[13.63931,46.52675],[13.63923,46.52672],[13.63918,46.52669],[13.6391,46.52664],[13.63903,46.52659],[13.63887,46.5265],[13.6388,46.52647],[13.63872,46.52646],[13.63862,46.52645],[13.6385,46.52644],[13.63843,46.52642],[13.63833,46.52637],[13.63821,46.5263],[13.63813,46.52626],[13.63801,46.52623],[13.63788,46.52622],[13.63779,46.52621],[13.63765,46.52617],[13.63757,46.52614],[13.63751,46.52609],[13.6374,46.52603],[13.63732,46.52598],[13.63725,46.52592],[13.63716,46.52581],[13.63707,46.5257],[13.63702,46.52564],[13.63695,46.5256],[13.63692,46.52558],[13.63688,46.52557],[13.63683,46.52556],[13.63678,46.52556],[13.63675,46.52556],[13.63671,46.52557],[13.63667,46.52558],[13.63654,46.52562],[13.6365,46.52564],[13.63644,46.52565],[13.63634,46.52566],[13.63619,46.52565],[13.63606,46.52564],[13.63593,46.52562],[13.63586,46.5256],[13.63579,46.52557],[13.63572,46.52553],[13.63563,46.52546],[13.63554,46.52539],[13.63545,46.52533],[13.6354,46.52531],[13.63536,46.52529],[13.63533,46.52529],[13.63529,46.52529],[13.63526,46.52529],[13.63521,46.52529],[13.63518,46.52529],[13.63512,46.52531],[13.63506,46.52532],[13.63501,46.52532],[13.63495,46.52534],[13.63488,46.52537],[13.63476,46.52544],[13.63456,46.52556],[13.63446,46.5256],[13.63438,46.52564],[13.63431,46.52565],[13.63424,46.52565],[13.63418,46.52565],[13.63412,46.52564],[13.63405,46.52561],[13.63399,46.52557],[13.63393,46.52554],[13.6339,46.5255],[13.63386,46.52542],[13.63382,46.52523],[13.63378,46.52517],[13.63372,46.5251],[13.63355,46.52501],[13.63339,46.52491],[13.63313,46.52476],[13.63304,46.5247],[13.63297,46.52463],[13.63286,46.5245],[13.63282,46.52444],[13.63281,46.52438],[13.63281,46.52428],[13.63282,46.52408],[13.6328,46.52401],[13.63276,46.52398],[13.63268,46.52397],[13.63258,46.52398],[13.63248,46.524],[13.63235,46.52403],[13.63224,46.52404],[13.63213,46.52402],[13.63194,46.52397],[13.6318,46.52395],[13.6317,46.52393],[13.63156,46.52385],[13.63153,46.52382],[13.63153,46.52379],[13.63155,46.52377],[13.6316,46.5237],[13.63169,46.52359],[13.6317,46.52354],[13.63169,46.5235],[13.63166,46.52346],[13.63157,46.5234],[13.6315,46.52336],[13.63141,46.52334],[13.63131,46.52333],[13.63123,46.52333],[13.6311,46.52335],[13.63089,46.5234],[13.63068,46.52345],[13.63058,46.52345],[13.63044,46.52343],[13.63035,46.52343],[13.63025,46.52345],[13.63016,46.52348],[13.63007,46.52349],[13.62996,46.52349],[13.62982,46.52347],[13.62969,46.52344],[13.62947,46.52335],[13.62915,46.52323],[13.62885,46.52315],[13.62867,46.52311],[13.62849,46.52309],[13.62831,46.52305],[13.62813,46.52301],[13.62795,46.52295],[13.62774,46.52287],[13.62752,46.52279],[13.62731,46.5227],[13.62718,46.52266],[13.62705,46.52263],[13.62682,46.52259],[13.62671,46.52256],[13.62659,46.52251],[13.62646,46.52245],[13.62595,46.52221],[13.62571,46.52211],[13.62555,46.52206],[13.62545,46.52202],[13.62534,46.522],[13.62523,46.52198],[13.62513,46.52194],[13.62499,46.52186],[13.62483,46.52179],[13.62463,46.52169],[13.62451,46.5216],[13.62432,46.52144],[13.62413,46.52129],[13.62402,46.52121],[13.62392,46.52115],[13.62381,46.5211],[13.62366,46.52105],[13.6235,46.52098],[13.62333,46.52088],[13.62314,46.52077],[13.62291,46.52068],[13.62269,46.52063],[13.6225,46.52057],[13.62233,46.52052],[13.62217,46.52045],[13.62189,46.52031],[13.6216,46.52018],[13.62131,46.52006],[13.62074,46.5198],[13.62054,46.51971],[13.62037,46.51963],[13.62006,46.51944],[13.61987,46.51928],[13.61964,46.51902],[13.61954,46.51889],[13.61946,46.51864],[13.61942,46.51853],[13.61939,46.51843],[13.61936,46.51822],[13.61931,46.51801],[13.61928,46.51783],[13.61919,46.51763],[13.61916,46.51748],[13.61918,46.5171],[13.61914,46.51694],[13.61912,46.51684],[13.61913,46.51677],[13.61917,46.51663],[13.61924,46.5165],[13.61929,46.51636],[13.61935,46.51623],[13.61941,46.51612],[13.61943,46.51602],[13.61944,46.51595],[13.61942,46.51587],[13.61939,46.51574],[13.61941,46.51567],[13.61946,46.51559],[13.61955,46.51552],[13.61961,46.51545],[13.61972,46.51531],[13.61965,46.51522],[13.61958,46.51513],[13.61945,46.51503],[13.6193,46.5149],[13.61917,46.5148],[13.61908,46.51471],[13.61892,46.51458],[13.618,46.51383],[13.61784,46.51373],[13.61718,46.51319],[13.61561,46.51218],[13.61552,46.51212],[13.61549,46.5121],[13.61546,46.51207],[13.61537,46.51202],[13.61524,46.51196],[13.61509,46.51187],[13.61491,46.51177],[13.61479,46.51176],[13.61466,46.51175],[13.61459,46.51172],[13.61449,46.51166],[13.61434,46.51162],[13.61411,46.51163],[13.6139,46.51175],[13.61367,46.51184],[13.61355,46.51191],[13.61347,46.51199],[13.61344,46.5121],[13.61347,46.51224],[13.61344,46.51237],[13.61339,46.51243],[13.61332,46.51253],[13.61321,46.5126],[13.61304,46.51262],[13.61279,46.51259],[13.61258,46.51254],[13.61233,46.51252],[13.61213,46.51252],[13.61209,46.51255],[13.61212,46.51258],[13.61227,46.51263],[13.61248,46.51271],[13.61258,46.51276],[13.61269,46.51278],[13.61295,46.5128],[13.61313,46.51282],[13.61331,46.51283],[13.61341,46.51284],[13.61353,46.51287],[13.61355,46.5129],[13.61348,46.51294],[13.61337,46.51297],[13.61331,46.51301],[13.6133,46.51307],[13.61338,46.51312],[13.61348,46.51317],[13.61362,46.51321],[13.61378,46.51322],[13.61379,46.51326],[13.6137,46.51329],[13.6136,46.51328],[13.61356,46.5133],[13.61353,46.51333],[13.61343,46.51342],[13.61328,46.51355],[13.61337,46.51377],[13.6131,46.5137],[13.61316,46.51388],[13.61298,46.51385],[13.61284,46.51391],[13.61295,46.51402],[13.61277,46.51402],[13.61317,46.51431],[13.61318,46.51432],[13.61321,46.51436],[13.61308,46.51432],[13.61297,46.51428],[13.61285,46.51423],[13.61253,46.51398],[13.61252,46.51397],[13.61233,46.51366],[13.61217,46.51343],[13.61196,46.51329],[13.61168,46.51322],[13.61144,46.51319],[13.61115,46.51322],[13.61075,46.51337],[13.61041,46.51352],[13.61011,46.51366],[13.60964,46.51388],[13.6093,46.51414],[13.60914,46.51437],[13.6091,46.51451],[13.60904,46.51469],[13.609,46.51482],[13.60887,46.51498],[13.60874,46.51509],[13.60857,46.51515],[13.60812,46.51527],[13.60776,46.51542],[13.60732,46.51563],[13.60715,46.51572],[13.60693,46.51579],[13.60695,46.51541],[13.60698,46.51501],[13.607,46.51491],[13.60705,46.51479],[13.60712,46.51466],[13.60723,46.51446],[13.60729,46.51429],[13.60731,46.51418],[13.60734,46.51401],[13.60736,46.51357],[13.60736,46.51334],[13.60734,46.51321],[13.60731,46.51307],[13.60725,46.5129],[13.60719,46.51277],[13.6071,46.51264],[13.60704,46.51256],[13.60696,46.51247],[13.60683,46.51235],[13.60664,46.51221],[13.60642,46.51208],[13.60618,46.51195],[13.60507,46.51148],[13.6049,46.5114],[13.60389,46.51097],[13.60324,46.51069],[13.60322,46.51068],[13.60275,46.51047],[13.60254,46.51036],[13.60237,46.51026],[13.6022,46.51012],[13.6021,46.51002],[13.6019,46.50981],[13.60127,46.50915],[13.60116,46.50904],[13.60096,46.50887],[13.60074,46.50872],[13.60072,46.50865],[13.60066,46.50859],[13.60056,46.50851],[13.60049,46.50846],[13.6004,46.50838],[13.6003,46.50832],[13.60021,46.50826],[13.60015,46.50823],[13.60005,46.50818],[13.59994,46.50809],[13.59997,46.508],[13.60002,46.50789],[13.59998,46.50788],[13.5998,46.50786],[13.59961,46.50785],[13.5992,46.50781],[13.59874,46.50776],[13.59817,46.50771],[13.59797,46.50769],[13.59776,46.50766],[13.5976,46.50763],[13.59744,46.5076],[13.59729,46.50756],[13.59714,46.50752],[13.59678,46.50739],[13.59672,46.50736],[13.59662,46.50731],[13.59643,46.50722],[13.59629,46.50713],[13.59614,46.50702],[13.59588,46.50684],[13.59577,46.50676],[13.59567,46.50668],[13.59544,46.5065],[13.59521,46.50633],[13.59499,46.50618],[13.59483,46.50609],[13.59453,46.50593],[13.59426,46.50582],[13.59399,46.50574],[13.59375,46.50569],[13.59362,46.50566],[13.59355,46.50565],[13.5935,46.50564],[13.59321,46.50561],[13.59267,46.50556],[13.59135,46.50548],[13.59078,46.50544],[13.59066,46.50543],[13.59065,46.50527],[13.59063,46.50521],[13.59085,46.50513],[13.59067,46.5051],[13.59061,46.50509],[13.59054,46.50505],[13.5905,46.50502],[13.59044,46.50495],[13.59033,46.5049],[13.59022,46.50485],[13.59008,46.50478],[13.58997,46.50474],[13.58982,46.50472],[13.58972,46.50471],[13.58968,46.50471],[13.58953,46.50468],[13.58951,46.50468],[13.5894,46.50466],[13.58931,46.50462],[13.58917,46.50457],[13.58905,46.50451],[13.58899,46.5045],[13.58894,46.50448],[13.58888,46.50448],[13.58878,46.50448],[13.58795,46.50447],[13.58789,46.50447],[13.58781,46.50445],[13.58769,46.50443],[13.58752,46.5044],[13.58735,46.50436],[13.58696,46.50428],[13.58674,46.50418],[13.58667,46.50416],[13.5866,46.50415],[13.58646,46.50412],[13.5864,46.50411],[13.58613,46.50409],[13.58612,46.50381],[13.58568,46.50369],[13.5856,46.50381],[13.58543,46.5038],[13.58545,46.50371]]},"properties":{"town_name":"Arnoldstein"}},{"type":"Feature","geometry":{"type":"LineString","coordinates":[[12.79141,46.14497],[12.79139,46.14497],[12.79148,46.14481],[12.7915,46.14466],[12.79151,46.14455],[12.79157,46.14414],[12.79163,46.14389],[12.79173,46.14349],[12.79177,46.14323],[12.79175,46.1431],[12.7916,46.14265],[12.79147,46.14224],[12.79144,46.14198],[12.79143,46.14178],[12.79145,46.14158],[12.79148,46.14128],[12.79153,46.14103],[12.7916,46.14084],[12.79167,46.14067],[12.79176,46.14055],[12.7918,46.14047],[12.79186,46.14039],[12.79202,46.1402],[12.7922,46.13994],[12.79239,46.13965],[12.79257,46.13933],[12.79262,46.13918],[12.79263,46.13892],[12.79248,46.1386],[12.79217,46.1379],[12.79206,46.13766],[12.79193,46.1374],[12.79165,46.1367],[12.7914,46.13617],[12.7913,46.13594],[12.79117,46.13567],[12.79111,46.13554],[12.79094,46.13521],[12.7908,46.1349],[12.79053,46.1343],[12.79034,46.13388],[12.79029,46.13348],[12.7904,46.13234],[12.79051,46.13158],[12.79063,46.13055],[12.79071,46.12983],[12.79072,46.12978],[12.79083,46.12893],[12.79091,46.1282],[12.79102,46.12741],[12.79103,46.12692],[12.79095,46.12668],[12.79093,46.12663],[12.79079,46.12641],[12.79077,46.12637],[12.79055,46.12612],[12.79028,46.12591],[12.79008,46.12578],[12.78953,46.12545],[12.78923,46.12529],[12.7888,46.12504],[12.78816,46.12466],[12.78776,46.12437],[12.78758,46.12414],[12.7874,46.12377],[12.78728,46.12304],[12.78713,46.12219],[12.78706,46.12178],[12.78705,46.12132],[12.78723,46.12056],[12.78752,46.11955],[12.7882,46.11712],[12.78825,46.11694],[12.78832,46.11667],[12.78861,46.11565],[12.78876,46.11518],[12.78895,46.11467],[12.78902,46.1145],[12.78923,46.11423],[12.78931,46.11413],[12.78952,46.11378],[12.78963,46.1133],[12.78968,46.11315],[12.78968,46.1131],[12.78966,46.11303],[12.78962,46.11298],[12.78956,46.11292],[12.78936,46.11283],[12.78926,46.11278],[12.78912,46.11275],[12.78887,46.11266]]},"properties":{"town_name":"Arba / Darbe"}},{"type":"Feature","geometry":{"type":"LineString","coordinates":[[13.57751,46.12693],[13.57745,46.12694],[13.57744,46.12694],[13.57712,46.127],[13.5769,46.12704],[13.57678,46.12706],[13.57672,46.12708],[13.57663,46.12711],[13.57656,46.12706],[13.57642,46.12701],[13.57629,46.12701],[13.57616,46.12698],[13.57613,46.12697],[13.57612,46.12693],[13.57612,46.12685],[13.57612,46.12681],[13.57617,46.12665],[13.57619,46.12646],[13.57614,46.12641],[13.57606,46.12641],[13.576,46.12644],[13.57593,46.12652],[13.57583,46.12661],[13.57541,46.12672],[13.5752,46.12677],[13.57498,46.12673],[13.57471,46.12667],[13.57439,46.12653],[13.57408,46.12636],[13.57391,46.12626],[13.5737,46.12624],[13.57355,46.12618],[13.57346,46.12611],[13.57338,46.12607],[13.57328,46.12609],[13.57313,46.12605],[13.57297,46.12597],[13.57273,46.12593],[13.57231,46.12591],[13.57199,46.12581],[13.57178,46.12577],[13.57142,46.1256],[13.57123,46.12554],[13.57107,46.12556],[13.57091,46.12562],[13.57081,46.12567],[13.5706,46.1258],[13.57025,46.12597],[13.57009,46.12608],[13.56985,46.12615],[13.56962,46.12616],[13.56946,46.12618],[13.56928,46.12633],[13.5692,46.12641],[13.56913,46.12648],[13.56906,46.12653],[13.569,46.12655],[13.56889,46.1266],[13.56885,46.12669],[13.56886,46.12679],[13.56882,46.12684],[13.56863,46.12687],[13.56842,46.12683],[13.56814,46.12673],[13.56786,46.12661],[13.56764,46.12657],[13.56741,46.12656],[13.56723,46.12657],[13.56713,46.12654],[13.56685,46.1264],[13.56655,46.12633],[13.56635,46.12631],[13.56633,46.12623],[13.56624,46.12622],[13.56612,46.12623],[13.56606,46.12626],[13.56595,46.12623],[13.5651,46.12588],[13.56499,46.12583],[13.56494,46.12576],[13.56494,46.1257],[13.56494,46.12565],[13.56492,46.1256],[13.56486,46.12559],[13.56479,46.12564],[13.56475,46.12576],[13.56468,46.12579],[13.56462,46.12576],[13.56463,46.12567],[13.56467,46.12561],[13.56475,46.12556],[13.56485,46.12547],[13.56491,46.12541],[13.56502,46.12535],[13.565,46.12527],[13.56486,46.12528],[13.56465,46.12535],[13.56432,46.12545],[13.56398,46.12558],[13.56385,46.12563],[13.56366,46.12571],[13.56352,46.12577],[13.56346,46.12582],[13.56274,46.12576],[13.56226,46.12571],[13.56203,46.12574],[13.56193,46.12573],[13.56185,46.1257],[13.56155,46.12544],[13.56095,46.12512],[13.55965,46.12449],[13.55878,46.12401],[13.55808,46.12365],[13.55739,46.1234],[13.55676,46.1233],[13.55369,46.1232],[13.55324,46.12314],[13.55194,46.12281],[13.55084,46.12262],[13.54897,46.12235],[13.54783,46.12225],[13.54314,46.1219],[13.54264,46.12182],[13.54083,46.12137],[13.53882,46.12081],[13.53803,46.12057],[13.5375,46.12047],[13.53692,46.12041],[13.53643,46.12038],[13.53605,46.12038],[13.53569,46.12042],[13.53527,46.12052],[13.53486,46.12067],[13.53433,46.12088],[13.5339,46.12101],[13.53375,46.12106],[13.53332,46.12111],[13.53104,46.12129],[13.53067,46.12135],[13.52919,46.12158],[13.52827,46.12171],[13.52805,46.12174],[13.52768,46.12178],[13.52707,46.1218],[13.52654,46.12179],[13.52647,46.12179],[13.52623,46.12175],[13.52537,46.12155],[13.52494,46.12146],[13.52482,46.12142],[13.52356,46.12104],[13.52343,46.12103],[13.52333,46.12105],[13.52282,46.1211],[13.52224,46.12121],[13.52217,46.12122],[13.52204,46.12127]]},"properties":{"town_name":"Stregna"}},{"type":"Feature","geometry":{"type":"LineString","coordinates":[[12.87848,46.41083],[12.87844,46.41089],[12.87839,46.41097],[12.87836,46.41104],[12.87836,46.4111],[12.87838,46.41117],[12.87841,46.41126],[12.87854,46.41159],[12.87856,46.41193],[12.87833,46.41202],[12.87824,46.41205],[12.87812,46.41214],[12.87802,46.41227],[12.87796,46.41242],[12.87798,46.41257],[12.87802,46.41269],[12.87812,46.41283],[12.87806,46.41295],[12.87798,46.41305],[12.87789,46.4131],[12.87777,46.41317],[12.87774,46.41323],[12.87762,46.41379],[12.87753,46.41398],[12.87742,46.41416],[12.87701,46.41453],[12.87678,46.4147],[12.87674,46.41478],[12.87674,46.41487],[12.87678,46.415],[12.8768,46.41508],[12.87679,46.41518],[12.87662,46.41539],[12.87644,46.41553],[12.87626,46.41558],[12.87591,46.41562],[12.87569,46.41562],[12.87558,46.41558],[12.8754,46.41556],[12.87525,46.41561],[12.87512,46.41572],[12.87488,46.41586],[12.87443,46.41596],[12.87414,46.41606],[12.87402,46.41615],[12.8739,46.41628],[12.87377,46.41641],[12.87361,46.4165],[12.87343,46.41659],[12.8733,46.41669],[12.87322,46.41681],[12.87318,46.41696],[12.87319,46.41709],[12.87328,46.41741],[12.87325,46.41762],[12.87316,46.41795],[12.8731,46.41808],[12.87297,46.41818],[12.87275,46.4183],[12.87255,46.41842],[12.87246,46.41851],[12.87238,46.41858],[12.87228,46.41863],[12.87201,46.41869],[12.87194,46.41873],[12.87187,46.41882],[12.87183,46.41895],[12.87176,46.41902],[12.87167,46.41907],[12.87132,46.41918],[12.87125,46.41922],[12.87124,46.41927],[12.87127,46.4193],[12.87133,46.41932],[12.87147,46.4193],[12.87256,46.41895],[12.87265,46.41892],[12.87273,46.4189],[12.8728,46.41888],[12.87285,46.41888],[12.87292,46.4189],[12.87295,46.41892],[12.87296,46.41896],[12.87295,46.419],[12.87292,46.41904],[12.87284,46.41908],[12.87276,46.41912],[12.87268,46.41916],[12.87229,46.41935],[12.87219,46.41942],[12.87212,46.41951],[12.8721,46.41959],[12.87208,46.41966],[12.87209,46.42019],[12.87208,46.42041],[12.872,46.42062],[12.87198,46.42083],[12.87207,46.42101],[12.87215,46.42118],[12.87225,46.42133],[12.87255,46.42158],[12.87264,46.42169],[12.8726,46.42179],[12.87259,46.42188],[12.87257,46.42199],[12.87257,46.42208],[12.87254,46.42209],[12.87247,46.42212],[12.87238,46.42215],[12.87226,46.42217],[12.87221,46.42228],[12.87221,46.42241],[12.87224,46.42263],[12.87223,46.42279],[12.87217,46.42284],[12.87184,46.42294],[12.87171,46.42301],[12.87159,46.42315],[12.87138,46.42337],[12.87137,46.42347],[12.87142,46.42356],[12.87152,46.42361],[12.87168,46.42361],[12.87194,46.42353],[12.87224,46.42345],[12.87249,46.42347],[12.87266,46.42354],[12.87278,46.42363],[12.87287,46.42376],[12.87286,46.42396],[12.87281,46.42507],[12.87284,46.42521],[12.87299,46.42572],[12.87307,46.42585],[12.87314,46.42591],[12.87322,46.42597],[12.87333,46.42602],[12.87344,46.42602],[12.87357,46.42598],[12.87379,46.42589],[12.87411,46.42576],[12.8743,46.42575],[12.87451,46.42578],[12.8747,46.42589],[12.87477,46.42602],[12.87477,46.42616],[12.87465,46.42632],[12.87441,46.4265],[12.87418,46.42668],[12.87365,46.42728],[12.87327,46.4277],[12.87303,46.42803],[12.87292,46.42831],[12.87278,46.42873],[12.87274,46.42887],[12.87275,46.42902],[12.87282,46.42913],[12.87292,46.42926],[12.87295,46.4293],[12.8732,46.42962],[12.87321,46.42964],[12.8733,46.42971],[12.87327,46.42977],[12.87324,46.42983],[12.87328,46.43001],[12.8735,46.43071],[12.87355,46.43085],[12.87359,46.43117],[12.87355,46.43147],[12.87322,46.43215],[12.87291,46.43281],[12.87283,46.43305],[12.87264,46.43355],[12.87253,46.43382],[12.8725,46.43381],[12.87247,46.43381],[12.87244,46.43383],[12.87242,46.43384],[12.87242,46.43387],[12.87243,46.43389],[12.87232,46.4339],[12.87205,46.43414],[12.87196,46.43425],[12.87197,46.43445],[12.87198,46.43458],[12.87189,46.4347],[12.87183,46.43489],[12.87174,46.43521],[12.87161,46.4352],[12.8715,46.43521],[12.87135,46.43524],[12.87105,46.43531],[12.87089,46.43532],[12.87073,46.43533],[12.87066,46.43529],[12.87051,46.43534],[12.87048,46.43536]]},"properties":{"town_name":"Enemonzo / Enemonç"}},{"type":"Feature","geometry":{"type":"LineString","coordinates":[[13.58677,45.9831],[13.58677,45.98304],[13.58675,45.98283],[13.58678,45.98269],[13.5869,45.98254],[13.587,45.98243],[13.5871,45.98226],[13.58724,45.9823],[13.58731,45.98221],[13.58762,45.98217],[13.58795,45.98213],[13.58879,45.98198],[13.5894,45.98197],[13.58985,45.98193],[13.59032,45.98174],[13.59071,45.98162],[13.59113,45.9815],[13.59129,45.98145],[13.59178,45.98123],[13.59218,45.98114],[13.59261,45.98114],[13.59334,45.98113],[13.59403,45.98105],[13.59465,45.98095],[13.59493,45.98085],[13.59535,45.98062],[13.59579,45.98046],[13.59623,45.98035],[13.59665,45.98019],[13.59673,45.98015],[13.59689,45.98005],[13.59726,45.97973],[13.59733,45.97967],[13.59744,45.9795],[13.59756,45.97914],[13.59759,45.97862],[13.59755,45.97849],[13.59728,45.97773],[13.59735,45.97735],[13.59742,45.977],[13.59761,45.97654],[13.59769,45.97636],[13.5978,45.97614],[13.59823,45.9755],[13.59831,45.97531],[13.59835,45.97507],[13.59833,45.97487],[13.59837,45.97469],[13.59868,45.97439],[13.59874,45.9743],[13.5989,45.97408],[13.59898,45.97395],[13.59905,45.97382],[13.59909,45.97363],[13.59897,45.97339],[13.59884,45.97313],[13.59876,45.9728],[13.59881,45.97257],[13.59894,45.9724],[13.5991,45.97229],[13.59912,45.97228],[13.59931,45.97221],[13.59944,45.97216],[13.59951,45.97205],[13.59942,45.97193],[13.59909,45.9716],[13.59744,45.9709],[13.59735,45.97073],[13.59749,45.96988],[13.59783,45.96912],[13.59806,45.96826],[13.59826,45.9677],[13.59856,45.96705],[13.59863,45.96666],[13.59854,45.96612],[13.59815,45.96548],[13.59808,45.96504],[13.598,45.96442],[13.59786,45.96406],[13.59731,45.96336],[13.59655,45.96254],[13.59649,45.96235],[13.59651,45.96166],[13.59628,45.96038],[13.59639,45.96018],[13.59673,45.95978],[13.59751,45.95916],[13.59758,45.95901],[13.59753,45.95887],[13.59793,45.95866],[13.59858,45.95845],[13.59939,45.95818],[13.59969,45.95805],[13.59991,45.95793],[13.60013,45.9578],[13.60048,45.95756],[13.60062,45.95749],[13.60081,45.9574],[13.60116,45.95726],[13.60155,45.95714],[13.60166,45.9571],[13.60185,45.95701],[13.60206,45.95691],[13.60231,45.95673],[13.60264,45.95655],[13.60364,45.95632],[13.60444,45.95624],[13.60516,45.95624],[13.60544,45.95622],[13.606,45.95609],[13.60633,45.95595],[13.60721,45.95541],[13.60749,45.95547],[13.60832,45.95561],[13.60904,45.95573],[13.60986,45.95588],[13.60996,45.9559],[13.61108,45.95612],[13.61158,45.95622],[13.61196,45.95634],[13.61212,45.95639],[13.61247,45.9565],[13.61288,45.95664],[13.61297,45.95667],[13.61319,45.95674],[13.61323,45.95675],[13.61335,45.95678],[13.61345,45.95678],[13.61354,45.95678],[13.61375,45.95673],[13.61399,45.95659],[13.61411,45.95648],[13.61467,45.95599],[13.61451,45.95562],[13.61455,45.95561],[13.61468,45.95593],[13.61478,45.95585],[13.61497,45.95568]]},"properties":{"town_name":"San Floriano del Collio / Števerjan"}},{"type":"Feature","geometry":{"type":"LineString","coordinates":[[12.5016,46.03072],[12.50161,46.03072],[12.50175,46.03077],[12.50179,46.03079],[12.5018,46.03086],[12.50192,46.03108],[12.50197,46.03119],[12.50218,46.03148],[12.50228,46.03161],[12.50251,46.03188],[12.50278,46.0321],[12.50294,46.03222],[12.50316,46.03236],[12.50344,46.03255],[12.50352,46.03262],[12.50356,46.0327],[12.50357,46.03278],[12.50355,46.03285],[12.50353,46.03292],[12.50344,46.03311],[12.50343,46.03316],[12.50324,46.03355],[12.50318,46.03362],[12.50324,46.0338],[12.50322,46.034],[12.50323,46.03423],[12.50328,46.03441],[12.50363,46.03477],[12.50398,46.03504],[12.50415,46.03515],[12.50521,46.03556],[12.50562,46.03573],[12.50598,46.03595],[12.50612,46.03602],[12.50617,46.03605],[12.50652,46.03641],[12.50703,46.03684],[12.5072,46.03691],[12.50736,46.03697],[12.50762,46.03712],[12.50821,46.03744],[12.50828,46.03753],[12.50844,46.03777],[12.50852,46.03789],[12.50859,46.03803],[12.50864,46.03814],[12.50872,46.03823],[12.50893,46.03846],[12.50904,46.03855],[12.50919,46.03865],[12.5094,46.03874],[12.50946,46.03877],[12.50954,46.03881],[12.50963,46.03885],[12.5097,46.03893],[12.50976,46.03901],[12.50985,46.03911],[12.50994,46.03921],[12.51001,46.03931],[12.51006,46.03938],[12.5101,46.03945],[12.51014,46.03955],[12.5102,46.03972],[12.51022,46.03975],[12.51024,46.0398],[12.51027,46.0399],[12.51031,46.04013],[12.51035,46.04027],[12.51038,46.04036],[12.51043,46.04044],[12.51063,46.04061],[12.51079,46.04073],[12.51084,46.04077],[12.51085,46.04079],[12.51085,46.04081],[12.5108,46.04091],[12.51076,46.04099],[12.51069,46.0411],[12.51087,46.04109],[12.51118,46.0411],[12.51132,46.04111],[12.51155,46.04116],[12.51215,46.04126],[12.51286,46.0414],[12.5133,46.04149],[12.51345,46.04152],[12.51347,46.04152],[12.51352,46.04153],[12.51353,46.04153],[12.51445,46.04169],[12.5152,46.04182],[12.51564,46.04194],[12.51601,46.04207],[12.51622,46.04215],[12.51675,46.04241],[12.51732,46.04263],[12.51789,46.04276],[12.51822,46.0428],[12.51863,46.04283],[12.51976,46.04278],[12.52054,46.04275],[12.52105,46.04273],[12.52185,46.04271],[12.52298,46.04271],[12.52328,46.0427],[12.52356,46.04274],[12.52372,46.04277],[12.52401,46.04272],[12.52432,46.04269],[12.52452,46.04269],[12.52562,46.04241],[12.5259,46.04236],[12.52607,46.04233],[12.52621,46.04233],[12.52847,46.04241],[12.52913,46.04243],[12.52922,46.04241],[12.53042,46.04209],[12.5305,46.04206],[12.53102,46.04238],[12.53134,46.04245],[12.53145,46.04248],[12.53157,46.0425],[12.53187,46.04261],[12.53195,46.04265],[12.53258,46.04296],[12.53258,46.04302],[12.5326,46.04306],[12.53271,46.04316],[12.53284,46.04325],[12.53309,46.04332],[12.53347,46.0434],[12.53377,46.04345],[12.53399,46.04351],[12.53435,46.04373],[12.53456,46.04385],[12.53474,46.04394],[12.53483,46.04403],[12.53486,46.04412],[12.5349,46.0442],[12.53505,46.04432],[12.5359,46.04474],[12.53602,46.04484],[12.53618,46.04496],[12.53595,46.04504],[12.5357,46.04514],[12.53571,46.04551],[12.53574,46.04568],[12.53575,46.04571]]},"properties":{"town_name":"Polcenigo / Polcenic - Al Borc"}},{"type":"Feature","geometry":{"type":"LineString","coordinates":[[12.91558,46.22987],[12.91563,46.2299],[12.91571,46.22993],[12.91583,46.22998],[12.91592,46.23001],[12.91604,46.23003],[12.91622,46.23002],[12.91703,46.22987],[12.91713,46.22985],[12.91718,46.22985],[12.91723,46.22986],[12.91732,46.22989],[12.91746,46.22997],[12.91758,46.22991],[12.918,46.22969],[12.91817,46.22961],[12.91829,46.22958],[12.91849,46.22911],[12.91863,46.22876],[12.91871,46.22856],[12.91875,46.22852],[12.91885,46.2285],[12.91895,46.22853],[12.91938,46.22864],[12.91974,46.22874],[12.91988,46.22879],[12.91998,46.22882],[12.9201,46.22888],[12.92033,46.22902],[12.92055,46.22913],[12.92062,46.22916],[12.92066,46.22917],[12.92069,46.22917],[12.92072,46.22917],[12.92075,46.22916],[12.92077,46.22915],[12.92082,46.22912],[12.92087,46.22906],[12.92088,46.22903],[12.92088,46.22901],[12.92088,46.22898],[12.92106,46.22897],[12.92177,46.22891],[12.92213,46.22889],[12.92219,46.22888],[12.9224,46.22886],[12.92258,46.22883],[12.92274,46.22879],[12.92281,46.22876],[12.92297,46.22866],[12.92327,46.22849],[12.92332,46.22846],[12.92343,46.22843],[12.92356,46.2284],[12.9237,46.22837],[12.92377,46.22835],[12.92389,46.2283],[12.92395,46.22827],[12.924,46.22823],[12.92422,46.22801],[12.92431,46.22793],[12.92437,46.22789],[12.92446,46.22785],[12.92457,46.22782],[12.92466,46.22781],[12.92482,46.2278],[12.92491,46.2278],[12.92547,46.22785],[12.92578,46.22789],[12.926,46.22793],[12.92677,46.22809],[12.9272,46.22815],[12.92744,46.22818],[12.92755,46.22818],[12.92801,46.22813],[12.92816,46.22812],[12.92867,46.22816],[12.92881,46.22816],[12.92895,46.22815],[12.92907,46.22814],[12.92918,46.22811],[12.92927,46.22808],[12.9299,46.2278],[12.92996,46.22778],[12.93004,46.22777],[12.93011,46.22776],[12.93021,46.22777],[12.9303,46.22779],[12.93046,46.22783],[12.93061,46.22787],[12.9307,46.2279],[12.93078,46.22791],[12.93087,46.22793],[12.93097,46.22794],[12.93106,46.22795],[12.93115,46.22796],[12.93121,46.22797],[12.93131,46.22799],[12.9315,46.22806],[12.93181,46.22817],[12.93191,46.2282],[12.93197,46.22821],[12.93204,46.22821],[12.93213,46.2282],[12.9322,46.22819],[12.93229,46.22816],[12.93238,46.2281],[12.93248,46.22803],[12.93255,46.22797],[12.93261,46.22793],[12.93266,46.22791],[12.93272,46.2279],[12.93303,46.22785],[12.93332,46.2278],[12.93352,46.22776],[12.93379,46.22769],[12.93391,46.22765],[12.93405,46.22762],[12.93417,46.22758],[12.9343,46.22753],[12.93495,46.22729],[12.9351,46.22724],[12.9352,46.22722],[12.93525,46.22722],[12.93534,46.22721],[12.9354,46.22722],[12.93561,46.22728],[12.93573,46.2273],[12.93579,46.22731],[12.93587,46.22731],[12.93597,46.22731],[12.93628,46.22726],[12.93688,46.22715],[12.9371,46.22712],[12.9372,46.22712],[12.93731,46.22714],[12.9374,46.22716],[12.93752,46.22719],[12.93761,46.22724],[12.93774,46.22731],[12.9378,46.22734],[12.93785,46.22736],[12.9379,46.22736],[12.9378,46.22729],[12.93763,46.22718],[12.93787,46.22711],[12.93822,46.22703],[12.9384,46.227],[12.93845,46.227],[12.9385,46.22699],[12.93848,46.2269],[12.93851,46.22681],[12.93856,46.22673],[12.93872,46.22667],[12.93897,46.22655],[12.93908,46.22656],[12.93917,46.22653],[12.93936,46.22645],[12.93935,46.22636],[12.93924,46.22626],[12.93931,46.22603],[12.93946,46.22584],[12.9396,46.22576],[12.93967,46.22558],[12.93992,46.22542],[12.94011,46.2253],[12.94027,46.22516],[12.94056,46.22502],[12.94085,46.22498],[12.94088,46.22494],[12.94068,46.22493],[12.94067,46.22489],[12.94081,46.22487],[12.94105,46.22487],[12.94121,46.22486],[12.94147,46.22489],[12.94157,46.22485],[12.94164,46.22477],[12.94183,46.22474],[12.94203,46.22472],[12.94224,46.22472],[12.94248,46.22463],[12.94288,46.2245],[12.9431,46.22445],[12.94323,46.22436],[12.94302,46.22408],[12.94281,46.22385],[12.94316,46.2238],[12.94346,46.2237],[12.94412,46.22358],[12.94429,46.22344],[12.9444,46.22341],[12.94447,46.22336],[12.94447,46.22322],[12.94464,46.22303],[12.94504,46.22257],[12.94525,46.2223],[12.94545,46.22204],[12.94556,46.2218],[12.94565,46.22161],[12.94571,46.22147],[12.94577,46.22132],[12.94563,46.22109],[12.94562,46.22089],[12.94574,46.2207],[12.94586,46.22051],[12.94603,46.22028],[12.9461,46.22017],[12.94625,46.22005],[12.94628,46.21985],[12.94645,46.21969],[12.94658,46.21944],[12.94673,46.2194],[12.94696,46.21944],[12.94713,46.21949],[12.94732,46.21976],[12.94802,46.21992],[12.94852,46.22007],[12.94878,46.22013],[12.94913,46.22011],[12.94991,46.22017],[12.95057,46.22019],[12.95108,46.22026],[12.95143,46.22034],[12.95173,46.22047],[12.95188,46.22055],[12.95196,46.2206],[12.95233,46.22061],[12.95248,46.22069],[12.95249,46.22078],[12.95283,46.22081],[12.95312,46.22085],[12.95328,46.22087],[12.95333,46.2208],[12.95334,46.22076],[12.95339,46.22062],[12.95342,46.22054],[12.95343,46.22051],[12.95345,46.22049],[12.95353,46.22044],[12.95351,46.22041],[12.9535,46.22038],[12.95349,46.22035],[12.9535,46.2203],[12.95352,46.22025],[12.95355,46.22021],[12.95358,46.22014],[12.95372,46.21997],[12.95378,46.2199],[12.95383,46.21985],[12.95386,46.2198],[12.95388,46.21975],[12.95392,46.21965],[12.95397,46.2195],[12.95399,46.21934],[12.95407,46.2185],[12.95407,46.21821],[12.95407,46.21788],[12.95408,46.21779],[12.95409,46.21768],[12.95415,46.21735],[12.95426,46.21681],[12.95432,46.21655],[12.95433,46.21638],[12.95433,46.2163],[12.95432,46.2162],[12.95429,46.21601],[12.95426,46.21584],[12.95424,46.21573],[12.95423,46.21566],[12.95423,46.21563],[12.95423,46.2156],[12.95424,46.21555],[12.95425,46.2155],[12.95431,46.21535],[12.9544,46.21511],[12.9548,46.21415],[12.95488,46.21395],[12.95489,46.21393],[12.95492,46.21385],[12.95493,46.21382],[12.955,46.21365],[12.95501,46.21363],[12.95502,46.21361],[12.95508,46.21347],[12.95514,46.21332],[12.95559,46.21221],[12.95564,46.21205],[12.95567,46.21191],[12.95567,46.21183],[12.95566,46.21174],[12.95564,46.21166],[12.9556,46.21157],[12.95559,46.21155],[12.95583,46.21152],[12.95632,46.21146],[12.95636,46.21145],[12.95639,46.21145],[12.95641,46.21146],[12.95644,46.21146],[12.95646,46.21147],[12.95648,46.21148],[12.95649,46.2115],[12.95676,46.21108],[12.95684,46.21099],[12.95687,46.21096],[12.95689,46.21094],[12.95692,46.21093],[12.95696,46.21091],[12.95705,46.21089],[12.95727,46.21085],[12.95734,46.21084],[12.95748,46.21081],[12.95789,46.21076],[12.95809,46.21074],[12.95817,46.21073],[12.95827,46.21074],[12.95836,46.21074],[12.95845,46.21076],[12.95852,46.21078],[12.95875,46.21087],[12.95891,46.21094],[12.95905,46.211],[12.9591,46.21101],[12.95917,46.21103],[12.95923,46.21104],[12.95929,46.21104],[12.95939,46.21104],[12.95949,46.21103],[12.95957,46.21103],[12.95963,46.21101],[12.95966,46.211],[12.95968,46.21099],[12.95972,46.21097],[12.95975,46.21094],[12.95979,46.21089],[12.95988,46.21076],[12.96006,46.21052],[12.9602,46.21035],[12.96032,46.21021],[12.96035,46.21018],[12.96038,46.21015],[12.96042,46.21012],[12.96045,46.21009],[12.96048,46.21006],[12.96058,46.20995],[12.96047,46.20994],[12.96042,46.20994],[12.96041,46.20994]]},"properties":{"town_name":"Clauzetto / Clausêt"}},{"type":"Feature","geometry":{"type":"LineString","coordinates":[[13.12314,46.12024],[13.12313,46.12022],[13.12309,46.12012],[13.12309,46.12007],[13.12311,46.12004],[13.12318,46.11997],[13.12327,46.11991],[13.12332,46.11983],[13.1232,46.11972],[13.12302,46.11954],[13.12294,46.11942],[13.12292,46.11937],[13.12286,46.11931],[13.12298,46.11918],[13.12307,46.11915],[13.12315,46.11915],[13.12321,46.11919],[13.12329,46.1193],[13.1234,46.11933],[13.1235,46.1193],[13.12353,46.11924],[13.12356,46.11911],[13.12357,46.11899],[13.12359,46.11882],[13.12359,46.11879],[13.12362,46.11864],[13.12367,46.11855],[13.12381,46.11843],[13.12393,46.11833],[13.12395,46.1183],[13.12402,46.11822],[13.12404,46.11816],[13.12399,46.11806],[13.12384,46.11789],[13.12354,46.11756],[13.12323,46.11728],[13.12305,46.11715],[13.12296,46.11708],[13.12286,46.11699],[13.12289,46.11691],[13.12284,46.11687],[13.1228,46.11682],[13.12264,46.11673],[13.1225,46.11665],[13.12258,46.11654],[13.12256,46.11643],[13.12254,46.11633],[13.12249,46.11615],[13.12206,46.11573],[13.12184,46.11554],[13.12103,46.1148],[13.12055,46.11438],[13.1204,46.11425],[13.12024,46.1141],[13.12047,46.11399],[13.12053,46.11395],[13.12067,46.11384],[13.12072,46.1138],[13.1208,46.11376],[13.12087,46.11373],[13.12094,46.11371],[13.12106,46.11369],[13.12115,46.11367],[13.12129,46.11365],[13.12156,46.11359],[13.12184,46.11355],[13.12188,46.11354],[13.12192,46.11353],[13.12195,46.11351],[13.12197,46.1135],[13.12199,46.11348],[13.122,46.11345],[13.12202,46.11342],[13.12206,46.11339],[13.12209,46.11337],[13.12215,46.11335],[13.12226,46.11332],[13.12241,46.1133],[13.12249,46.11329],[13.12237,46.11323],[13.12232,46.11315],[13.12231,46.11303],[13.12224,46.11176],[13.12223,46.1089],[13.12234,46.10873],[13.12262,46.10855],[13.12277,46.10857],[13.12294,46.10855],[13.12337,46.1085],[13.1237,46.10846],[13.12409,46.10844],[13.12483,46.10845],[13.1251,46.10842],[13.12532,46.10831],[13.12543,46.10815],[13.12549,46.10768],[13.12552,46.10761],[13.12563,46.10746],[13.12622,46.10708],[13.12635,46.107],[13.12657,46.10683],[13.12668,46.10672],[13.12681,46.10649],[13.12697,46.1062],[13.12703,46.10611],[13.12724,46.10578],[13.12733,46.10568],[13.12725,46.10565],[13.12739,46.10556],[13.12757,46.10529],[13.12776,46.10504],[13.1282,46.10436],[13.12882,46.10349],[13.12937,46.10269],[13.12971,46.10216],[13.12994,46.10182],[13.13015,46.10143],[13.13023,46.10135],[13.13036,46.10129],[13.13043,46.10122],[13.13049,46.10113],[13.13053,46.10101],[13.13056,46.10079],[13.13068,46.09954],[13.13072,46.0991],[13.13075,46.09892],[13.13078,46.09853],[13.13079,46.09841],[13.13082,46.09811],[13.13082,46.09807],[13.13083,46.0979],[13.13085,46.09773],[13.13085,46.09769],[13.13242,46.09773],[13.13274,46.09774],[13.13284,46.09775],[13.13289,46.09775],[13.13299,46.09775],[13.13311,46.09776],[13.13314,46.09768],[13.13332,46.09714],[13.13394,46.09722],[13.13402,46.09719],[13.13429,46.09719],[13.13436,46.09718],[13.13439,46.09717],[13.13442,46.09717],[13.13444,46.09716],[13.13445,46.09716],[13.13448,46.09716],[13.13454,46.09716],[13.13457,46.09716],[13.13473,46.09715],[13.13483,46.09715],[13.13491,46.09715],[13.13493,46.09715],[13.13502,46.09714],[13.13506,46.09714],[13.1351,46.09714],[13.13506,46.0971],[13.13512,46.09709],[13.1353,46.09708],[13.13586,46.09706],[13.13606,46.09706],[13.13647,46.09705],[13.13678,46.09704],[13.13702,46.09703],[13.13716,46.09703],[13.13722,46.09703],[13.13724,46.09702],[13.13739,46.09701],[13.13771,46.09695]]},"properties":{"town_name":"Moruzzo / Murùs"}},{"type":"Feature","geometry":{"type":"LineString","coordinates":[[13.30413,46.37389],[13.30413,46.37387],[13.30413,46.37384],[13.30413,46.37381],[13.30414,46.37378],[13.30415,46.37377],[13.30418,46.37375],[13.30422,46.37372],[13.30428,46.3737],[13.30466,46.37357],[13.30489,46.3735],[13.30515,46.37341],[13.30538,46.37335],[13.30545,46.37334],[13.30554,46.37333],[13.30564,46.37334],[13.30607,46.37342],[13.30627,46.37346],[13.30656,46.37352],[13.30675,46.37357],[13.30681,46.3736],[13.30689,46.37363],[13.30699,46.37368],[13.3071,46.37371],[13.30727,46.37372],[13.30738,46.37373],[13.30751,46.37373],[13.30762,46.37371],[13.30771,46.37367],[13.30786,46.37373],[13.30809,46.37378],[13.3082,46.37379],[13.3083,46.37379],[13.30841,46.37378],[13.30849,46.37376],[13.30863,46.37372],[13.30876,46.37369],[13.30889,46.37368],[13.30897,46.3737],[13.30896,46.37373],[13.30896,46.37383],[13.30897,46.37387],[13.30898,46.37395],[13.30902,46.37399],[13.30906,46.37408],[13.30914,46.37414],[13.30918,46.37427],[13.30924,46.37432],[13.30932,46.37435],[13.30945,46.37435],[13.30973,46.37429],[13.3099,46.37432],[13.31011,46.37432],[13.3102,46.37434],[13.31035,46.37442],[13.31066,46.37451],[13.31077,46.37452],[13.31083,46.37451],[13.31086,46.37448],[13.31098,46.37448],[13.3111,46.37451],[13.31116,46.37451],[13.31133,46.37449],[13.31157,46.37454],[13.31175,46.37453],[13.31192,46.37458],[13.31222,46.3746],[13.31235,46.37463],[13.31256,46.37472],[13.31261,46.37474],[13.31275,46.37488],[13.31289,46.37497],[13.31309,46.37514],[13.31324,46.37534],[13.31337,46.37563],[13.31353,46.37581],[13.31373,46.37596],[13.3138,46.37602],[13.3139,46.37607],[13.31399,46.37614],[13.31431,46.37634],[13.31434,46.37642],[13.31444,46.37652],[13.31452,46.37659],[13.31454,46.37663],[13.3145,46.37666],[13.31442,46.37677],[13.31437,46.37689],[13.31446,46.377],[13.31449,46.37708],[13.31448,46.37713],[13.31436,46.37728],[13.31434,46.3774],[13.31429,46.37743],[13.31411,46.37747],[13.31408,46.37751],[13.31415,46.37757],[13.3142,46.37765],[13.3142,46.3777],[13.31428,46.37775],[13.31433,46.37783],[13.31442,46.37788],[13.31457,46.37791],[13.31462,46.37793],[13.31462,46.37798],[13.31458,46.37801],[13.31454,46.37807],[13.31456,46.37811],[13.31452,46.37817],[13.31449,46.37827],[13.31437,46.3783],[13.31431,46.37834],[13.31424,46.37834],[13.31416,46.37838],[13.31414,46.37838],[13.31409,46.37833],[13.314,46.37835],[13.31396,46.3784],[13.31386,46.37848],[13.31385,46.37852],[13.3137,46.37855],[13.31352,46.37861],[13.31344,46.37873],[13.31336,46.37878],[13.31334,46.37882],[13.31333,46.3789],[13.31324,46.37896],[13.31321,46.379],[13.31328,46.37903],[13.31331,46.37906],[13.31331,46.37914],[13.31322,46.37934],[13.31317,46.3794],[13.31305,46.37947],[13.31305,46.37951],[13.31298,46.37958],[13.31278,46.3797],[13.31268,46.37979],[13.31265,46.37982],[13.31265,46.37987],[13.31274,46.38],[13.31275,46.38007],[13.31266,46.38013],[13.3126,46.3802],[13.31246,46.38024],[13.31244,46.38025],[13.31225,46.3805],[13.31223,46.38058],[13.31226,46.38067],[13.31235,46.38082],[13.31241,46.38095],[13.31243,46.38121],[13.31247,46.38135],[13.3125,46.38152],[13.31244,46.38163],[13.31244,46.38168],[13.31241,46.38174],[13.31231,46.38188],[13.31228,46.38199],[13.31204,46.38241],[13.31192,46.38256],[13.3118,46.38266],[13.31166,46.38284],[13.31154,46.38295],[13.31121,46.38333],[13.31102,46.38352],[13.31097,46.38358],[13.31094,46.38366],[13.31083,46.38381],[13.31079,46.38384],[13.3107,46.38387],[13.31065,46.38392],[13.31053,46.38395],[13.31044,46.38403],[13.3103,46.38407],[13.31025,46.38416],[13.31021,46.38442],[13.31024,46.38452],[13.31025,46.38464],[13.31031,46.38497],[13.3104,46.38523],[13.31051,46.38556],[13.31027,46.38553],[13.31008,46.38553],[13.31004,46.38539],[13.30992,46.38531],[13.30984,46.38519],[13.30972,46.38495],[13.30966,46.3849],[13.30958,46.38491],[13.30952,46.38494],[13.30957,46.385],[13.30957,46.38515],[13.30949,46.38537],[13.3093,46.38524],[13.3093,46.38532],[13.30934,46.3854],[13.30935,46.3855],[13.30934,46.38562],[13.30931,46.38575],[13.30926,46.38583],[13.30919,46.38579],[13.30908,46.38554],[13.30898,46.38577],[13.30893,46.3857],[13.30884,46.38568],[13.30878,46.38571],[13.30874,46.38575],[13.30864,46.38591],[13.30859,46.38594],[13.30833,46.386],[13.30818,46.38608],[13.30802,46.3862],[13.30792,46.38637],[13.30785,46.38643],[13.30774,46.38649],[13.30762,46.38652],[13.3075,46.38665],[13.30746,46.38667],[13.3072,46.38671],[13.30713,46.38673],[13.30707,46.38676],[13.30701,46.3869],[13.3069,46.38701],[13.30686,46.38713],[13.30681,46.38722],[13.30669,46.38733],[13.30656,46.38739],[13.30642,46.38754],[13.30624,46.38758],[13.3062,46.3876],[13.30594,46.38788],[13.30592,46.38793],[13.30591,46.38807],[13.30589,46.38812],[13.3058,46.38828],[13.30578,46.3883],[13.30575,46.38832],[13.3057,46.38832],[13.30555,46.38834],[13.30551,46.38835],[13.30545,46.38838],[13.30543,46.3884],[13.30532,46.38853],[13.30509,46.38875],[13.30498,46.38891],[13.30478,46.3891],[13.30465,46.38932],[13.30461,46.38936],[13.30455,46.38937],[13.30443,46.38939],[13.30429,46.3894],[13.3042,46.38942],[13.30414,46.38944],[13.30406,46.38946],[13.30402,46.38948],[13.30418,46.38964],[13.30425,46.38972],[13.30428,46.38977],[13.30431,46.38981],[13.30438,46.38985],[13.30462,46.39],[13.30467,46.39007],[13.30482,46.39021],[13.30487,46.39032],[13.30492,46.39046],[13.30497,46.39055],[13.30499,46.39065],[13.30507,46.39075],[13.30522,46.3909],[13.30539,46.39107],[13.30543,46.39113],[13.3054,46.39126],[13.30515,46.39154],[13.30511,46.39166],[13.30519,46.39188],[13.30519,46.39198],[13.30524,46.3921],[13.3053,46.39232],[13.30531,46.3924],[13.30527,46.39252],[13.30525,46.39275],[13.30515,46.39293],[13.30511,46.39302],[13.30511,46.39308],[13.30513,46.3931],[13.30517,46.39312],[13.30527,46.39317],[13.30533,46.39323],[13.30536,46.39331],[13.30541,46.39339],[13.30542,46.39345],[13.30538,46.39356],[13.30538,46.39365],[13.30543,46.39374],[13.3055,46.39374],[13.30557,46.39368],[13.30561,46.39352],[13.30566,46.39349],[13.30587,46.39369],[13.306,46.39376],[13.30609,46.39377],[13.30614,46.39379],[13.30621,46.39376],[13.30625,46.39372],[13.30628,46.39365],[13.30634,46.39359],[13.30642,46.39347],[13.30644,46.39338],[13.30646,46.39329],[13.30641,46.39321],[13.30629,46.39319],[13.30621,46.39314],[13.30625,46.39312],[13.30646,46.39313],[13.3065,46.39313],[13.30665,46.39312],[13.30673,46.39312],[13.3068,46.39312],[13.30685,46.39313],[13.30691,46.39315],[13.30696,46.39316],[13.307,46.3932],[13.30706,46.39332],[13.30706,46.39338],[13.30709,46.3934],[13.30712,46.3934],[13.30718,46.39329],[13.30722,46.39325],[13.30729,46.3933],[13.30726,46.39342],[13.30726,46.39345],[13.30726,46.39349],[13.30729,46.39354],[13.30734,46.39351],[13.30736,46.39346],[13.30741,46.39342],[13.30746,46.39342],[13.30749,46.39344],[13.30753,46.39346],[13.30755,46.39351],[13.30752,46.39356],[13.30742,46.3936],[13.30741,46.39361],[13.3074,46.39363],[13.30739,46.39365],[13.30736,46.39369],[13.30738,46.39378],[13.30737,46.39388],[13.30738,46.39396],[13.30738,46.39402],[13.30738,46.3941],[13.30739,46.39417],[13.30739,46.39423],[13.30746,46.39436],[13.30747,46.39446],[13.30755,46.3946],[13.30753,46.39476],[13.30745,46.39482],[13.30732,46.39493],[13.30724,46.39497],[13.30719,46.39508],[13.30722,46.39517],[13.30726,46.39526],[13.30733,46.39534],[13.3074,46.39545],[13.3075,46.39548],[13.30767,46.39548],[13.30773,46.39552],[13.30776,46.39555],[13.3078,46.39559],[13.30786,46.39562],[13.30801,46.39559],[13.30811,46.39559],[13.30822,46.39561],[13.30816,46.39568],[13.30815,46.39572],[13.30807,46.39577],[13.30797,46.3959],[13.30788,46.39602],[13.30787,46.39609],[13.30793,46.3962],[13.30796,46.3963],[13.30799,46.39636],[13.30803,46.39639],[13.30814,46.39641],[13.3084,46.39643],[13.30848,46.39646],[13.3085,46.39652],[13.30848,46.39665],[13.30846,46.39675],[13.30843,46.39689],[13.3084,46.39706],[13.30834,46.3971],[13.30829,46.39717],[13.30823,46.39722],[13.30822,46.39727],[13.30809,46.39736],[13.30786,46.39762],[13.30782,46.3977],[13.30778,46.39779],[13.30775,46.3979],[13.30776,46.39802],[13.30772,46.39821],[13.3077,46.39831],[13.30772,46.39845],[13.30779,46.39862],[13.30779,46.39872],[13.30774,46.39883],[13.3077,46.39889],[13.30772,46.3991],[13.30767,46.39922],[13.30761,46.39934],[13.30758,46.39944],[13.30751,46.39956],[13.30736,46.39977],[13.3073,46.39985],[13.30722,46.40002],[13.30718,46.40014],[13.30717,46.4003],[13.3072,46.4004],[13.30725,46.40053],[13.30739,46.40062],[13.30749,46.40068],[13.30758,46.40076],[13.30762,46.40081],[13.30766,46.40081],[13.30771,46.40079],[13.30775,46.40082],[13.30782,46.40079],[13.30788,46.40074],[13.30793,46.40072],[13.30804,46.40072],[13.30815,46.40074],[13.30824,46.40077],[13.30834,46.40075],[13.30848,46.40074],[13.30855,46.40075],[13.30842,46.40094],[13.30844,46.40097],[13.30851,46.40099],[13.30853,46.40105],[13.30846,46.40107],[13.30839,46.40106],[13.30837,46.40108],[13.3084,46.40113],[13.30841,46.40117],[13.30837,46.40118],[13.30831,46.40117],[13.30823,46.40114],[13.30823,46.40118],[13.30825,46.40122],[13.30829,46.40128],[13.30839,46.40134],[13.30838,46.40137],[13.30833,46.40137],[13.30822,46.40134],[13.30815,46.4013],[13.3081,46.40132],[13.30817,46.40141],[13.30819,46.40145],[13.30814,46.40145],[13.30806,46.40141],[13.30794,46.40136],[13.30788,46.40135],[13.30791,46.40145],[13.30794,46.40153],[13.30793,46.40161],[13.30788,46.4016],[13.30778,46.40152],[13.30768,46.40148],[13.30764,46.40148],[13.3076,46.4015],[13.30762,46.40163],[13.30767,46.40174],[13.30773,46.4018],[13.30782,46.40183],[13.30789,46.40182],[13.30792,46.40178],[13.30799,46.40179],[13.3083,46.40202],[13.3084,46.40206],[13.30855,46.40207],[13.30864,46.40209],[13.30867,46.40214],[13.30873,46.40219],[13.3088,46.4022],[13.30888,46.40217],[13.30904,46.4022],[13.30916,46.40217],[13.30929,46.40222],[13.30941,46.40223],[13.30955,46.40223],[13.30965,46.40224],[13.30983,46.40221],[13.30999,46.40217],[13.31014,46.4021],[13.31027,46.402],[13.31041,46.40192],[13.31059,46.40191],[13.31069,46.40194],[13.31076,46.40198],[13.3108,46.402],[13.31084,46.4021],[13.31084,46.4022],[13.31091,46.40224],[13.31099,46.40226],[13.31113,46.40227],[13.31117,46.4023],[13.31127,46.40233],[13.31135,46.40236],[13.31141,46.40238],[13.3115,46.40237],[13.31155,46.40239],[13.31152,46.40244],[13.31143,46.40249],[13.31143,46.40253],[13.31148,46.40255],[13.31152,46.40256],[13.3116,46.40258],[13.31169,46.40258],[13.31177,46.40257],[13.31186,46.40257],[13.31195,46.40256],[13.31203,46.40257],[13.31215,46.4026],[13.31221,46.40262],[13.31235,46.40266],[13.31253,46.40269],[13.31262,46.40281],[13.31269,46.40285],[13.31289,46.4029],[13.31304,46.40296],[13.31315,46.40306],[13.31338,46.40311],[13.31357,46.40311],[13.31371,46.40312],[13.31387,46.40312],[13.31404,46.40311],[13.31422,46.40313],[13.31439,46.40314],[13.3145,46.40314],[13.31463,46.40319],[13.31477,46.40321],[13.31495,46.40325],[13.3152,46.40332],[13.31541,46.4034],[13.31553,46.40343],[13.31574,46.40351],[13.31589,46.40355],[13.31611,46.4036],[13.31629,46.40366],[13.31646,46.40375],[13.31655,46.4038],[13.31687,46.40384],[13.31688,46.4039],[13.3169,46.40396],[13.31695,46.40407],[13.31701,46.40414],[13.31711,46.40423],[13.31753,46.40454],[13.31755,46.40458],[13.31755,46.40462],[13.31754,46.40467],[13.3175,46.40471],[13.31706,46.40526],[13.31702,46.40535],[13.31695,46.40539],[13.31692,46.40542],[13.31682,46.40547],[13.31652,46.40564],[13.31639,46.40572],[13.31634,46.40576],[13.31605,46.40611],[13.316,46.4062],[13.31598,46.40633],[13.31601,46.40656],[13.31602,46.40665],[13.31598,46.40681],[13.31597,46.40683],[13.31587,46.40697],[13.31575,46.40708],[13.31568,46.40716],[13.31553,46.40729],[13.31545,46.40735],[13.31534,46.40742],[13.31531,46.40744],[13.31525,46.40747],[13.31513,46.40751],[13.31495,46.40756],[13.31458,46.40767],[13.31377,46.40788],[13.31341,46.408],[13.31338,46.40801],[13.31314,46.40809],[13.31299,46.40815],[13.3117,46.40868],[13.31163,46.40871],[13.31157,46.40876],[13.31153,46.40878],[13.31134,46.40886],[13.31125,46.40878],[13.31122,46.40882],[13.31119,46.40884]]},"properties":{"town_name":"Resia / Rezija"}},{"type":"Feature","geometry":{"type":"LineString","coordinates":[[12.43799,46.28763],[12.438,46.28758],[12.43802,46.28746],[12.43803,46.28734],[12.438,46.28722],[12.43786,46.287],[12.4378,46.2869],[12.43769,46.28679],[12.43768,46.28668],[12.43751,46.28669],[12.43735,46.2867],[12.43702,46.28669],[12.43666,46.28668],[12.43632,46.28668],[12.43555,46.2867],[12.4351,46.28675],[12.43498,46.28677],[12.43477,46.28679],[12.43451,46.28681],[12.4325,46.28701],[12.43205,46.28706],[12.4315,46.28715],[12.43101,46.2873],[12.43077,46.28741],[12.4304,46.28767],[12.43021,46.28778],[12.43002,46.28785],[12.4296,46.2879],[12.42923,46.28791],[12.42893,46.28788],[12.42857,46.28781],[12.42818,46.2877],[12.42805,46.28764],[12.42799,46.28759],[12.42798,46.28755],[12.428,46.28749],[12.42804,46.28743],[12.42814,46.28738],[12.42842,46.28729],[12.42904,46.28715],[12.42908,46.28713],[12.42911,46.28709],[12.42911,46.28704],[12.42909,46.287],[12.42905,46.28696],[12.42898,46.28694],[12.42892,46.28694],[12.42852,46.2871],[12.42842,46.28713],[12.428,46.2872],[12.42766,46.2872],[12.42736,46.28717],[12.42702,46.28709],[12.42645,46.28688],[12.42633,46.28686],[12.42602,46.28684],[12.4259,46.28686],[12.42547,46.28696],[12.42519,46.28699],[12.42486,46.28699],[12.42465,46.28698],[12.42429,46.28696],[12.42419,46.28697],[12.42324,46.28678],[12.42264,46.28672],[12.42201,46.28666],[12.42182,46.28643],[12.42162,46.28663],[12.4207,46.28648],[12.42036,46.28635],[12.41998,46.28621],[12.41952,46.28605],[12.41861,46.28593],[12.4179,46.28587],[12.41648,46.28575],[12.4162,46.28564],[12.41565,46.28512],[12.41518,46.28493],[12.41451,46.28483],[12.4141,46.28484],[12.41337,46.28506],[12.41204,46.28558],[12.41177,46.28562],[12.41115,46.28561],[12.41048,46.28532],[12.41005,46.28531],[12.40986,46.28532],[12.4093,46.28528],[12.40868,46.28543],[12.40848,46.28545],[12.40826,46.28549],[12.40806,46.28556],[12.40728,46.28598],[12.40719,46.28605],[12.40714,46.28614],[12.40708,46.28627],[12.40706,46.2864],[12.40705,46.28653],[12.40708,46.28663],[12.40718,46.28682],[12.40718,46.28689],[12.40717,46.28695],[12.40715,46.28697],[12.40712,46.287],[12.407,46.28705],[12.40695,46.28706],[12.40689,46.28705],[12.40685,46.28704],[12.40678,46.28701],[12.40672,46.28697],[12.40667,46.28693],[12.4066,46.28684],[12.40653,46.28672],[12.40638,46.28649],[12.40631,46.28638],[12.40622,46.28628],[12.40603,46.28608],[12.40583,46.28591],[12.4056,46.28573],[12.40534,46.28558],[12.40508,46.28545],[12.40448,46.28516],[12.40438,46.28512],[12.40423,46.28506],[12.40401,46.285],[12.40376,46.28494],[12.40292,46.28473],[12.40259,46.28465],[12.40244,46.28462],[12.40229,46.28459],[12.40213,46.28456],[12.40192,46.28454],[12.40177,46.28452],[12.40165,46.28452],[12.4014,46.2845],[12.40128,46.28447],[12.40116,46.28443],[12.40106,46.28439],[12.40098,46.28435],[12.40083,46.28426],[12.40069,46.28415],[12.40056,46.28402],[12.40038,46.28388],[12.40017,46.28373],[12.39987,46.28354],[12.3996,46.28336],[12.3994,46.28321],[12.39838,46.28241],[12.39795,46.28205],[12.39774,46.28187],[12.39758,46.28175],[12.39743,46.28167],[12.39725,46.28159],[12.39673,46.28141],[12.39584,46.2811],[12.39521,46.28085],[12.39495,46.28073],[12.3947,46.2806],[12.39451,46.28048],[12.39428,46.28033],[12.39381,46.28],[12.39366,46.27989],[12.39341,46.27972],[12.39322,46.2796],[12.39307,46.27952],[12.39297,46.27948],[12.39286,46.27945],[12.39258,46.27938],[12.39219,46.27929],[12.39206,46.27925],[12.39193,46.2792],[12.39176,46.27911],[12.39166,46.27905],[12.39105,46.2787],[12.39071,46.27851],[12.3906,46.27843],[12.39051,46.27834],[12.39036,46.27816],[12.39025,46.27799],[12.39021,46.27788],[12.39016,46.27781],[12.39008,46.27774],[12.39003,46.27771],[12.38995,46.27768],[12.38989,46.27767],[12.38981,46.27766],[12.38965,46.27766],[12.38957,46.27766],[12.3895,46.27765],[12.38943,46.27764],[12.38936,46.27761],[12.38926,46.27755],[12.38917,46.27751],[12.38909,46.27748],[12.38894,46.27745],[12.38876,46.27743],[12.38851,46.27742],[12.38827,46.27742],[12.38814,46.2774],[12.38785,46.27735],[12.38773,46.27734],[12.3876,46.27734],[12.38712,46.27737],[12.38697,46.27737],[12.38682,46.27736],[12.38667,46.27732],[12.38634,46.2772],[12.38599,46.27706],[12.38586,46.27702],[12.38571,46.277],[12.3854,46.27697],[12.38521,46.27694],[12.3847,46.27681],[12.38465,46.27679],[12.38448,46.27676],[12.38442,46.27675],[12.38434,46.27675],[12.38428,46.27675],[12.38415,46.27678],[12.3839,46.27689],[12.38386,46.27696],[12.38371,46.27704],[12.38343,46.27717],[12.3832,46.2773],[12.38308,46.27737],[12.38301,46.27743],[12.38296,46.27748],[12.3829,46.27756],[12.38285,46.27758],[12.38261,46.27757],[12.38254,46.27756],[12.38245,46.27754],[12.38231,46.27748],[12.38221,46.27747],[12.38212,46.27747],[12.38203,46.2775],[12.38191,46.27759],[12.38169,46.27773],[12.38153,46.27784],[12.38139,46.27799],[12.38119,46.2782],[12.38108,46.27835],[12.38097,46.27848],[12.38087,46.27855],[12.38079,46.27862],[12.38072,46.27868],[12.38066,46.27873],[12.38064,46.27878],[12.38063,46.27883],[12.38065,46.27889],[12.38068,46.27895],[12.38074,46.27903],[12.38085,46.27913],[12.38102,46.27927],[12.38118,46.27941],[12.38126,46.27949],[12.38131,46.27956],[12.38133,46.27961],[12.38135,46.27967],[12.38135,46.27973],[12.38131,46.27976],[12.38126,46.27977],[12.38119,46.27977],[12.38117,46.27979],[12.38115,46.27982],[12.38108,46.27988],[12.38101,46.27993],[12.38081,46.28009],[12.38077,46.28013],[12.38023,46.2807],[12.38019,46.28074],[12.37995,46.28087],[12.37972,46.28096],[12.37872,46.28137],[12.37851,46.28147],[12.37826,46.28157],[12.37803,46.28163],[12.37772,46.28168],[12.37738,46.28172],[12.37706,46.28176],[12.37678,46.28182],[12.37665,46.28185],[12.37651,46.28189],[12.37639,46.28195],[12.37628,46.28198],[12.37621,46.28199],[12.37613,46.28199],[12.37604,46.28198],[12.37601,46.28196],[12.37595,46.28194],[12.37588,46.28191],[12.37578,46.28184],[12.37563,46.28174],[12.37535,46.28152],[12.37532,46.28148],[12.3753,46.28145],[12.3753,46.28141],[12.37531,46.28137],[12.37532,46.28134],[12.37539,46.28127],[12.37547,46.28118],[12.3756,46.28107],[12.37569,46.28097],[12.37571,46.28095],[12.37572,46.28091],[12.37573,46.28087],[12.37572,46.28083],[12.37567,46.28057],[12.3756,46.28025],[12.37554,46.28012],[12.37529,46.27968],[12.37514,46.27941],[12.3751,46.27935],[12.37502,46.27924],[12.37493,46.27915],[12.37484,46.27907],[12.37475,46.279],[12.37463,46.27892],[12.37439,46.2788],[12.37428,46.27876],[12.37416,46.27872],[12.37398,46.27867],[12.3739,46.27864],[12.37388,46.27864],[12.37377,46.27859],[12.37371,46.27855],[12.37366,46.27851],[12.37363,46.27847],[12.37362,46.27845],[12.37361,46.27841],[12.3736,46.27833],[12.37361,46.27828],[12.37355,46.27833],[12.37353,46.27832],[12.37351,46.27829],[12.37354,46.27823],[12.37359,46.27814],[12.37363,46.27794],[12.37367,46.27755],[12.37362,46.27757],[12.37347,46.27761],[12.37346,46.27763],[12.37345,46.27767],[12.37344,46.27772],[12.37343,46.27775],[12.3734,46.27773],[12.37337,46.27769],[12.37328,46.27755],[12.3731,46.27759],[12.37305,46.27755]]},"properties":{"town_name":"Cimolais / Thimolei"}},{"type":"Feature","geometry":{"type":"LineString","coordinates":[[12.61366,46.2005],[12.61364,46.20048],[12.61338,46.20043],[12.61311,46.20039],[12.61297,46.20041],[12.61293,46.20044],[12.61285,46.20041],[12.61262,46.20031],[12.61236,46.20021],[12.61208,46.20012],[12.61171,46.19994],[12.61155,46.19987],[12.61146,46.19984],[12.61128,46.19979],[12.61123,46.19978],[12.61116,46.19976],[12.61105,46.19971],[12.61089,46.19963],[12.61076,46.19954],[12.61046,46.19935],[12.61023,46.19923],[12.61013,46.19918],[12.61008,46.19914],[12.61004,46.19908],[12.61002,46.19898],[12.60999,46.19891],[12.60991,46.19884],[12.60985,46.19877],[12.60978,46.19868],[12.60973,46.19861],[12.60968,46.19853],[12.60961,46.19844],[12.60951,46.1984],[12.6093,46.19839],[12.60932,46.1983],[12.6091,46.19826],[12.60889,46.1982],[12.60872,46.19815],[12.60853,46.19808],[12.60815,46.19794],[12.60721,46.19757],[12.60707,46.1975],[12.60698,46.19743],[12.60693,46.19739],[12.60684,46.19728],[12.60672,46.19709],[12.60662,46.19687],[12.60645,46.19664],[12.60639,46.19663],[12.60629,46.19659],[12.60617,46.19654],[12.60593,46.19641],[12.60573,46.19629],[12.60549,46.19615],[12.60537,46.19608],[12.60524,46.19602],[12.60512,46.19598],[12.60499,46.19595],[12.60485,46.19593],[12.60458,46.19591],[12.60417,46.19589],[12.60404,46.19587],[12.60395,46.19585],[12.60381,46.19578],[12.60369,46.19575],[12.60359,46.19573],[12.60342,46.1957],[12.60317,46.19571],[12.60278,46.19571],[12.60238,46.1957],[12.60158,46.19567],[12.60087,46.19563],[12.60025,46.19556],[12.59991,46.19551],[12.59974,46.19548],[12.59948,46.19543],[12.59921,46.19537],[12.59885,46.19527],[12.59833,46.19509],[12.59575,46.19425],[12.59492,46.19397],[12.59144,46.1927],[12.59027,46.19235],[12.58884,46.19209],[12.58779,46.192],[12.58227,46.192],[12.58196,46.19199],[12.58166,46.19199],[12.58149,46.19198],[12.5814,46.19197],[12.58119,46.19196],[12.58089,46.19192],[12.5805,46.19187],[12.58016,46.19181],[12.57987,46.19176],[12.57967,46.19171],[12.57944,46.19166],[12.57905,46.19155],[12.57893,46.19151],[12.57857,46.19139],[12.57832,46.19132],[12.57781,46.19108],[12.57729,46.19085],[12.57696,46.1907],[12.57669,46.1906],[12.57664,46.19058],[12.57648,46.19054],[12.57634,46.19051],[12.57623,46.19049],[12.57612,46.19048],[12.57601,46.19048],[12.57586,46.1905],[12.57574,46.19053],[12.57533,46.19062],[12.57497,46.19073],[12.57493,46.19074],[12.57474,46.1908],[12.57466,46.19083],[12.57456,46.19087],[12.57448,46.19093],[12.57441,46.19099],[12.57437,46.19104],[12.57434,46.19108],[12.57431,46.19114],[12.57429,46.19125],[12.57428,46.19138],[12.57426,46.19153],[12.57421,46.19162],[12.57418,46.19166],[12.57415,46.19169],[12.57409,46.19173],[12.57404,46.19176],[12.57397,46.19178],[12.57388,46.1918],[12.57382,46.19182],[12.57372,46.19183],[12.57364,46.19183],[12.57355,46.19182],[12.57349,46.1918],[12.57341,46.19177],[12.57336,46.19174],[12.57326,46.19169],[12.57319,46.19162],[12.57308,46.19151],[12.57299,46.1914],[12.57292,46.19133],[12.57274,46.19115],[12.57271,46.19111],[12.57264,46.19105],[12.57257,46.19101],[12.57247,46.19096],[12.57238,46.19093],[12.57228,46.1909],[12.57219,46.19088],[12.5721,46.19087],[12.57198,46.19086],[12.5719,46.19085],[12.57182,46.19086],[12.57171,46.19087],[12.5716,46.1909],[12.57148,46.19093],[12.57135,46.19096],[12.57127,46.19097],[12.5712,46.19098],[12.57112,46.19098],[12.57104,46.19097],[12.57075,46.19094],[12.57062,46.19092],[12.57053,46.19093],[12.57043,46.19093],[12.57032,46.19094],[12.57017,46.19096],[12.5699,46.19101],[12.56973,46.19104],[12.5696,46.19105],[12.56949,46.19107],[12.56939,46.19107],[12.56927,46.19108],[12.56918,46.19109],[12.56911,46.19109],[12.56903,46.1911],[12.56897,46.19111],[12.56891,46.19113],[12.56886,46.19115],[12.56881,46.19119],[12.56876,46.19124],[12.56871,46.19129],[12.56859,46.19147],[12.56854,46.19152],[12.56849,46.19156],[12.56845,46.19158],[12.56838,46.19161],[12.56832,46.19163],[12.56825,46.19164],[12.56819,46.19165],[12.56811,46.19165],[12.56767,46.19161],[12.5676,46.1916],[12.56753,46.19158],[12.56747,46.19156],[12.56742,46.19152],[12.56735,46.19147],[12.56729,46.19142],[12.56724,46.19138],[12.56719,46.19135],[12.56713,46.19132],[12.56707,46.1913],[12.567,46.19128],[12.56693,46.19128],[12.56684,46.19127],[12.56675,46.19128],[12.56662,46.1913],[12.56583,46.19139],[12.56553,46.19142],[12.56544,46.19142],[12.56536,46.19142],[12.56525,46.19141],[12.56509,46.19139],[12.56472,46.19132],[12.56445,46.19128],[12.56415,46.19122],[12.56395,46.19118],[12.5638,46.19116],[12.56305,46.19102],[12.56247,46.19092],[12.56239,46.19091],[12.56216,46.19086],[12.56203,46.19084],[12.56182,46.19083],[12.56156,46.19083],[12.56054,46.19085],[12.56026,46.19084],[12.56023,46.19084],[12.56017,46.19084],[12.56011,46.19084],[12.55995,46.19083],[12.55977,46.19081],[12.5597,46.1908],[12.55953,46.19077],[12.55924,46.19077],[12.55908,46.19078],[12.55904,46.19067],[12.55897,46.19061]]},"properties":{"town_name":"Andreis"}},{"type":"Feature","geometry":{"type":"LineString","coordinates":[[12.78851,46.30886],[12.78855,46.30891],[12.7886,46.30865],[12.78875,46.3083],[12.78876,46.30811],[12.78877,46.3079],[12.78877,46.30771],[12.78875,46.30759],[12.78871,46.30745],[12.7886,46.30727],[12.78846,46.30708],[12.78818,46.3068],[12.78707,46.30571],[12.78695,46.30554],[12.78689,46.30541],[12.78686,46.30526],[12.78686,46.30507],[12.78702,46.30459],[12.78715,46.30419],[12.78741,46.3041],[12.78767,46.30351],[12.78797,46.30306],[12.78803,46.30274],[12.78799,46.30243],[12.78788,46.30209],[12.78795,46.30134],[12.78794,46.30111],[12.78754,46.301],[12.78782,46.30094],[12.78828,46.30068],[12.7885,46.30022],[12.7887,46.29974],[12.78914,46.29947],[12.78941,46.29942],[12.78961,46.29941],[12.79004,46.2993],[12.79024,46.29918],[12.79073,46.29905],[12.79089,46.29877],[12.79109,46.29863],[12.7911,46.29862],[12.79122,46.29855],[12.7916,46.29844],[12.7919,46.29833],[12.79193,46.29831],[12.79181,46.29822],[12.79179,46.29813],[12.79183,46.29807],[12.7919,46.29807],[12.79197,46.29806],[12.79219,46.29807],[12.79257,46.29808],[12.79283,46.298],[12.79298,46.29788],[12.79304,46.29771],[12.79308,46.29714],[12.79314,46.29674],[12.7932,46.2964],[12.79336,46.29641],[12.79337,46.29633],[12.79343,46.29569],[12.79354,46.29463],[12.79362,46.29386],[12.79367,46.29357],[12.79373,46.29336],[12.79384,46.29296],[12.7939,46.29275],[12.79411,46.29204],[12.79428,46.29146],[12.79436,46.29122],[12.79452,46.29067],[12.79461,46.29035],[12.79504,46.28889],[12.79521,46.28832],[12.79538,46.28779],[12.79555,46.28717],[12.79561,46.28692],[12.79566,46.2867],[12.79569,46.28662],[12.79569,46.28661],[12.79571,46.2866],[12.79573,46.28659],[12.79604,46.28649],[12.79607,46.28648],[12.79609,46.28646],[12.79609,46.28643],[12.79607,46.28638],[12.79596,46.28612],[12.79582,46.28575],[12.79578,46.28565],[12.79577,46.28559],[12.79576,46.28553],[12.79576,46.28549],[12.79577,46.28544],[12.79578,46.28539],[12.7958,46.28533],[12.79582,46.28528],[12.79584,46.28512],[12.79584,46.28505],[12.79584,46.28504],[12.79583,46.28501],[12.79583,46.285],[12.79584,46.28499],[12.79581,46.28493],[12.79584,46.28493]]},"properties":{"town_name":"Tramonti di Sopra / Tramonç Disore - Vildisora"}},{"type":"Feature","geometry":{"type":"LineString","coordinates":[[13.14158,45.95502],[13.14153,45.95497],[13.14123,45.95472],[13.14108,45.95446],[13.1411,45.95436],[13.14085,45.95412],[13.14055,45.95367],[13.14031,45.95326],[13.14012,45.95304],[13.1401,45.95302],[13.14006,45.95298],[13.14003,45.95295],[13.13984,45.95279],[13.13962,45.95263],[13.13899,45.95221],[13.13784,45.95143],[13.13754,45.95118],[13.1373,45.95089],[13.13719,45.95064],[13.13682,45.94943],[13.13632,45.94775],[13.1361,45.94736],[13.13576,45.94692],[13.1345,45.9453],[13.13418,45.94488],[13.13404,45.9447],[13.13392,45.94457],[13.13375,45.94444],[13.13331,45.94418],[13.132,45.94351],[13.13018,45.94259],[13.12969,45.94233],[13.12942,45.94217],[13.1292,45.94198],[13.12863,45.94145],[13.12765,45.9405],[13.12742,45.94022],[13.12725,45.93989],[13.12719,45.93967],[13.12719,45.93941],[13.12724,45.93915],[13.12731,45.93889],[13.12775,45.93752],[13.12784,45.93741],[13.12789,45.93735],[13.12793,45.93731],[13.12799,45.93727],[13.1281,45.9372],[13.12819,45.93718],[13.12827,45.93715],[13.12834,45.93711],[13.12838,45.93705],[13.1284,45.93698],[13.12847,45.93689],[13.12851,45.93684],[13.12856,45.9368],[13.12861,45.93675],[13.12869,45.9367],[13.12875,45.93666],[13.12896,45.93657],[13.12943,45.93644],[13.13093,45.93602],[13.13178,45.93579],[13.13453,45.93507],[13.13467,45.93499],[13.13476,45.93492],[13.13485,45.93482],[13.13486,45.93477],[13.13488,45.93473],[13.13483,45.93465],[13.13478,45.93461],[13.13474,45.93457],[13.13465,45.93451],[13.13459,45.9345],[13.13453,45.9345],[13.13445,45.93449],[13.13434,45.93449],[13.13423,45.9345],[13.1338,45.93452],[13.13369,45.93452],[13.1336,45.93452],[13.13293,45.93442],[13.13271,45.93439],[13.13237,45.93434]]},"properties":{"town_name":"Lestizza / Listize"}},{"type":"Feature","geometry":{"type":"LineString","coordinates":[[12.82305,46.40339],[12.82301,46.4034],[12.82279,46.40342],[12.82253,46.40342],[12.82246,46.40341],[12.82242,46.40341],[12.82214,46.4034],[12.82184,46.40339],[12.82168,46.4034],[12.82148,46.40342],[12.82127,46.40346],[12.82106,46.40348],[12.82089,46.40348],[12.82074,46.40347],[12.82064,46.40348],[12.82056,46.40349],[12.82047,46.4035],[12.82036,46.40354],[12.82023,46.40362],[12.82007,46.40377],[12.81996,46.4039],[12.81991,46.40397],[12.81983,46.4041],[12.81977,46.40423],[12.81971,46.40433],[12.81964,46.40441],[12.81962,46.40443],[12.81959,46.40445],[12.81956,46.40445],[12.81953,46.40445],[12.81951,46.40448],[12.81949,46.4045],[12.81946,46.40452],[12.81944,46.40453],[12.81942,46.40453],[12.81939,46.40454],[12.81934,46.40455],[12.81929,46.40455],[12.81778,46.40456],[12.81695,46.40457],[12.81683,46.40458],[12.81672,46.40459],[12.81664,46.40461],[12.81657,46.40464],[12.8165,46.40467],[12.81642,46.40472],[12.81635,46.40477],[12.81627,46.4048],[12.8162,46.40482],[12.81612,46.40483],[12.81604,46.40483],[12.81595,46.40482],[12.81557,46.40479],[12.81522,46.40476],[12.81512,46.40476],[12.81502,46.40476],[12.81493,46.40477],[12.81484,46.40479],[12.81445,46.40492],[12.81427,46.40497],[12.81419,46.40499],[12.81411,46.40501],[12.81404,46.40501],[12.81396,46.40499],[12.81383,46.40511],[12.81369,46.40514],[12.81349,46.4051],[12.81351,46.40521],[12.81343,46.40529],[12.81312,46.4052],[12.81285,46.40533],[12.8125,46.40551],[12.8125,46.40558],[12.81255,46.40567],[12.81261,46.40587],[12.81255,46.40593],[12.8124,46.406],[12.81211,46.40613],[12.8116,46.40637],[12.81078,46.40637],[12.81039,46.40639],[12.80991,46.40658],[12.80956,46.40656],[12.80903,46.40652],[12.80859,46.40647],[12.80806,46.40649],[12.80751,46.40648],[12.80717,46.40649],[12.80693,46.40651],[12.806,46.40682],[12.80553,46.40702],[12.80511,46.40733],[12.80491,46.40755],[12.80484,46.40768],[12.80488,46.40775],[12.80497,46.40794],[12.80522,46.40851],[12.80582,46.40989],[12.80585,46.40994],[12.80589,46.41007],[12.80591,46.41015],[12.80592,46.41024],[12.80591,46.4103],[12.8059,46.4104],[12.80588,46.41048],[12.80585,46.41054],[12.80582,46.41061],[12.80568,46.41083],[12.80562,46.41097],[12.80556,46.41111],[12.80552,46.41126],[12.80551,46.4114],[12.8055,46.41154],[12.80551,46.41171],[12.80552,46.41184],[12.80552,46.41199],[12.8055,46.4121],[12.80547,46.41221],[12.80541,46.41237],[12.80506,46.41312],[12.80498,46.41323],[12.80484,46.41339],[12.8047,46.41348],[12.8047,46.41355],[12.80465,46.41361],[12.80459,46.41365],[12.80352,46.41405],[12.8033,46.41408],[12.80309,46.41408],[12.80285,46.41407],[12.80261,46.41406],[12.80236,46.41409],[12.80212,46.41412],[12.8013,46.41413],[12.80107,46.41416],[12.80099,46.41417],[12.80058,46.41427],[12.8003,46.41435],[12.7997,46.4145],[12.79956,46.41453],[12.79897,46.41463],[12.79883,46.41465],[12.7988,46.41466],[12.79877,46.41467],[12.79874,46.41466],[12.79873,46.41466],[12.79871,46.41465],[12.79856,46.41471],[12.7984,46.41478],[12.79759,46.41513],[12.79735,46.41524],[12.7967,46.41553],[12.79662,46.41557],[12.79623,46.41575],[12.79584,46.4159],[12.79565,46.41598],[12.79547,46.41605],[12.79534,46.41611],[12.79529,46.41614],[12.79517,46.41621],[12.79502,46.41629],[12.79496,46.41632],[12.79488,46.41635],[12.79482,46.41636],[12.79476,46.41637],[12.79471,46.41637],[12.79465,46.41637],[12.7946,46.41637],[12.7946,46.41637]]},"properties":{"town_name":"Socchieve / Soclêf"}},{"type":"Feature","geometry":{"type":"LineString","coordinates":[[13.17881,46.25504],[13.17877,46.25503],[13.17866,46.25498],[13.17839,46.25486],[13.17836,46.25484],[13.17821,46.25473],[13.17809,46.25462],[13.17772,46.25432],[13.17745,46.25419],[13.17717,46.2541],[13.17644,46.25396],[13.17573,46.25394],[13.17486,46.25391],[13.17471,46.25391],[13.17433,46.2539],[13.17307,46.25388],[13.17293,46.25388],[13.17286,46.25388],[13.17264,46.25392],[13.17178,46.25411],[13.17163,46.25413],[13.17141,46.25413],[13.17119,46.2541],[13.17053,46.25406],[13.17069,46.25395],[13.17076,46.2539],[13.17077,46.25385],[13.17074,46.25378],[13.17064,46.25369],[13.17057,46.25359],[13.17057,46.25348],[13.17057,46.2534],[13.17057,46.25332],[13.17055,46.2532],[13.17044,46.25321],[13.17031,46.2532],[13.17022,46.25319],[13.16996,46.2531],[13.16985,46.25307],[13.16958,46.25301],[13.16935,46.25299],[13.16925,46.25297],[13.16915,46.25296],[13.169,46.25298],[13.16887,46.25296],[13.16878,46.25294],[13.16866,46.25284],[13.16855,46.25275],[13.16851,46.25272],[13.16842,46.2527],[13.16839,46.25268],[13.16838,46.25266],[13.16832,46.2525],[13.16826,46.2524],[13.16821,46.25237],[13.16805,46.25234],[13.16783,46.25229],[13.16737,46.25223],[13.16732,46.25222],[13.16711,46.25221],[13.1671,46.25219],[13.16707,46.25217],[13.16703,46.25214],[13.167,46.25212],[13.16694,46.25209],[13.16677,46.25189],[13.1667,46.25179],[13.16667,46.25171],[13.16664,46.2516],[13.16664,46.25156],[13.16666,46.25151],[13.16667,46.2515],[13.16673,46.25148],[13.16679,46.25148],[13.1668,46.25145],[13.16673,46.25139],[13.16671,46.25135],[13.16671,46.25131],[13.16676,46.25127],[13.16675,46.25127],[13.16672,46.25125],[13.16667,46.25122],[13.16666,46.25122],[13.16664,46.25121],[13.16654,46.25121],[13.16634,46.25122],[13.16615,46.25124],[13.16601,46.25124],[13.1658,46.25125],[13.16575,46.25124],[13.16561,46.25118],[13.16558,46.2512],[13.16549,46.25126],[13.16535,46.25113],[13.16505,46.25095],[13.16487,46.25081],[13.16484,46.25074],[13.16489,46.2507],[13.16485,46.2506],[13.16477,46.25048],[13.16469,46.25033],[13.16471,46.25021],[13.16473,46.25012],[13.16497,46.24997],[13.16541,46.24977],[13.16545,46.24971],[13.16549,46.24966],[13.16552,46.24954],[13.16553,46.24945],[13.16554,46.24942],[13.16545,46.24942],[13.16537,46.24941],[13.16534,46.24937],[13.16532,46.24934],[13.16527,46.24927],[13.16512,46.24919],[13.165,46.24916],[13.16497,46.24915],[13.16504,46.24904],[13.16498,46.24901],[13.1652,46.24875],[13.16533,46.24854],[13.16533,46.24843],[13.1654,46.24828],[13.16544,46.24816],[13.16549,46.2481],[13.16552,46.24806],[13.16554,46.24802],[13.16554,46.24799],[13.1655,46.24798],[13.16544,46.248],[13.16534,46.24801],[13.16524,46.248],[13.16515,46.24802],[13.16508,46.24802],[13.16503,46.24801],[13.165,46.24799],[13.16498,46.24796],[13.16498,46.24784],[13.16489,46.24763],[13.16486,46.24758],[13.16481,46.24743],[13.16477,46.24726],[13.16474,46.24703],[13.16472,46.24705],[13.16465,46.24707],[13.16455,46.24706],[13.16443,46.24701],[13.16426,46.24692],[13.16407,46.24674],[13.16379,46.24649],[13.16361,46.24629],[13.16345,46.24603],[13.16344,46.246],[13.16338,46.24588],[13.16337,46.24577],[13.16337,46.24565],[13.16341,46.24554],[13.1634,46.24523],[13.16329,46.24504],[13.1631,46.24489],[13.16296,46.24484],[13.1628,46.24476],[13.16266,46.24469],[13.16264,46.24465],[13.16265,46.2446],[13.16268,46.24457],[13.16275,46.24451],[13.16284,46.24446],[13.16289,46.24441],[13.16291,46.24438],[13.16294,46.24429],[13.16291,46.24417],[13.16292,46.24408],[13.16293,46.24399],[13.16295,46.24389],[13.16293,46.24381],[13.16288,46.2437],[13.16286,46.24362],[13.16273,46.24349],[13.16262,46.24334],[13.16249,46.24317],[13.16222,46.24301],[13.16215,46.24297],[13.16201,46.24286],[13.16175,46.2426],[13.16165,46.24251],[13.16157,46.24244],[13.1614,46.24229],[13.16131,46.24217],[13.16123,46.24205],[13.16117,46.24194],[13.16115,46.24181],[13.16114,46.24167],[13.16112,46.24155],[13.16107,46.24146],[13.16094,46.2414],[13.16066,46.24135],[13.1605,46.24128],[13.1603,46.24117],[13.16019,46.2411],[13.16009,46.24104],[13.16003,46.24101],[13.15994,46.24093],[13.15989,46.2409],[13.15981,46.24088],[13.15971,46.24086],[13.15965,46.24086],[13.15952,46.24084],[13.15937,46.24079],[13.15931,46.24076],[13.15925,46.24071],[13.1592,46.24064],[13.15913,46.24049],[13.15912,46.24034],[13.15916,46.24021],[13.15895,46.24023],[13.15874,46.24026],[13.15856,46.24029],[13.15843,46.24031],[13.15831,46.2403],[13.15826,46.2403],[13.15819,46.2403],[13.15813,46.24031],[13.15807,46.24033],[13.15795,46.24036],[13.15789,46.24037],[13.15786,46.24037],[13.15784,46.24036],[13.1578,46.24033],[13.15776,46.2403],[13.1577,46.24024],[13.15765,46.24018],[13.15756,46.24004],[13.15751,46.23996],[13.15744,46.23989],[13.15739,46.23983],[13.15734,46.23977],[13.15745,46.23963],[13.1575,46.23955],[13.15753,46.2395],[13.15756,46.23945],[13.15739,46.23947],[13.1573,46.23956],[13.15727,46.2396],[13.15721,46.23963],[13.15717,46.23966],[13.15712,46.23967],[13.15707,46.23967],[13.15699,46.23967],[13.15691,46.23967],[13.15672,46.23967],[13.15662,46.23968],[13.15646,46.23969],[13.15633,46.2397],[13.15618,46.2397],[13.15605,46.23972],[13.15594,46.23973],[13.15588,46.23971],[13.15584,46.2397],[13.15582,46.23965],[13.15582,46.2396],[13.15584,46.23955],[13.15583,46.23952],[13.15553,46.23943],[13.15563,46.23919],[13.15565,46.23909],[13.15571,46.2388],[13.15573,46.23874],[13.15584,46.2385],[13.15584,46.23849]]},"properties":{"town_name":"Montenars / Montenârs"}},{"type":"Feature","geometry":{"type":"LineString","coordinates":[[13.59351,46.15636],[13.59338,46.15648],[13.59334,46.15638],[13.59321,46.15623],[13.59311,46.15618],[13.59276,46.15607],[13.59261,46.15601],[13.59248,46.15595],[13.59241,46.1559],[13.59239,46.15584],[13.5919,46.15566],[13.59162,46.15561],[13.59104,46.15558],[13.59051,46.15559],[13.59006,46.15557],[13.58964,46.15551],[13.58961,46.15551],[13.5888,46.15529],[13.5884,46.1552],[13.58835,46.15519],[13.58808,46.15519],[13.58783,46.15523],[13.58742,46.1553],[13.58713,46.15541],[13.58578,46.15611],[13.58553,46.15622],[13.58527,46.15639],[13.58512,46.15645],[13.58502,46.15647],[13.58492,46.15649],[13.58483,46.15651],[13.58464,46.15663],[13.58455,46.15667],[13.58445,46.15674],[13.5843,46.1568],[13.58413,46.15679],[13.58397,46.15677],[13.58381,46.15676],[13.58366,46.15676],[13.58354,46.15678],[13.58341,46.1568],[13.58325,46.15677],[13.58322,46.15676],[13.58288,46.15671],[13.58268,46.15667],[13.58251,46.15661],[13.58235,46.15657],[13.58222,46.15654],[13.58206,46.1565],[13.58187,46.15646],[13.58156,46.15636],[13.5815,46.15634],[13.58142,46.15632],[13.58131,46.15631],[13.58119,46.15637],[13.58113,46.15647],[13.58108,46.15657],[13.581,46.15666],[13.58091,46.15674],[13.58084,46.15684],[13.58079,46.15694],[13.58074,46.15704],[13.58065,46.15713],[13.5805,46.1572],[13.58035,46.15724],[13.58021,46.15716],[13.58024,46.15702],[13.5803,46.1569],[13.58033,46.1568],[13.58033,46.15672],[13.58034,46.15663],[13.58034,46.15655],[13.58033,46.15645],[13.58028,46.15635],[13.58023,46.15626],[13.58017,46.15617],[13.58004,46.15609],[13.57988,46.15608],[13.57976,46.15608],[13.57959,46.15608],[13.57911,46.15605],[13.57891,46.15602],[13.57871,46.15598],[13.57858,46.156],[13.57844,46.1561],[13.57834,46.15618],[13.57828,46.15624],[13.5782,46.15632],[13.57813,46.1564],[13.57813,46.1564],[13.57802,46.1565],[13.57788,46.1566],[13.57785,46.15662],[13.57773,46.15674],[13.57759,46.15688],[13.57749,46.15697],[13.57735,46.15706],[13.57717,46.15713],[13.57686,46.15713],[13.57668,46.15706],[13.57651,46.15689],[13.57648,46.15682],[13.57645,46.15671],[13.57644,46.15664],[13.57642,46.15653],[13.5764,46.15642],[13.57638,46.1563],[13.57631,46.15617],[13.57612,46.1561],[13.57594,46.15612],[13.5758,46.15614],[13.57564,46.15615],[13.57544,46.15614],[13.57522,46.15605],[13.57518,46.15578],[13.57506,46.15566],[13.57491,46.15557],[13.57479,46.15552],[13.57468,46.15547],[13.57455,46.15546],[13.57442,46.15549],[13.57431,46.15552],[13.57418,46.15556],[13.57412,46.15557],[13.57383,46.15565],[13.57376,46.15567],[13.57362,46.15571],[13.57323,46.1558],[13.57304,46.15586],[13.57266,46.15594],[13.5721,46.15604],[13.57198,46.15606],[13.57188,46.15605],[13.57182,46.15602],[13.57178,46.15597],[13.57176,46.15589],[13.57174,46.15582],[13.57173,46.15574],[13.57173,46.15565],[13.57169,46.15559],[13.57165,46.15558],[13.57162,46.15559],[13.57159,46.15563],[13.57157,46.1557],[13.57157,46.15578],[13.57156,46.15588],[13.57155,46.15595],[13.57155,46.156],[13.57157,46.15606],[13.5716,46.15611],[13.57169,46.15615],[13.57195,46.15626],[13.57235,46.15627],[13.57245,46.15638],[13.57205,46.15638],[13.57168,46.15634],[13.57138,46.15634],[13.57131,46.1563],[13.5712,46.15623],[13.57119,46.1562],[13.57116,46.15604],[13.57114,46.15592],[13.57112,46.15582],[13.57112,46.15579],[13.57096,46.1556],[13.57086,46.15545],[13.57083,46.15533],[13.57082,46.15525],[13.57079,46.15514],[13.57073,46.15506],[13.57071,46.15502],[13.57063,46.1549],[13.57058,46.15481],[13.57049,46.15474],[13.57042,46.15467],[13.5703,46.15465],[13.57029,46.15475],[13.57045,46.15489],[13.57055,46.15508],[13.57057,46.15532],[13.57055,46.15538],[13.57053,46.15544],[13.57049,46.15555],[13.57048,46.15567],[13.57049,46.15574],[13.5705,46.15592],[13.57051,46.15601],[13.57052,46.15613],[13.57055,46.15623],[13.57055,46.15629],[13.57046,46.15635],[13.5704,46.15625],[13.57038,46.15614],[13.57035,46.15604],[13.57033,46.15594],[13.5703,46.15585],[13.57024,46.15575],[13.57019,46.15565],[13.57017,46.15558],[13.57013,46.15548],[13.5701,46.15537],[13.57,46.15528],[13.56981,46.15537],[13.56966,46.15542],[13.56953,46.15548],[13.56941,46.15556],[13.56925,46.15567],[13.56907,46.15578],[13.56861,46.15608],[13.56823,46.15632],[13.5681,46.15639],[13.56824,46.15636],[13.5684,46.15635],[13.56849,46.15632],[13.56857,46.1563],[13.56861,46.15635],[13.56857,46.15643],[13.5686,46.15645],[13.56871,46.15646],[13.56873,46.15654],[13.5687,46.1566],[13.56863,46.15668],[13.56855,46.15674],[13.56836,46.15683],[13.56822,46.15689],[13.56797,46.15704],[13.56791,46.15706],[13.56776,46.15713],[13.56762,46.15725],[13.56746,46.15733],[13.5674,46.15737],[13.56725,46.15747],[13.56707,46.15759],[13.56679,46.15764],[13.56653,46.15771],[13.56643,46.15776],[13.56632,46.15782],[13.56613,46.15789],[13.56602,46.15792],[13.56585,46.15796],[13.56573,46.15799],[13.56567,46.15798],[13.5656,46.15796],[13.56554,46.15793],[13.56541,46.1579],[13.56526,46.15786],[13.56518,46.15786],[13.5649,46.15785],[13.56472,46.15785],[13.56453,46.15785],[13.56443,46.15782],[13.56436,46.15779],[13.56412,46.15777],[13.56401,46.15777],[13.56401,46.15781],[13.56404,46.15785],[13.56405,46.15791],[13.56402,46.15794],[13.56389,46.15791],[13.56378,46.15788],[13.56367,46.15784],[13.56356,46.15778],[13.56346,46.15772],[13.56339,46.15767],[13.56328,46.15764],[13.56318,46.15772],[13.56312,46.15769],[13.56304,46.15773],[13.56304,46.15784],[13.56296,46.15787],[13.56285,46.15792],[13.5628,46.15798],[13.56272,46.15799],[13.5627,46.15795],[13.56258,46.15791],[13.56247,46.15788],[13.56236,46.15785],[13.56223,46.15786],[13.56209,46.15779],[13.56197,46.15773],[13.56183,46.15773],[13.56174,46.15766],[13.56163,46.15759],[13.56151,46.15751],[13.5614,46.15745],[13.56128,46.15736],[13.56124,46.15729],[13.56118,46.15726],[13.56111,46.15723],[13.56106,46.15721],[13.56099,46.15721],[13.56092,46.15722],[13.5608,46.15724],[13.56068,46.15724],[13.56061,46.15725],[13.56046,46.15729],[13.56035,46.15732],[13.56025,46.15733],[13.56016,46.15735],[13.56001,46.15737],[13.5599,46.15742],[13.55983,46.15744],[13.55974,46.15747],[13.55963,46.15749],[13.55955,46.15748],[13.55949,46.15744],[13.55943,46.1574],[13.55936,46.15733],[13.55934,46.15727],[13.55922,46.15723],[13.55912,46.1572],[13.55904,46.15717],[13.55895,46.15715],[13.55882,46.15716],[13.5587,46.15714],[13.55856,46.15715],[13.55844,46.15716],[13.55828,46.15721],[13.55814,46.15722],[13.55803,46.15723],[13.5579,46.15722],[13.55781,46.15719],[13.55773,46.15717],[13.55749,46.15704],[13.55741,46.15698],[13.55737,46.15693],[13.55732,46.15691],[13.55723,46.15688],[13.55716,46.15682],[13.55705,46.15679],[13.55691,46.15677],[13.55674,46.15673],[13.55665,46.1567],[13.55654,46.15668],[13.55643,46.15667],[13.5563,46.15668],[13.55618,46.15665],[13.55606,46.15664],[13.55593,46.15666],[13.55577,46.15668],[13.5557,46.15669],[13.55563,46.1567],[13.55542,46.15674],[13.55529,46.15675],[13.55515,46.15674],[13.55509,46.15675],[13.55495,46.1568],[13.55478,46.15681],[13.55463,46.15683],[13.55446,46.15681],[13.55433,46.15681],[13.55421,46.1568],[13.55414,46.15678],[13.55404,46.15676],[13.55398,46.15672],[13.55384,46.15668],[13.55372,46.15666],[13.55361,46.15666],[13.55352,46.15667],[13.55343,46.15667],[13.55332,46.1567],[13.55324,46.15669],[13.55318,46.15668],[13.55312,46.15669],[13.553,46.15668],[13.55289,46.1567],[13.55275,46.15673],[13.55263,46.15672],[13.55254,46.1567],[13.55245,46.15672],[13.5523,46.15676],[13.55213,46.1568],[13.55194,46.15681],[13.55181,46.1568],[13.5517,46.15677],[13.55158,46.15672],[13.55149,46.15667],[13.5514,46.15659],[13.55134,46.15649],[13.55129,46.1564],[13.55125,46.15634],[13.55115,46.1563],[13.55106,46.15624],[13.55098,46.15619],[13.55089,46.15612],[13.5508,46.15603],[13.55079,46.15602],[13.55072,46.15593],[13.55071,46.15589],[13.55062,46.15582],[13.55053,46.15576],[13.55046,46.15573],[13.55034,46.15566],[13.55024,46.15561],[13.5501,46.1556],[13.54997,46.15557],[13.54984,46.15553],[13.54977,46.15549],[13.54968,46.15543],[13.5496,46.15539],[13.5495,46.15534],[13.54939,46.15529],[13.54924,46.15526],[13.54914,46.15519],[13.54907,46.15514],[13.54902,46.15507],[13.54895,46.15501],[13.5489,46.15496],[13.54884,46.15491],[13.54877,46.15489],[13.54871,46.15487],[13.54864,46.15486],[13.54857,46.15482],[13.54855,46.15481],[13.54846,46.15477],[13.54837,46.15473],[13.54831,46.15471],[13.54823,46.15468],[13.54812,46.15464],[13.54803,46.15461],[13.54792,46.15459],[13.54784,46.15457],[13.54777,46.15455],[13.54771,46.15454],[13.54766,46.15454],[13.54762,46.15453],[13.54758,46.15453],[13.5475,46.15453],[13.54745,46.15452],[13.54737,46.15453],[13.54732,46.15451],[13.54727,46.15448],[13.54722,46.15447],[13.54717,46.15447],[13.54714,46.15448],[13.54706,46.15449],[13.54699,46.15447],[13.54694,46.15444],[13.54684,46.1544],[13.54678,46.15438],[13.54667,46.15431],[13.5466,46.15426],[13.54654,46.15424],[13.54646,46.15422],[13.54637,46.15424],[13.54633,46.15422],[13.54626,46.15421],[13.54622,46.15418],[13.5462,46.15417],[13.54614,46.15413],[13.54613,46.15413],[13.54603,46.15412],[13.54595,46.15408],[13.54593,46.15406],[13.54586,46.15404],[13.54578,46.15402],[13.54574,46.15402],[13.54562,46.15402],[13.54546,46.15401],[13.54536,46.15401],[13.54527,46.15398],[13.54521,46.15396],[13.54517,46.15393],[13.54513,46.1539],[13.54499,46.15386],[13.54498,46.15386],[13.54488,46.15384],[13.54481,46.15378],[13.54472,46.15374],[13.5447,46.15373],[13.54458,46.1537],[13.54446,46.15364],[13.5444,46.15362],[13.5443,46.15363],[13.54425,46.15363],[13.5442,46.15361],[13.54414,46.15356],[13.5441,46.15353],[13.54405,46.15349],[13.54396,46.15343],[13.54393,46.15341],[13.54381,46.15335],[13.54372,46.15326],[13.54371,46.15325],[13.54364,46.15315],[13.54352,46.15308],[13.54345,46.15301],[13.54337,46.15292],[13.5433,46.15282],[13.54329,46.1528],[13.5432,46.15271],[13.54316,46.15257],[13.54311,46.15239],[13.54311,46.15219],[13.54307,46.15207],[13.54309,46.152],[13.54305,46.1519],[13.54294,46.15181],[13.54283,46.15176],[13.54282,46.15175],[13.54267,46.15163],[13.54257,46.15151],[13.5425,46.15142],[13.54247,46.15136],[13.5424,46.1513],[13.54228,46.15125],[13.5422,46.1512],[13.54211,46.15115],[13.54206,46.15107],[13.54199,46.15097],[13.54196,46.15091],[13.54191,46.15084],[13.54186,46.15081],[13.54178,46.15075],[13.54166,46.15069],[13.54098,46.15053],[13.54076,46.15057],[13.5405,46.15058],[13.53997,46.15028],[13.53936,46.15054],[13.53923,46.15106],[13.53874,46.15213],[13.53751,46.15226],[13.53719,46.15165],[13.53716,46.15178],[13.53709,46.15196],[13.53693,46.15197],[13.53692,46.15201],[13.53686,46.15213],[13.53679,46.15226],[13.53667,46.15236],[13.53648,46.15242],[13.53622,46.15249],[13.53608,46.15252],[13.53602,46.15257],[13.53603,46.15271],[13.53607,46.15285],[13.53616,46.15295],[13.53622,46.15295],[13.53601,46.15309],[13.53569,46.15318],[13.53475,46.15334],[13.53453,46.15333],[13.53448,46.15331],[13.53443,46.15328],[13.53441,46.15325],[13.53439,46.15317],[13.53437,46.15304],[13.53438,46.15297],[13.53436,46.15293],[13.53433,46.1529],[13.53429,46.15287],[13.53424,46.15285],[13.53418,46.15284],[13.5341,46.15282],[13.53383,46.15275],[13.53376,46.15274],[13.5337,46.15274],[13.53363,46.15276],[13.53346,46.15281],[13.5334,46.15284],[13.53335,46.1529],[13.53328,46.15294],[13.53318,46.153],[13.53304,46.15303],[13.53302,46.15305],[13.53301,46.15308],[13.53303,46.15311],[13.53306,46.15314],[13.53306,46.15317],[13.53306,46.15319],[13.53304,46.15321],[13.53301,46.15321],[13.53297,46.1532],[13.53293,46.15319],[13.53289,46.15319],[13.53283,46.1532],[13.53277,46.15321],[13.5327,46.15323],[13.53264,46.15325],[13.53257,46.15329],[13.53252,46.15331],[13.5325,46.15333],[13.53248,46.15334],[13.53244,46.15338],[13.53239,46.15342],[13.53237,46.15344],[13.53234,46.15345],[13.53231,46.15347],[13.53229,46.15347],[13.53223,46.15348],[13.53218,46.15349],[13.53214,46.15349],[13.53208,46.15348],[13.53202,46.15347],[13.5319,46.15345],[13.53164,46.1534],[13.53161,46.15339],[13.53157,46.15337],[13.53154,46.15335],[13.53152,46.15334],[13.53149,46.15331],[13.53147,46.15329],[13.53147,46.15326],[13.53146,46.15317],[13.53145,46.15313],[13.53144,46.15311],[13.53143,46.1531],[13.53142,46.15308],[13.5314,46.15308],[13.53137,46.15307],[13.53135,46.15307],[13.53133,46.15307],[13.53131,46.15308],[13.53129,46.15309],[13.53128,46.15311],[13.53126,46.15314],[13.53125,46.15316],[13.53122,46.1532],[13.5312,46.15323],[13.53113,46.15333],[13.53107,46.1534],[13.53098,46.15351],[13.53097,46.15353],[13.53096,46.15355],[13.53095,46.15357],[13.53096,46.1536],[13.53096,46.15362],[13.53098,46.15363],[13.53099,46.15365],[13.53102,46.15366],[13.53105,46.15368],[13.53109,46.15368],[13.53116,46.15368],[13.53121,46.15367],[13.53126,46.15367],[13.53131,46.15367],[13.53136,46.15367],[13.53138,46.15368],[13.5314,46.15369],[13.53141,46.1537],[13.53141,46.15373],[13.5314,46.15374],[13.53139,46.15376],[13.53132,46.1538],[13.53127,46.15382],[13.53116,46.15387],[13.53111,46.15388],[13.53106,46.15389],[13.53101,46.15389],[13.53096,46.15389],[13.5309,46.15388],[13.53082,46.15386],[13.53073,46.15384],[13.53062,46.15381],[13.53049,46.15378],[13.53045,46.15376],[13.53041,46.15374],[13.53038,46.15371],[13.53036,46.15368],[13.53035,46.15365],[13.53035,46.15363],[13.53036,46.1536],[13.53038,46.15358],[13.53041,46.15354],[13.5305,46.15347],[13.53058,46.15337],[13.53062,46.15333],[13.53064,46.1533],[13.53067,46.15327],[13.53069,46.15325],[13.5307,46.15324],[13.5307,46.15322],[13.5307,46.1532],[13.53069,46.15319],[13.53067,46.15318],[13.53065,46.15317],[13.53062,46.15317],[13.53059,46.15317],[13.53057,46.15318],[13.53054,46.1532],[13.53052,46.15324],[13.53048,46.1533],[13.53042,46.15337],[13.53035,46.15343],[13.53022,46.15349],[13.5301,46.15355],[13.52997,46.15361],[13.52987,46.15367],[13.52981,46.15373],[13.52976,46.15378],[13.52973,46.15384],[13.52971,46.15389],[13.5297,46.15395],[13.5297,46.154],[13.52971,46.15404],[13.52973,46.15407],[13.52974,46.15409],[13.52975,46.1541],[13.52978,46.15411],[13.5298,46.15412],[13.52984,46.15414],[13.52985,46.15415],[13.52986,46.15417],[13.52986,46.15418],[13.52986,46.15419],[13.52985,46.1542],[13.52983,46.15421],[13.52981,46.15421],[13.52975,46.15421],[13.52971,46.1542],[13.52965,46.15418],[13.5296,46.15415],[13.52956,46.15413],[13.52954,46.1541],[13.52952,46.15408],[13.5295,46.15404],[13.52947,46.15397],[13.52943,46.15388],[13.52942,46.15384],[13.52942,46.15378],[13.52943,46.1537],[13.52945,46.1536],[13.52946,46.1535],[13.52947,46.15343],[13.52948,46.15339],[13.52949,46.15336],[13.52949,46.15334],[13.52951,46.1533],[13.52954,46.15326],[13.5296,46.1532],[13.52966,46.15315],[13.5297,46.1531],[13.52973,46.15307],[13.52975,46.15301],[13.52978,46.15295],[13.52979,46.15289],[13.5298,46.15282],[13.52981,46.15275],[13.52983,46.15269],[13.52984,46.15266],[13.52987,46.15262],[13.52989,46.15259],[13.52994,46.15254],[13.52999,46.15251],[13.53002,46.15249],[13.53005,46.15246],[13.53005,46.15243],[13.53004,46.15241],[13.53,46.15239],[13.52996,46.15238],[13.52993,46.15239],[13.5299,46.1524],[13.52987,46.15242],[13.52984,46.15245],[13.52981,46.15249],[13.52976,46.15254],[13.52966,46.15263],[13.52959,46.15268],[13.5295,46.15276],[13.52941,46.15283],[13.52932,46.1529],[13.52923,46.15297],[13.5291,46.15304],[13.52901,46.15308],[13.5289,46.15314],[13.52878,46.15323],[13.52869,46.1533],[13.52862,46.15335],[13.52858,46.15339],[13.52854,46.15344],[13.52851,46.15349],[13.52846,46.15357],[13.52841,46.15364],[13.52835,46.1537],[13.52829,46.15374],[13.52823,46.15379],[13.52819,46.15382],[13.52815,46.15385],[13.52813,46.15387],[13.52812,46.15389],[13.52812,46.15392],[13.52813,46.15395],[13.52815,46.15398],[13.52819,46.15403],[13.52828,46.15409],[13.52832,46.15414],[13.52835,46.15418],[13.52838,46.15423],[13.52841,46.1543],[13.52847,46.1544],[13.52853,46.15448],[13.52858,46.15458],[13.52861,46.15462],[13.52866,46.15466],[13.52874,46.15473],[13.52877,46.15475],[13.52879,46.15476],[13.5288,46.15479],[13.52881,46.15481],[13.52881,46.15483],[13.5288,46.15484],[13.52879,46.15485],[13.52891,46.15492],[13.52903,46.15507],[13.52921,46.15531],[13.52934,46.15548],[13.52937,46.15555],[13.52935,46.15564],[13.5293,46.15571],[13.52926,46.15581],[13.5292,46.1559],[13.52916,46.15599],[13.5291,46.15604],[13.52891,46.15617],[13.52884,46.15621],[13.52883,46.15627],[13.52891,46.15629],[13.52924,46.15648],[13.52978,46.15686],[13.53005,46.15704],[13.53025,46.15717],[13.53049,46.1573],[13.53098,46.15753],[13.53144,46.15774],[13.5315,46.15777],[13.53169,46.15786],[13.53235,46.15817],[13.53266,46.15832],[13.53286,46.15841],[13.53293,46.15846],[13.53309,46.15856]]},"properties":{"town_name":"Grimacco"}},{"type":"Feature","geometry":{"type":"LineString","coordinates":[[13.34014,45.94386],[13.33985,45.9437],[13.33948,45.94351],[13.33931,45.9434],[13.33899,45.94309],[13.33851,45.94264],[13.33825,45.94233],[13.33838,45.94208],[13.3385,45.94185],[13.33859,45.94168],[13.33862,45.94128],[13.33836,45.93976],[13.33836,45.93974],[13.33835,45.93971],[13.33816,45.93897],[13.33801,45.93843],[13.33792,45.93814],[13.33784,45.93788],[13.33776,45.93765],[13.33775,45.93762],[13.33769,45.93747],[13.33764,45.93738],[13.33745,45.93711],[13.337,45.93668],[13.33626,45.93602],[13.33609,45.93589],[13.33585,45.93567],[13.33571,45.9355],[13.33565,45.93543],[13.33556,45.93529],[13.33548,45.9351],[13.33515,45.93426],[13.33513,45.9342],[13.33491,45.93364],[13.33468,45.93303],[13.33454,45.93288],[13.33434,45.93273],[13.3333,45.93227],[13.33312,45.93211],[13.33297,45.93186],[13.33274,45.93156],[13.3325,45.93131],[13.3323,45.93104],[13.33228,45.93093],[13.33228,45.93092],[13.33227,45.93085],[13.33227,45.93082],[13.33227,45.93079],[13.33228,45.9306],[13.33231,45.93054],[13.3325,45.93017],[13.33253,45.93005],[13.33267,45.92893],[13.33267,45.92888],[13.33268,45.92881],[13.33306,45.92868],[13.33382,45.92838],[13.3339,45.92834],[13.33397,45.92823],[13.3343,45.9273],[13.33438,45.92708],[13.33444,45.92664],[13.33438,45.92614],[13.33433,45.92591],[13.33422,45.9256],[13.33418,45.92546],[13.33416,45.92529],[13.33417,45.92503],[13.33423,45.92475],[13.33426,45.92463],[13.33436,45.92452],[13.33456,45.92441],[13.33522,45.92403],[13.33548,45.92388],[13.33554,45.92384],[13.33565,45.92375],[13.33632,45.92294],[13.33711,45.9219],[13.33765,45.92112],[13.33781,45.9209],[13.33798,45.9207],[13.33821,45.92051],[13.3384,45.92037],[13.33871,45.92015],[13.33966,45.91954],[13.33979,45.91944],[13.33991,45.91933],[13.34017,45.91902],[13.34038,45.91879],[13.34075,45.91847],[13.34107,45.91823],[13.34131,45.91807],[13.34156,45.91784],[13.34173,45.91765],[13.34178,45.91758],[13.34239,45.9168],[13.34244,45.91674],[13.34246,45.91672],[13.34281,45.91632],[13.34308,45.91605],[13.34322,45.91586],[13.34331,45.91567],[13.34337,45.91529],[13.34341,45.91484],[13.34344,45.91379],[13.34347,45.91378],[13.34362,45.91373],[13.34443,45.91345],[13.34458,45.91339],[13.34475,45.91328],[13.34492,45.91316],[13.34534,45.91285],[13.34535,45.91284],[13.34557,45.9127],[13.3459,45.91278],[13.34593,45.91286],[13.34595,45.91294],[13.346,45.91304],[13.346,45.91304]]},"properties":{"town_name":"Trivignano Udinese / Trivignan"}},{"type":"Feature","geometry":{"type":"LineString","coordinates":[[12.86621,46.39369],[12.86623,46.39363],[12.86624,46.39359],[12.86631,46.39351],[12.86638,46.3935],[12.86645,46.39349],[12.86654,46.39351],[12.86661,46.39355],[12.86676,46.3936],[12.86684,46.39363],[12.86703,46.39369],[12.86717,46.39374],[12.86741,46.39381],[12.86755,46.39386],[12.86765,46.3939],[12.8677,46.39393],[12.86774,46.39396],[12.86783,46.39405],[12.86802,46.39426],[12.86821,46.39457],[12.86837,46.39475],[12.86849,46.39488],[12.86857,46.39496],[12.86863,46.39501],[12.86871,46.39506],[12.86889,46.39516],[12.86907,46.39525],[12.86923,46.39537],[12.86975,46.39585],[12.86988,46.39599],[12.86991,46.39605],[12.86994,46.39611],[12.86997,46.39618],[12.86998,46.39624],[12.86996,46.3963],[12.86993,46.39639],[12.86986,46.39664],[12.86985,46.3967],[12.86985,46.39674],[12.86986,46.39679],[12.8699,46.39687],[12.86996,46.39696],[12.87,46.397],[12.87005,46.39703],[12.87014,46.39706],[12.87022,46.39708],[12.87031,46.39708],[12.87039,46.39708],[12.87047,46.39706],[12.87068,46.39701],[12.87084,46.39697],[12.87091,46.39696],[12.871,46.39696],[12.8711,46.39698],[12.8712,46.397],[12.87153,46.3971],[12.87183,46.39721],[12.87198,46.39727],[12.87213,46.39732],[12.87242,46.3974],[12.87271,46.39747],[12.87286,46.3975],[12.87299,46.39755],[12.87323,46.39766],[12.87341,46.39772],[12.8736,46.39776],[12.87372,46.39778],[12.87385,46.39779],[12.87411,46.3978],[12.87419,46.39782],[12.87427,46.39784],[12.87441,46.3979],[12.87471,46.398],[12.87486,46.39803],[12.875,46.3981],[12.87513,46.39816],[12.87529,46.3982],[12.87536,46.39821],[12.87544,46.39822],[12.87571,46.39823],[12.87614,46.39825],[12.87625,46.39826],[12.87633,46.39829],[12.87647,46.39832],[12.87656,46.39854],[12.87659,46.39946],[12.87676,46.39961],[12.87687,46.39982],[12.87692,46.39991],[12.87697,46.40001],[12.87703,46.40011],[12.8771,46.4002],[12.87717,46.40028],[12.87726,46.40035],[12.87739,46.40038],[12.87751,46.4004],[12.87763,46.40042],[12.87772,46.40047],[12.87779,46.40073],[12.87781,46.4009],[12.87781,46.40102],[12.87778,46.40114],[12.87769,46.4013],[12.87763,46.4016],[12.87769,46.40215],[12.87783,46.40315],[12.87783,46.40336],[12.87776,46.40347],[12.87727,46.40352],[12.87646,46.40355],[12.87602,46.40353],[12.87574,46.4036],[12.87644,46.40457],[12.87713,46.40547],[12.87732,46.40568],[12.87746,46.40578],[12.87811,46.40617],[12.87819,46.40623],[12.87824,46.40628],[12.87828,46.40635],[12.8783,46.40645],[12.87822,46.40716],[12.87822,46.40717],[12.87876,46.40721],[12.87926,46.40723],[12.87998,46.40724],[12.88028,46.40724],[12.88051,46.40724],[12.8809,46.40722],[12.88122,46.40719],[12.88154,46.40722],[12.88205,46.40721],[12.88254,46.40718],[12.88287,46.40718],[12.88315,46.40721],[12.88359,46.40728],[12.88388,46.4073],[12.88477,46.40734],[12.885,46.40736],[12.88519,46.40741],[12.88543,46.40752],[12.88558,46.40762],[12.88573,46.40773],[12.88584,46.40784],[12.88615,46.408],[12.88642,46.40812],[12.8867,46.40822],[12.88697,46.40833],[12.88769,46.40847],[12.88931,46.40885],[12.8899,46.40899],[12.89041,46.40911],[12.89077,46.40921],[12.89146,46.40942],[12.89166,46.4095],[12.89182,46.40956],[12.89194,46.4096],[12.89211,46.40964],[12.89235,46.40957],[12.89253,46.40952],[12.89282,46.40946],[12.89311,46.40942],[12.89318,46.40941],[12.89333,46.40941],[12.89357,46.4094],[12.89373,46.40941],[12.89391,46.40942],[12.89457,46.40945],[12.89464,46.40945],[12.89528,46.40949],[12.89578,46.40951],[12.8961,46.40953],[12.89633,46.40954],[12.89794,46.40961],[12.89831,46.40963],[12.89852,46.40965],[12.89872,46.40966],[12.89885,46.40966],[12.89891,46.40967],[12.89894,46.40967],[12.89925,46.40968],[12.89939,46.40969],[12.89954,46.40971],[12.89993,46.40976],[12.90004,46.40978],[12.90024,46.40981],[12.90277,46.41015],[12.90329,46.41022],[12.90347,46.41025],[12.90363,46.41029],[12.90378,46.41033],[12.90395,46.41037],[12.9041,46.41042],[12.90491,46.4107],[12.9056,46.41093],[12.9063,46.41118],[12.90632,46.41119],[12.91071,46.4127],[12.91095,46.41279],[12.91126,46.4129],[12.91154,46.41299],[12.91178,46.41308],[12.91182,46.41309],[12.91257,46.41335],[12.91327,46.41359],[12.91398,46.41383],[12.91436,46.41396],[12.91469,46.41407],[12.91478,46.4141],[12.91483,46.41412],[12.91496,46.41416],[12.91661,46.41474],[12.91686,46.41483],[12.91703,46.41492],[12.91729,46.41507],[12.9176,46.41528],[12.91824,46.41573],[12.91798,46.41597],[12.91791,46.41602],[12.91778,46.4161],[12.91751,46.4162],[12.91741,46.41623],[12.91701,46.41636],[12.91678,46.41645],[12.91663,46.41632],[12.91608,46.4158],[12.91653,46.41536]]},"properties":{"town_name":"Preone / Preon"}},{"type":"Feature","geometry":{"type":"LineString","coordinates":[[12.98766,45.88698],[12.98781,45.88685],[12.98788,45.88681],[12.9879,45.8868],[12.98797,45.88678],[12.98808,45.88678],[12.98813,45.88679],[12.98841,45.88687],[12.98886,45.88702],[12.98916,45.88658],[12.98933,45.88651],[12.98958,45.88651],[12.99011,45.88669],[12.99055,45.88605],[12.99064,45.88591],[12.99068,45.88581],[12.99071,45.88573],[12.99076,45.88565],[12.99081,45.88567],[12.99083,45.88567],[12.99089,45.88566],[12.99094,45.88563],[12.99096,45.88561],[12.99097,45.88557],[12.99097,45.88556],[12.99106,45.88549],[12.99173,45.8849],[12.9919,45.88482],[12.99199,45.88479],[12.99219,45.88475],[12.99244,45.88475],[12.99363,45.88503],[12.99413,45.88514],[12.99471,45.88528],[12.9955,45.88545],[12.99589,45.8855],[12.99626,45.8855],[12.99651,45.88548],[12.99749,45.8853],[12.99882,45.88507],[12.9989,45.88505],[12.99897,45.88504],[12.99994,45.88487],[13.00836,45.8834],[13.00909,45.88333],[13.00946,45.88335],[13.00981,45.88332],[13.01013,45.88322],[13.01029,45.88315],[13.01044,45.88306],[13.01058,45.88297],[13.01067,45.8829],[13.01068,45.88287],[13.01069,45.88285],[13.01071,45.88281],[13.01075,45.88278],[13.01079,45.88274],[13.01083,45.88272],[13.01088,45.88269],[13.01094,45.88268],[13.011,45.88267],[13.01107,45.88266],[13.01113,45.88267],[13.0112,45.88268],[13.01126,45.8827],[13.01131,45.88272],[13.0114,45.88273],[13.01147,45.88273],[13.01154,45.88272],[13.01167,45.8827],[13.01194,45.88264],[13.01245,45.88253],[13.01271,45.88252],[13.01317,45.88251],[13.01345,45.88249],[13.01397,45.88241],[13.0175,45.88178],[13.01785,45.88172],[13.02411,45.88062],[13.02422,45.8806],[13.02635,45.88023],[13.02665,45.88017],[13.02705,45.8801],[13.02762,45.88],[13.02925,45.87971],[13.03142,45.87933],[13.03154,45.87931],[13.03358,45.87894],[13.03527,45.87865],[13.03547,45.87861],[13.03558,45.87859],[13.03656,45.87842],[13.03664,45.87812]]},"properties":{"town_name":"Varmo / Vildivar"}},{"type":"Feature","geometry":{"type":"LineString","coordinates":[[12.94489,45.92723],[12.94458,45.92731],[12.94457,45.9273],[12.9445,45.92719],[12.94433,45.92698],[12.94426,45.92699],[12.94442,45.92722],[12.94448,45.9273],[12.94453,45.92735],[12.9446,45.92739],[12.94477,45.92747],[12.945,45.92744],[12.94584,45.92721],[12.94616,45.92715],[12.94744,45.92697],[12.94798,45.92689],[12.94851,45.92681],[12.94884,45.92677],[12.94904,45.92676],[12.94941,45.92677],[12.9496,45.92685],[12.94968,45.92687],[12.95163,45.92762],[12.95273,45.92804],[12.95378,45.92846],[12.9541,45.92858],[12.95447,45.92872],[12.95469,45.92883],[12.95477,45.9289],[12.95483,45.92898],[12.95487,45.92907],[12.95492,45.92932],[12.95498,45.92964],[12.95509,45.9299],[12.95534,45.93028],[12.95559,45.93061],[12.95591,45.93103],[12.95596,45.93108],[12.95608,45.93116],[12.95622,45.93125],[12.95657,45.93143],[12.95668,45.93147],[12.95711,45.93166],[12.9579,45.9319],[12.958,45.93195],[12.95806,45.93198],[12.95811,45.93202],[12.95819,45.9321],[12.95824,45.9322],[12.95909,45.93386],[12.9615,45.93856],[12.96212,45.93975],[12.96215,45.93982],[12.96319,45.94188],[12.96342,45.94227],[12.96362,45.94248],[12.96369,45.94255],[12.96393,45.9428],[12.96404,45.94296],[12.96467,45.94393],[12.96483,45.94413],[12.965,45.94428],[12.96523,45.94442],[12.96544,45.94451],[12.96569,45.94459],[12.96595,45.94463],[12.96618,45.94464],[12.9665,45.94463],[12.96685,45.94456],[12.96735,45.94442],[12.9678,45.94431],[12.96807,45.94428],[12.96833,45.94426],[12.96846,45.94426],[12.96865,45.94432],[12.96879,45.94439],[12.9689,45.94449],[12.96923,45.94479],[12.96942,45.94492],[12.96964,45.94503],[12.97007,45.94518],[12.97014,45.94521],[12.9706,45.94538],[12.97113,45.94563],[12.97155,45.94586],[12.97172,45.94599],[12.9718,45.94608],[12.97184,45.94618],[12.97185,45.94633],[12.97185,45.94701],[12.97185,45.94766],[12.97185,45.9477],[12.97187,45.94817],[12.97201,45.94875],[12.97211,45.94925],[12.97217,45.94952],[12.97222,45.94974]]},"properties":{"town_name":"Camino al Tagliamento / Cjamin dal Tiliment"}},{"type":"Feature","geometry":{"type":"LineString","coordinates":[[13.43825,45.89061],[13.43825,45.89058],[13.43816,45.89056],[13.4381,45.89054],[13.43813,45.89049],[13.43823,45.89033],[13.43803,45.89028],[13.43787,45.89024],[13.43534,45.88961],[13.43421,45.88894],[13.43312,45.88758],[13.43291,45.88728],[13.43279,45.88721],[13.43306,45.88604],[13.43311,45.88584],[13.43313,45.8858],[13.43323,45.88561],[13.43342,45.88535],[13.43352,45.88523],[13.43396,45.88472],[13.43443,45.88412],[13.43464,45.88385],[13.43524,45.88284],[13.43539,45.88247],[13.43554,45.882],[13.43563,45.88186],[13.43573,45.88174],[13.43579,45.88172],[13.43586,45.88169],[13.4359,45.88165],[13.43593,45.8816],[13.43593,45.88154],[13.43591,45.88149],[13.43586,45.88144],[13.43584,45.88137],[13.43583,45.88132],[13.43582,45.88119],[13.43583,45.88105],[13.43599,45.88054],[13.43637,45.87934],[13.43651,45.87879],[13.43655,45.87844],[13.43655,45.87839],[13.43654,45.87798],[13.43647,45.8776],[13.4361,45.87616],[13.43603,45.87578],[13.43597,45.87557],[13.43591,45.87535],[13.43516,45.87252],[13.43503,45.87201],[13.43498,45.87178],[13.43495,45.87156],[13.43491,45.8713],[13.4349,45.87102],[13.43491,45.8708],[13.43495,45.87057],[13.43496,45.87053],[13.43501,45.87035],[13.43508,45.87016],[13.43517,45.86996],[13.43527,45.86974],[13.43537,45.86958],[13.43552,45.86936],[13.43554,45.86932],[13.43559,45.86919],[13.43565,45.86906],[13.43565,45.86896],[13.43558,45.86887],[13.43554,45.86877],[13.43554,45.86867],[13.43545,45.86854],[13.43537,45.86848],[13.43445,45.868],[13.43429,45.8679],[13.43377,45.86755],[13.43369,45.86751],[13.43361,45.86749],[13.43355,45.86748],[13.43341,45.86749],[13.43332,45.86751],[13.43324,45.86752],[13.43309,45.86751],[13.433,45.86749],[13.43292,45.86745],[13.43285,45.8674],[13.4328,45.86733],[13.43277,45.86727],[13.43276,45.86722],[13.43276,45.86721],[13.4326,45.8671],[13.43204,45.86685],[13.43147,45.86668],[13.43141,45.86667],[13.43103,45.86665],[13.431,45.86667],[13.43097,45.86669],[13.43093,45.86671],[13.43087,45.86672],[13.43081,45.86673],[13.43075,45.86672],[13.43071,45.8667],[13.43068,45.86669],[13.43065,45.86667],[13.43062,45.86662],[13.43005,45.86662],[13.42853,45.86661],[13.42853,45.86658],[13.42853,45.86655],[13.42853,45.86653],[13.4285,45.86649],[13.42846,45.86645],[13.42841,45.86643],[13.4284,45.86643],[13.42835,45.86642],[13.42829,45.86641],[13.42823,45.86643],[13.42811,45.86635],[13.42771,45.86582]]},"properties":{"town_name":"Romans d'Isonzo / Romans dal Lusinç"}},{"type":"Feature","geometry":{"type":"LineString","coordinates":[[12.9394,46.08524],[12.93935,46.08525],[12.93907,46.08529],[12.93879,46.0853],[12.93872,46.0853],[12.93859,46.08532],[12.93786,46.08542],[12.93777,46.08548],[12.93757,46.08564],[12.93749,46.0855],[12.93746,46.08546],[12.93715,46.08514],[12.93705,46.08505],[12.93701,46.085],[12.93688,46.08496],[12.93685,46.08495],[12.93643,46.08474],[12.9364,46.08473],[12.93597,46.08451],[12.93554,46.08429],[12.93534,46.08419],[12.93517,46.08412],[12.93492,46.08402],[12.93472,46.08396],[12.93458,46.08392],[12.93442,46.08389],[12.93425,46.08387],[12.93405,46.08385],[12.93372,46.08384],[12.93351,46.08385],[12.93333,46.08387],[12.93302,46.0839],[12.93273,46.08393],[12.93246,46.08399],[12.93243,46.08402],[12.93239,46.08404],[12.93234,46.08405],[12.93229,46.08405],[12.93224,46.08405],[12.93204,46.08411],[12.93173,46.08426],[12.93046,46.08467],[12.93041,46.08468],[12.93037,46.08469],[12.91856,46.08804],[12.91429,46.08927],[12.91118,46.09013],[12.91097,46.09019],[12.91076,46.09026],[12.91058,46.09033],[12.91047,46.09038],[12.91036,46.09043],[12.9102,46.09052],[12.91009,46.09059],[12.90999,46.09065],[12.90984,46.09075],[12.90969,46.09087],[12.90958,46.09096],[12.90947,46.09107],[12.90935,46.09119],[12.90926,46.0913],[12.90913,46.09146],[12.90903,46.09161],[12.90893,46.09177],[12.90886,46.09193],[12.90882,46.09204],[12.90879,46.09215],[12.90877,46.09229],[12.90875,46.09245],[12.90874,46.09267],[12.90874,46.09295],[12.90874,46.09308],[12.90873,46.09317],[12.90871,46.09325],[12.90869,46.09336],[12.90867,46.09343],[12.90864,46.09352],[12.90859,46.09361],[12.90847,46.09381],[12.90827,46.09411],[12.90817,46.09427],[12.90812,46.09438],[12.90807,46.0945],[12.90805,46.09459],[12.90802,46.0947],[12.90796,46.0949],[12.90791,46.09505],[12.90781,46.09529],[12.90774,46.09543],[12.9077,46.09551],[12.90761,46.09563],[12.90731,46.09596],[12.90718,46.0961],[12.90706,46.09625],[12.90694,46.09641],[12.90685,46.09656],[12.90679,46.09667],[12.90673,46.09678],[12.90668,46.09691],[12.90663,46.09705],[12.90659,46.0972],[12.90654,46.09743],[12.90651,46.09764],[12.90649,46.09785],[12.90649,46.09808],[12.90651,46.09831],[12.90652,46.09848],[12.90656,46.09893],[12.90658,46.10005],[12.90661,46.10049],[12.90664,46.10091],[12.90664,46.10107],[12.90664,46.10113],[12.90664,46.10128],[12.90664,46.10143],[12.90663,46.1015],[12.90659,46.10159],[12.90654,46.10175],[12.90646,46.10191],[12.90642,46.10199],[12.90638,46.10206],[12.90634,46.10211],[12.90627,46.10216],[12.90622,46.10218],[12.90616,46.10222],[12.90611,46.10223],[12.90606,46.10224],[12.90601,46.10226],[12.90588,46.10226],[12.9058,46.10226],[12.90573,46.10225],[12.90555,46.10219],[12.90544,46.10216],[12.90534,46.10215],[12.90493,46.102]]},"properties":{"town_name":"Dignano / Dignan"}},{"type":"Feature","geometry":{"type":"LineString","coordinates":[[13.04926,45.94264],[13.04929,45.94266],[13.04958,45.94275],[13.04968,45.94279],[13.04987,45.94286],[13.04997,45.94291],[13.05007,45.94298],[13.04979,45.94309],[13.04961,45.94316],[13.04951,45.94319],[13.04942,45.94321],[13.04934,45.94321],[13.04909,45.94317],[13.04883,45.94313],[13.04868,45.94311],[13.04863,45.94311],[13.04854,45.94311],[13.04846,45.94312],[13.0484,45.94315],[13.04833,45.94319],[13.04831,45.94321],[13.04826,45.94325],[13.04822,45.9433],[13.04782,45.94384],[13.04777,45.94387],[13.04772,45.94388],[13.04772,45.94394],[13.04771,45.94397],[13.0477,45.94401],[13.04767,45.94407],[13.0476,45.94418],[13.04736,45.94452],[13.04699,45.94512],[13.04677,45.94544],[13.04658,45.9458],[13.04639,45.94585],[13.0462,45.9459],[13.0459,45.94597],[13.04559,45.94607],[13.04537,45.94615],[13.04514,45.94622],[13.04504,45.94626],[13.04492,45.94631],[13.04468,45.9464],[13.04421,45.94659],[13.04354,45.9469],[13.04334,45.94701],[13.04257,45.94741],[13.04228,45.94761],[13.04193,45.94787],[13.04154,45.94814],[13.04116,45.94835],[13.04083,45.94853],[13.04045,45.94871],[13.04017,45.94883],[13.03981,45.94894],[13.03959,45.94902],[13.03947,45.94908],[13.03875,45.94939],[13.03835,45.94966],[13.03804,45.94985],[13.03777,45.94996],[13.03687,45.95046],[13.03617,45.9508],[13.03548,45.95112],[13.03483,45.95137],[13.03445,45.95148],[13.03418,45.95156],[13.03383,45.9517],[13.03341,45.95187],[13.03302,45.95201],[13.03241,45.95236],[13.03204,45.9526],[13.03175,45.95273],[13.03135,45.95291],[13.03114,45.953],[13.03075,45.95315],[13.03065,45.95319],[13.03031,45.95338],[13.0302,45.95338],[13.03009,45.95338],[13.02988,45.95339],[13.0296,45.95342],[13.02892,45.95353],[13.02877,45.95356],[13.02871,45.95357],[13.02825,45.95363],[13.0268,45.95382],[13.02623,45.95389],[13.02562,45.95398],[13.02453,45.95416],[13.02442,45.95417],[13.02432,45.95419],[13.02376,45.95427],[13.02287,45.95441],[13.02243,45.95448],[13.02181,45.95457],[13.02159,45.95461],[13.02134,45.95465],[13.02098,45.95468],[13.02101,45.95473],[13.02043,45.95474],[13.02027,45.95466],[13.02009,45.95463],[13.01993,45.95462],[13.01965,45.95463],[13.01907,45.95458],[13.01893,45.95478],[13.01885,45.95489],[13.01866,45.955],[13.01847,45.95506],[13.01615,45.95544],[13.01474,45.95565],[13.01454,45.95567],[13.01396,45.95577],[13.01121,45.9562],[13.01089,45.95625],[13.01008,45.95636],[13.00695,45.95682],[13.00303,45.95741],[13.00168,45.95762],[13.00098,45.95772],[12.99906,45.95801],[12.99872,45.95806],[12.99748,45.95822],[12.9958,45.95846],[12.99485,45.95862],[12.99459,45.95868],[12.994,45.9588],[12.99382,45.95884],[12.99296,45.95896],[12.99196,45.9591],[12.99089,45.95926],[12.99,45.9594],[12.9891,45.95952],[12.98821,45.95965],[12.98786,45.95971],[12.9871,45.95983],[12.98566,45.96005],[12.98564,45.96012],[12.98492,45.96023],[12.98456,45.96029],[12.98459,45.96037],[12.98436,45.96041],[12.98435,45.96045],[12.98438,45.96047],[12.98459,45.96052],[12.98455,45.96061],[12.9847,45.96065],[12.98499,45.96072]]},"properties":{"town_name":"Bertiolo / Bertiûl"}},{"type":"Feature","geometry":{"type":"LineString","coordinates":[[13.4025,45.92708],[13.40251,45.92751],[13.40252,45.9276],[13.40251,45.92764],[13.40254,45.92765],[13.40267,45.92768],[13.40282,45.92772],[13.40311,45.92737],[13.40312,45.92735],[13.40317,45.92734],[13.4032,45.92734],[13.40338,45.92734],[13.40346,45.92736],[13.40349,45.92737],[13.40358,45.92741],[13.40385,45.92754],[13.40406,45.92763],[13.40417,45.92768],[13.40424,45.92771],[13.40429,45.92775],[13.4045,45.92788],[13.40453,45.92791],[13.40456,45.92794],[13.40459,45.92798],[13.40462,45.92803],[13.40464,45.92813],[13.40465,45.92823],[13.40466,45.92845],[13.40466,45.92868],[13.4047,45.92896],[13.40475,45.92915],[13.40482,45.92933],[13.40482,45.92935],[13.40488,45.92946],[13.40495,45.92956],[13.40506,45.9297],[13.40516,45.92982],[13.40529,45.92994],[13.40542,45.93006],[13.4056,45.93018],[13.40585,45.93029],[13.40586,45.93033],[13.40586,45.93037],[13.4058,45.93056],[13.40581,45.93066],[13.40586,45.9309],[13.4059,45.93102],[13.40591,45.93115],[13.40591,45.93162],[13.4059,45.93183],[13.40591,45.93211],[13.40593,45.93277],[13.40594,45.93311],[13.40595,45.93328],[13.40597,45.93344],[13.40602,45.93383],[13.40609,45.93413],[13.40612,45.93423],[13.40616,45.93433],[13.40618,45.93437],[13.40622,45.93443],[13.40651,45.93489],[13.40656,45.93496],[13.40671,45.93518],[13.40686,45.93543],[13.40703,45.93573],[13.40719,45.93609],[13.40728,45.93627],[13.4074,45.93644],[13.40744,45.93648],[13.40752,45.93651],[13.40837,45.93686],[13.40854,45.93694],[13.40865,45.93698],[13.40878,45.93702],[13.40891,45.93705],[13.40901,45.93708],[13.40905,45.9371],[13.40915,45.93715],[13.40923,45.93722],[13.40928,45.93727],[13.40933,45.93734],[13.40936,45.9374],[13.40938,45.93759],[13.4094,45.93765],[13.40946,45.9377],[13.40952,45.93773],[13.4096,45.93775],[13.40972,45.93776],[13.40979,45.93777],[13.40982,45.93781],[13.40991,45.93786],[13.41009,45.93797],[13.41033,45.93812],[13.41057,45.93825],[13.41075,45.93834],[13.41128,45.9387],[13.41142,45.93875],[13.41153,45.93878],[13.41166,45.93881],[13.41179,45.93881],[13.41193,45.93882],[13.41221,45.9388],[13.41244,45.93881],[13.41266,45.93886],[13.41357,45.93915],[13.41401,45.93929],[13.41447,45.93943],[13.4145,45.93945],[13.41451,45.93948],[13.4145,45.93951],[13.41426,45.93987],[13.41402,45.94022],[13.41396,45.94039],[13.41383,45.94087],[13.41369,45.94134],[13.41366,45.94147],[13.41364,45.9416],[13.41364,45.94171],[13.41366,45.94182],[13.41371,45.94203],[13.41381,45.94222],[13.41393,45.94239],[13.41404,45.94256],[13.41417,45.94276],[13.41446,45.94313],[13.4145,45.94321],[13.41454,45.94329],[13.41457,45.94346],[13.41458,45.94362],[13.41458,45.94376],[13.41457,45.94391],[13.41435,45.9446],[13.41414,45.9453],[13.41415,45.94566],[13.4141,45.94598],[13.41405,45.9462],[13.41402,45.94637],[13.41398,45.94646],[13.41382,45.94721],[13.4138,45.94733],[13.41383,45.94746],[13.41387,45.9476],[13.41401,45.94788],[13.41412,45.94817],[13.41416,45.94826],[13.41434,45.94865],[13.41462,45.94905],[13.41478,45.94926],[13.41498,45.94946],[13.41519,45.94968],[13.41539,45.94987],[13.41547,45.94995],[13.41576,45.9502],[13.41583,45.95031],[13.41584,45.95033],[13.41587,45.95055],[13.41591,45.95088],[13.41598,45.95114],[13.41607,45.95154],[13.41638,45.9523],[13.41662,45.9529],[13.41657,45.95297],[13.4167,45.95304],[13.41689,45.95335],[13.41701,45.95364],[13.4172,45.95412],[13.41743,45.95472],[13.41731,45.95474],[13.41737,45.95492]]},"properties":{"town_name":"Chiopris Viscone"}},{"type":"Feature","geometry":{"type":"LineString","coordinates":[[13.47934,46.03132],[13.47938,46.03142],[13.47883,46.03151],[13.47831,46.03164],[13.47752,46.03186],[13.47708,46.03192],[13.47686,46.03189],[13.4767,46.03185],[13.47638,46.03162],[13.47618,46.03155],[13.47592,46.0316],[13.47564,46.03168],[13.47544,46.03179],[13.47523,46.03178],[13.47486,46.03185],[13.47434,46.03183],[13.47423,46.03184],[13.47414,46.03185],[13.474,46.03187],[13.47389,46.0319],[13.4738,46.03195],[13.47379,46.03198],[13.47382,46.03201],[13.47421,46.03234],[13.47425,46.03243],[13.47423,46.03247],[13.47421,46.03254],[13.47415,46.03264],[13.47392,46.0328],[13.47385,46.03288],[13.47383,46.03301],[13.47382,46.03313],[13.47379,46.03317],[13.47371,46.0332],[13.47331,46.03332],[13.4722,46.03376],[13.47195,46.03395],[13.47175,46.03403],[13.47139,46.03415],[13.47109,46.03419],[13.47057,46.03453],[13.47048,46.03447],[13.47005,46.03386],[13.4698,46.03397],[13.46973,46.0347],[13.46962,46.03482],[13.46958,46.03502],[13.46932,46.03551],[13.46943,46.0361],[13.46978,46.03634],[13.46965,46.03703],[13.46986,46.03726],[13.46975,46.03762],[13.47003,46.0385],[13.46941,46.03913],[13.46911,46.03931],[13.46916,46.03952],[13.46868,46.03982],[13.46774,46.03984],[13.46761,46.04013],[13.46745,46.04042],[13.46719,46.04061],[13.46659,46.04083],[13.46616,46.0409],[13.46588,46.04084],[13.46538,46.04055],[13.46483,46.0405],[13.46453,46.04054],[13.46435,46.04065],[13.46397,46.04125],[13.46397,46.0413],[13.46337,46.04049],[13.46316,46.04034],[13.46287,46.04023],[13.46263,46.04005],[13.46241,46.03982],[13.46223,46.03974],[13.46215,46.03967],[13.46192,46.03936],[13.46185,46.0393],[13.46163,46.0391],[13.4612,46.03877],[13.46079,46.03858],[13.46009,46.03809],[13.45958,46.03786],[13.45944,46.03785],[13.45892,46.03802],[13.45862,46.03806],[13.45828,46.03802],[13.45782,46.03787],[13.45746,46.03779],[13.45718,46.03767],[13.45649,46.03727],[13.45635,46.0372],[13.45612,46.03713],[13.45588,46.03706],[13.45569,46.03694],[13.45543,46.03674],[13.45523,46.03664],[13.45496,46.03658],[13.45469,46.03657],[13.4544,46.03659],[13.4542,46.03662],[13.45404,46.03668],[13.45381,46.03686],[13.45363,46.03696],[13.45343,46.03704],[13.45319,46.03707],[13.45272,46.03717],[13.4526,46.03722],[13.45257,46.03726],[13.45058,46.03812],[13.45049,46.03832],[13.45041,46.03875],[13.45037,46.03884],[13.45029,46.03892],[13.45018,46.03899],[13.45005,46.03903],[13.44995,46.03905],[13.44982,46.03907],[13.44976,46.03908],[13.4494,46.03927],[13.44919,46.03951],[13.44917,46.03956],[13.44867,46.04101],[13.44861,46.0411],[13.44851,46.04115],[13.44849,46.04119],[13.44837,46.04176],[13.44822,46.04235],[13.44822,46.04246],[13.44684,46.04237],[13.44674,46.04242],[13.44666,46.04248],[13.44641,46.04354],[13.44632,46.04365],[13.44627,46.04368],[13.44619,46.04371],[13.44563,46.04391],[13.44553,46.04392],[13.44524,46.04391],[13.44447,46.04386],[13.44433,46.04387],[13.44422,46.04393],[13.44418,46.04403],[13.44422,46.04463],[13.44419,46.04473],[13.44413,46.04484],[13.4439,46.04509],[13.44371,46.0453],[13.44329,46.04578],[13.44302,46.04618],[13.44287,46.0465],[13.44269,46.0469],[13.44261,46.04723],[13.44258,46.04747],[13.44253,46.04771],[13.44243,46.04785],[13.4421,46.04806],[13.442,46.04821],[13.44189,46.04863],[13.44109,46.04855],[13.43805,46.04821],[13.43779,46.04819],[13.43745,46.04818],[13.43744,46.048],[13.4349,46.04799],[13.43484,46.04807],[13.4347,46.04818],[13.43458,46.04837],[13.43444,46.04862],[13.43416,46.04893],[13.43393,46.04915],[13.43379,46.04925],[13.43329,46.04953],[13.43239,46.04995],[13.43188,46.05026],[13.43157,46.05037],[13.43123,46.05043],[13.43081,46.05038],[13.43026,46.05028],[13.42997,46.05026],[13.42953,46.05028],[13.4286,46.05035],[13.42831,46.05036],[13.42803,46.05034],[13.42682,46.05014],[13.42519,46.05019],[13.42448,46.05026],[13.42388,46.05036],[13.4237,46.05044],[13.42381,46.05051],[13.42403,46.05067],[13.42404,46.05068]]},"properties":{"town_name":"Dolegna del Collio / Dolegna dal Cuei / Dolenje v Brdi"}},{"type":"Feature","geometry":{"type":"LineString","coordinates":[[13.47938,46.04587],[13.47923,46.04585],[13.479,46.04585],[13.47881,46.04585],[13.47849,46.04584],[13.47836,46.0458],[13.47831,46.04569],[13.47764,46.04571],[13.47743,46.04578],[13.47735,46.04589],[13.47723,46.04617],[13.4771,46.04646],[13.47704,46.04661],[13.47679,46.04686],[13.47661,46.04702],[13.47641,46.04721],[13.47608,46.0474],[13.47577,46.04761],[13.4757,46.04768],[13.47561,46.04771],[13.47536,46.04785],[13.47474,46.04815],[13.47433,46.04842],[13.47429,46.04847],[13.47415,46.04869],[13.47398,46.04888],[13.47308,46.04948],[13.47298,46.04959],[13.47281,46.04955],[13.47255,46.04952],[13.47208,46.04948],[13.47168,46.04943],[13.47135,46.04942],[13.47074,46.04941],[13.47053,46.0494],[13.47034,46.0494],[13.4702,46.04936],[13.47006,46.04957],[13.47,46.04974],[13.47002,46.04992],[13.46999,46.0501],[13.47011,46.05056],[13.47014,46.05085],[13.4701,46.05097],[13.46972,46.05128],[13.4693,46.05142],[13.4689,46.05154],[13.46872,46.05163],[13.4686,46.05161],[13.46859,46.05171],[13.46861,46.05196],[13.46846,46.05203],[13.46819,46.05205],[13.46787,46.05196],[13.4676,46.05194],[13.46731,46.052],[13.46701,46.05199],[13.46553,46.05154],[13.46497,46.05133],[13.46443,46.05123],[13.46414,46.0511],[13.46382,46.05103],[13.46333,46.05105],[13.46289,46.05118],[13.4626,46.05125],[13.46244,46.05127],[13.46224,46.05124],[13.46196,46.05168],[13.46182,46.05208],[13.46186,46.05239],[13.46199,46.05326],[13.46194,46.05348],[13.46186,46.05357],[13.46171,46.05367],[13.46119,46.05393],[13.46087,46.05412],[13.46072,46.05421],[13.46057,46.05429],[13.46052,46.05432],[13.46035,46.05445],[13.46015,46.05463],[13.45782,46.05728],[13.45759,46.05749],[13.45741,46.0576],[13.45673,46.05794],[13.4566,46.05768],[13.45632,46.05691],[13.45604,46.05638],[13.45538,46.05554],[13.4548,46.05491],[13.45415,46.05428],[13.45366,46.0539],[13.45347,46.05375],[13.4519,46.05244],[13.45178,46.05236],[13.45166,46.05229],[13.45146,46.0522],[13.45114,46.05209],[13.44989,46.05165],[13.44967,46.05157],[13.44952,46.05151],[13.44945,46.05148],[13.44931,46.05139],[13.44786,46.05007],[13.44774,46.04998],[13.44759,46.04988],[13.44745,46.04984],[13.4473,46.04981],[13.44652,46.04975],[13.4464,46.04975],[13.44578,46.04971],[13.44551,46.04969],[13.44535,46.04968],[13.44512,46.04964],[13.445,46.04961],[13.44484,46.04957],[13.44468,46.04952],[13.44453,46.04945],[13.44389,46.04916],[13.4436,46.04907],[13.44241,46.04875],[13.44207,46.04867],[13.44189,46.04863],[13.44109,46.04855],[13.43805,46.04821],[13.43779,46.04819],[13.43745,46.04818],[13.43744,46.048],[13.4349,46.04799],[13.43484,46.04807],[13.4347,46.04818],[13.43458,46.04837],[13.43444,46.04862],[13.43416,46.04893],[13.43393,46.04915],[13.43379,46.04925],[13.43329,46.04953],[13.43239,46.04995],[13.43188,46.05026],[13.43157,46.05037],[13.43123,46.05043],[13.43081,46.05038],[13.43026,46.05028],[13.42997,46.05026],[13.42953,46.05028],[13.4286,46.05035],[13.42831,46.05036],[13.42803,46.05034],[13.42682,46.05014],[13.42519,46.05019],[13.42448,46.05026],[13.42388,46.05036],[13.4237,46.05044],[13.42381,46.05051],[13.42403,46.05067],[13.42404,46.05068]]},"properties":{"town_name":"Prepotto / Prapotno / Prepot"}},{"type":"Feature","geometry":{"type":"LineString","coordinates":[[13.48415,46.17303],[13.48414,46.17308],[13.48425,46.17321],[13.48467,46.17317],[13.48489,46.17317],[13.48513,46.17317],[13.48534,46.17317],[13.48558,46.17315],[13.48571,46.17311],[13.48585,46.17306],[13.48615,46.17284],[13.48637,46.17265],[13.48758,46.17167],[13.48826,46.17112],[13.48882,46.17058],[13.48907,46.17024],[13.48915,46.17004],[13.48918,46.16999],[13.48926,46.16981],[13.48942,46.16945],[13.4895,46.16923],[13.48951,46.1691],[13.48949,46.16895],[13.48948,46.16884],[13.48943,46.16856],[13.48939,46.16845],[13.48954,46.16844],[13.48989,46.16846],[13.49015,46.16849],[13.49007,46.16838],[13.49004,46.16828],[13.49006,46.16822],[13.49002,46.16816],[13.49002,46.16807],[13.48996,46.16803],[13.48996,46.16796],[13.49,46.16794],[13.49005,46.16792],[13.49011,46.16791],[13.49032,46.16787],[13.49062,46.16786],[13.49079,46.16785],[13.49077,46.16765],[13.49081,46.16744],[13.49089,46.16734],[13.49106,46.16719],[13.4913,46.16718],[13.49122,46.16696],[13.4913,46.1668],[13.49145,46.16672],[13.49146,46.1665],[13.49161,46.16626],[13.49163,46.16607],[13.49173,46.16589],[13.49184,46.16566],[13.49197,46.16537],[13.49215,46.1654],[13.49253,46.16565],[13.49289,46.16586],[13.49316,46.16613],[13.49331,46.16635],[13.49337,46.16644],[13.4934,46.16662],[13.49349,46.16683],[13.49359,46.16686],[13.49366,46.16681],[13.49401,46.1668],[13.49443,46.16666],[13.49468,46.16645],[13.49489,46.16647],[13.49496,46.1666],[13.49527,46.16666],[13.4957,46.16646],[13.49578,46.16626],[13.4963,46.16587],[13.49666,46.16548],[13.49752,46.16477],[13.49796,46.16451],[13.49808,46.16454],[13.49822,46.16454],[13.49836,46.16454],[13.49851,46.16452],[13.49862,46.16451],[13.49874,46.16444],[13.49887,46.16437],[13.49897,46.16419],[13.49907,46.16411],[13.49916,46.16402],[13.49929,46.16393],[13.49956,46.16366],[13.49987,46.16337],[13.50017,46.16319],[13.50032,46.16307],[13.50067,46.16289],[13.50143,46.1625],[13.50214,46.16236],[13.50224,46.16238],[13.50262,46.16246],[13.50333,46.16248],[13.50479,46.16238],[13.50585,46.16233],[13.50636,46.16237],[13.50656,46.16246],[13.50673,46.16252],[13.5069,46.16254],[13.50712,46.16255],[13.50732,46.16253],[13.50823,46.16248],[13.50855,46.16251],[13.50868,46.16254],[13.50881,46.16258],[13.50883,46.16252],[13.50886,46.16245],[13.50895,46.16246],[13.50908,46.16244],[13.50921,46.16242],[13.50931,46.16241],[13.50956,46.16231],[13.50969,46.16229],[13.50982,46.16224],[13.50996,46.16221],[13.51013,46.1622],[13.51036,46.16216],[13.51059,46.16216],[13.51072,46.16218],[13.51092,46.1622],[13.51105,46.16213],[13.51118,46.16209],[13.51136,46.16211],[13.51155,46.1621],[13.5117,46.16214],[13.51185,46.16217],[13.51199,46.16218],[13.51224,46.16229],[13.51244,46.16241],[13.51257,46.16251],[13.51261,46.16258],[13.51274,46.16261],[13.51291,46.16264],[13.5131,46.1626],[13.51328,46.16254],[13.51339,46.16251],[13.51348,46.16251],[13.51353,46.16252],[13.51358,46.16252],[13.51377,46.16244],[13.514,46.16228],[13.51438,46.16217],[13.51453,46.16213],[13.51477,46.16214],[13.51495,46.1622],[13.51512,46.16221],[13.51537,46.16216],[13.51568,46.16211],[13.516,46.16204],[13.51636,46.16191],[13.51663,46.16187],[13.51675,46.16188],[13.51707,46.16192],[13.51739,46.16203],[13.51743,46.16204],[13.5175,46.16202],[13.51757,46.16196],[13.51793,46.16186],[13.51818,46.16182],[13.51833,46.16177],[13.51844,46.1617],[13.51858,46.16168],[13.51877,46.16162],[13.51885,46.1616],[13.51884,46.16156],[13.51873,46.16151],[13.51865,46.16143],[13.51858,46.16137],[13.51854,46.16132],[13.51852,46.16128],[13.51851,46.16123],[13.51851,46.16111],[13.51852,46.1611],[13.51867,46.16111],[13.51871,46.16111],[13.51871,46.16108],[13.5187,46.16105],[13.51871,46.16101],[13.51871,46.16099],[13.51872,46.16097],[13.51874,46.16095],[13.51876,46.16092],[13.51874,46.16089],[13.51872,46.16086],[13.51871,46.16082],[13.51885,46.16082],[13.51908,46.16081],[13.51921,46.16079],[13.51934,46.16076],[13.51983,46.16059],[13.51985,46.16056],[13.51988,46.16051],[13.5199,46.16043],[13.51992,46.16037],[13.51997,46.16024],[13.51997,46.1602],[13.51997,46.16016],[13.51997,46.16011],[13.52001,46.16009],[13.52016,46.16002],[13.52025,46.15997],[13.52035,46.1599],[13.52042,46.15985],[13.52052,46.15977],[13.52068,46.15967],[13.52082,46.15959],[13.52092,46.15952],[13.52101,46.15947],[13.52111,46.15937],[13.52121,46.1593],[13.52134,46.15924],[13.52151,46.15923],[13.52173,46.15924],[13.52195,46.15926],[13.5221,46.15927],[13.52226,46.15927],[13.52232,46.15926],[13.52245,46.15922],[13.52253,46.15917],[13.52263,46.15909],[13.5227,46.15902],[13.52271,46.15899],[13.52273,46.15895],[13.5228,46.1589],[13.52288,46.15886],[13.52304,46.1588],[13.52312,46.15877],[13.52321,46.15874],[13.52331,46.15869],[13.5234,46.15867],[13.52349,46.15865],[13.52355,46.15862],[13.52361,46.15855],[13.52363,46.15847],[13.5237,46.15843],[13.52377,46.15838],[13.52386,46.15828],[13.52398,46.1582],[13.5241,46.15815],[13.52419,46.15814],[13.52425,46.15813],[13.52433,46.15814],[13.52435,46.15821],[13.52433,46.15832],[13.52435,46.15837],[13.52436,46.15841],[13.52442,46.15843],[13.52452,46.15852],[13.52455,46.15858],[13.52459,46.15862],[13.52465,46.15867],[13.5247,46.15869],[13.52474,46.15871],[13.52483,46.15878],[13.52497,46.15887],[13.52508,46.15889],[13.52526,46.15895],[13.52535,46.15897],[13.52547,46.15897],[13.52556,46.15892],[13.5256,46.15884],[13.52573,46.15882],[13.52586,46.15878],[13.52599,46.15877],[13.52618,46.15874],[13.52626,46.1587],[13.52627,46.15866],[13.52625,46.15862],[13.5262,46.1586],[13.52615,46.15859],[13.52603,46.15858],[13.5259,46.15854],[13.52578,46.1585],[13.5257,46.15845],[13.52567,46.1584],[13.52566,46.15835],[13.52567,46.1583],[13.52567,46.15825],[13.52566,46.15819],[13.52565,46.15813],[13.52567,46.15807],[13.52568,46.15797],[13.52567,46.15788],[13.52564,46.15777],[13.52561,46.15768],[13.52554,46.15762],[13.5255,46.15755],[13.52547,46.15751],[13.52549,46.15746],[13.52551,46.15743],[13.52556,46.15742],[13.52563,46.15744],[13.52566,46.15749],[13.52571,46.15756],[13.52582,46.15764],[13.5259,46.15771],[13.52595,46.15776],[13.526,46.15787],[13.52605,46.15795],[13.52609,46.15799],[13.52617,46.15801],[13.52627,46.15799],[13.52641,46.15794],[13.52652,46.15789],[13.52656,46.15786],[13.52666,46.15784],[13.52676,46.15788],[13.52686,46.15793],[13.52693,46.15798],[13.52711,46.15811],[13.52728,46.15821],[13.52746,46.15829],[13.52762,46.15832],[13.5277,46.1583],[13.52783,46.15828],[13.52796,46.15824],[13.52803,46.15823],[13.52812,46.15824],[13.52817,46.1583],[13.5282,46.15837],[13.52822,46.15843],[13.52821,46.15851],[13.52815,46.15866],[13.52804,46.15876],[13.52797,46.15885],[13.52794,46.15894],[13.52793,46.15906],[13.52799,46.15917],[13.52782,46.15947],[13.52776,46.15957],[13.52768,46.15964],[13.52765,46.15968],[13.52768,46.15974],[13.52774,46.15975],[13.52779,46.15974],[13.52792,46.1597],[13.52808,46.15967],[13.52814,46.15962],[13.52826,46.15956],[13.52831,46.1595],[13.52835,46.15948],[13.52842,46.15944],[13.52852,46.15941],[13.52862,46.15938],[13.52869,46.15937],[13.52876,46.15938],[13.52891,46.15941],[13.52908,46.15945],[13.52912,46.15947],[13.52926,46.1594],[13.52936,46.15934],[13.52945,46.15927],[13.52972,46.15904],[13.5298,46.15897],[13.52999,46.15881],[13.53007,46.15873],[13.53014,46.1587],[13.53022,46.15868],[13.53073,46.15858],[13.53085,46.15855],[13.53097,46.1585],[13.53105,46.15846],[13.53123,46.15851],[13.53243,46.15856],[13.53257,46.1585],[13.53286,46.15841],[13.53293,46.15846],[13.53309,46.15856]]},"properties":{"town_name":"Pulfero"}},{"type":"Feature","geometry":{"type":"LineString","coordinates":[[11.68158,46.71865],[11.68152,46.71872],[11.6812,46.719],[11.6811,46.71905],[11.68078,46.71913],[11.68067,46.71917],[11.68058,46.71923],[11.6805,46.71929],[11.68045,46.71936],[11.68039,46.71946],[11.68032,46.71964],[11.68029,46.71978],[11.68028,46.71986],[11.68029,46.71997],[11.68041,46.72022],[11.68054,46.72039],[11.6808,46.72052],[11.68086,46.72058],[11.68089,46.72063],[11.68087,46.72068],[11.68084,46.72073],[11.68079,46.72079],[11.68071,46.72086],[11.68053,46.72094],[11.68045,46.72099],[11.68038,46.72105],[11.68035,46.72112],[11.68034,46.72118],[11.68038,46.72127],[11.6805,46.72139],[11.68052,46.72144],[11.68051,46.72147],[11.6805,46.72149],[11.68039,46.72158],[11.68034,46.72163],[11.68031,46.72171],[11.68026,46.722],[11.68025,46.72203],[11.68023,46.72206],[11.68019,46.72208],[11.68013,46.72208],[11.68009,46.72207],[11.68007,46.72205],[11.68006,46.722],[11.68003,46.72171],[11.68002,46.72166],[11.68,46.72163],[11.67995,46.72157],[11.67986,46.72152],[11.6798,46.72147],[11.67976,46.72141],[11.67974,46.72135],[11.67978,46.72125],[11.67984,46.72118],[11.67985,46.72115],[11.67984,46.72112],[11.67982,46.72109],[11.67974,46.72107],[11.67947,46.72101],[11.67933,46.72098],[11.67911,46.72091],[11.67896,46.72088],[11.67882,46.72085],[11.67871,46.72081],[11.67863,46.72075],[11.67855,46.72067],[11.67848,46.7206],[11.67818,46.72038],[11.67779,46.72017],[11.67751,46.71999],[11.67744,46.71995],[11.67734,46.71992],[11.67708,46.71988],[11.67699,46.7199],[11.67689,46.7199],[11.67676,46.71989],[11.67668,46.71985],[11.67664,46.71979],[11.67662,46.71976],[11.67662,46.71973],[11.6766,46.7197],[11.67656,46.71969],[11.67651,46.7197],[11.67649,46.71974],[11.67649,46.7198],[11.67657,46.72016],[11.67656,46.72019],[11.67653,46.72021],[11.67647,46.72021],[11.67643,46.72019],[11.67595,46.71977],[11.67593,46.71974],[11.67593,46.71971],[11.67593,46.71968],[11.67591,46.71966],[11.67587,46.71964],[11.67583,46.71964],[11.6758,46.71966],[11.67578,46.71969],[11.67578,46.71979],[11.67588,46.72005],[11.67589,46.72008],[11.67588,46.72012],[11.67585,46.72014],[11.6758,46.72015],[11.67575,46.72013],[11.67537,46.71977],[11.67531,46.7197],[11.67529,46.71967],[11.67528,46.71963],[11.67527,46.7196],[11.67525,46.71959],[11.67523,46.71958],[11.67521,46.71959],[11.67519,46.71961],[11.67519,46.71965],[11.67526,46.72034],[11.67527,46.7204],[11.67532,46.72047],[11.67537,46.72052],[11.67545,46.72057],[11.67551,46.72061],[11.67555,46.72065],[11.67591,46.7212],[11.67611,46.72132],[11.67613,46.72135],[11.67614,46.72139],[11.67613,46.72142],[11.67611,46.72144],[11.6759,46.72132],[11.67479,46.72071],[11.6747,46.72065],[11.67462,46.72058],[11.67456,46.7205],[11.67454,46.72048],[11.67452,46.72045],[11.67393,46.71932],[11.67392,46.71926],[11.67392,46.7192],[11.67396,46.71909],[11.67403,46.71898],[11.67416,46.71891],[11.6743,46.71887],[11.67458,46.71881],[11.67466,46.71879],[11.67474,46.71874],[11.6748,46.71868],[11.67483,46.71859],[11.67483,46.7185],[11.67481,46.71845],[11.67476,46.7184],[11.67461,46.71827],[11.67436,46.71805],[11.67428,46.71798],[11.67422,46.71791],[11.67417,46.71782],[11.67414,46.71772],[11.67404,46.71719],[11.67398,46.7171],[11.67391,46.71703],[11.67382,46.71696],[11.67376,46.71692],[11.67367,46.71689],[11.6732,46.71677],[11.67309,46.71673],[11.67302,46.71669],[11.67298,46.71664],[11.67287,46.7163],[11.6728,46.7162],[11.67272,46.71615],[11.67262,46.71611],[11.67253,46.7161],[11.67239,46.7161],[11.67214,46.71612],[11.67146,46.71619],[11.67135,46.7162],[11.67124,46.71618],[11.67013,46.71578],[11.67006,46.71575],[11.66914,46.71542],[11.66877,46.71529],[11.66869,46.71527],[11.66858,46.71526],[11.66842,46.71525],[11.66827,46.71526],[11.66812,46.71529],[11.66742,46.71552],[11.66697,46.71566],[11.66681,46.71569],[11.66623,46.7157],[11.666,46.71573],[11.6659,46.71574],[11.66589,46.71568],[11.6659,46.71552],[11.66589,46.71546],[11.66574,46.71526],[11.66565,46.71515],[11.6656,46.71499],[11.66553,46.71492],[11.66552,46.7148],[11.66544,46.71467],[11.66547,46.71461],[11.66569,46.71449],[11.66578,46.71446],[11.66583,46.71442],[11.6659,46.71437],[11.66587,46.71436],[11.66585,46.71427],[11.66582,46.71418],[11.66577,46.71406],[11.66557,46.71396],[11.66545,46.7139],[11.66539,46.71388],[11.66528,46.71384],[11.6652,46.71382],[11.66509,46.71379],[11.6651,46.71354],[11.66509,46.71321],[11.66503,46.71281],[11.66505,46.71273],[11.66469,46.71225],[11.66429,46.71156],[11.66378,46.71084],[11.66368,46.7107],[11.66359,46.71064],[11.66344,46.71061],[11.6633,46.71062],[11.66309,46.7107],[11.66307,46.71067],[11.66293,46.71072],[11.66292,46.71071],[11.66291,46.71064],[11.66292,46.71021],[11.66262,46.70999],[11.66251,46.70992],[11.66258,46.70988],[11.66217,46.70959],[11.66204,46.70949],[11.66201,46.70944],[11.66214,46.7094],[11.66219,46.70937],[11.66222,46.70933],[11.66225,46.7093],[11.66226,46.70927],[11.66229,46.7092],[11.66232,46.70914],[11.66233,46.70908],[11.66233,46.70903],[11.66233,46.70897],[11.66232,46.70892],[11.66231,46.70887],[11.66228,46.70882],[11.66294,46.70868],[11.66298,46.70869],[11.66314,46.70907],[11.6631,46.70908],[11.66294,46.70871],[11.66255,46.70878],[11.66256,46.7088],[11.66234,46.70884],[11.66235,46.70887],[11.66236,46.70889],[11.66236,46.70892],[11.66237,46.70894],[11.66237,46.70897],[11.66237,46.709],[11.66237,46.70902],[11.66237,46.70905]]},"properties":{"town_name":"Kirchbach"}},{"type":"Feature","geometry":{"type":"LineString","coordinates":[[11.39939,45.86346],[11.39922,45.86339],[11.39889,45.86318],[11.39922,45.86293],[11.40007,45.86219],[11.40032,45.86224],[11.4006,45.8621],[11.40085,45.86193],[11.40099,45.86184],[11.40123,45.86165],[11.40152,45.86142],[11.40175,45.86125],[11.40185,45.86116],[11.40193,45.86109],[11.402,45.86097],[11.40206,45.86092],[11.40215,45.86087],[11.40229,45.86079],[11.40248,45.86064],[11.40259,45.86056],[11.40279,45.86047],[11.40308,45.86035],[11.40328,45.86027],[11.40347,45.86022],[11.4038,45.86018],[11.40389,45.86015],[11.40387,45.86004],[11.40376,45.85997],[11.40369,45.85986],[11.40362,45.8598],[11.4035,45.85976],[11.40341,45.85967],[11.40342,45.85951],[11.40349,45.85929],[11.40356,45.85913],[11.40356,45.85895],[11.40372,45.85876],[11.40388,45.85862],[11.40398,45.85842],[11.40413,45.85808],[11.40418,45.8579],[11.40431,45.85783],[11.40443,45.8578],[11.4046,45.85758],[11.40469,45.85767],[11.4048,45.85759],[11.40496,45.85743],[11.40519,45.85731],[11.40529,45.85726],[11.40542,45.85727],[11.40556,45.85731],[11.40569,45.85735],[11.40606,45.85743],[11.40639,45.85741],[11.40645,45.8574],[11.40657,45.8575],[11.40673,45.85762],[11.40719,45.85778],[11.40725,45.85792],[11.40735,45.85789],[11.40737,45.8579],[11.4074,45.85792],[11.40746,45.85792],[11.4076,45.85792],[11.4077,45.85782],[11.40781,45.85766],[11.40803,45.85757],[11.40821,45.85748],[11.40853,45.85735],[11.40875,45.85729],[11.40878,45.85728],[11.40911,45.85719],[11.40942,45.85704],[11.40959,45.85707],[11.40975,45.85703],[11.40984,45.85705],[11.40994,45.85698],[11.41011,45.85692],[11.41012,45.85686],[11.41027,45.85684],[11.41037,45.85683],[11.41066,45.85686],[11.41082,45.85669],[11.41077,45.8566],[11.41078,45.85635],[11.41082,45.85625],[11.41082,45.85613],[11.41101,45.85603],[11.41119,45.85606],[11.41127,45.85611],[11.41161,45.85617],[11.41181,45.85615],[11.41211,45.8561],[11.41225,45.85613],[11.41226,45.85618],[11.41241,45.85627],[11.41252,45.85637],[11.41271,45.85639],[11.41289,45.85641],[11.41311,45.85652],[11.41309,45.85658],[11.41313,45.85673],[11.41319,45.85681],[11.41332,45.85696],[11.41342,45.85701],[11.41346,45.85706],[11.41384,45.85713],[11.41441,45.85724],[11.41453,45.85731],[11.41477,45.85742],[11.41486,45.85748],[11.41514,45.85745],[11.41512,45.85726],[11.41551,45.85734],[11.41551,45.85715],[11.41594,45.85736],[11.41613,45.85772],[11.41668,45.85776],[11.41683,45.85755],[11.41714,45.85731],[11.41775,45.85746],[11.41794,45.85741],[11.41712,45.85687],[11.41676,45.85644],[11.41628,45.85587],[11.41579,45.8554],[11.41536,45.85472],[11.41592,45.85461],[11.41558,45.85446],[11.41592,45.85441],[11.41558,45.85408],[11.41586,45.85402],[11.41567,45.85383],[11.41567,45.85352],[11.41611,45.85339],[11.41591,45.85306],[11.41656,45.85287],[11.41558,45.8522],[11.41582,45.85203],[11.41481,45.85178],[11.41543,45.85141],[11.41462,45.85108],[11.41466,45.85074],[11.41379,45.85047],[11.4138,45.85018],[11.41335,45.84988],[11.41274,45.84962],[11.4126,45.84952],[11.41287,45.84915],[11.41281,45.84881],[11.41261,45.84823],[11.41178,45.84792],[11.41123,45.84772],[11.41084,45.84758],[11.41065,45.84741],[11.41067,45.8472],[11.41064,45.84679],[11.41066,45.84635],[11.41087,45.84638],[11.4111,45.84641],[11.41136,45.84654],[11.4115,45.84663],[11.41165,45.84668],[11.41181,45.84666],[11.41193,45.84659],[11.41209,45.84651],[11.41227,45.84646],[11.41269,45.84646],[11.41298,45.84659],[11.41404,45.84684],[11.41519,45.84711],[11.41556,45.8472],[11.41606,45.84711],[11.41662,45.84697],[11.41741,45.8466],[11.41774,45.84652],[11.41802,45.84648],[11.41835,45.84642],[11.41863,45.8463],[11.4188,45.84604],[11.41897,45.84553],[11.4193,45.84455],[11.41961,45.84374],[11.41977,45.84327],[11.42007,45.84274],[11.4202,45.84245],[11.42025,45.84222],[11.42026,45.84188],[11.42028,45.84172],[11.4205,45.84121],[11.42079,45.8408],[11.42082,45.84071],[11.42084,45.84061],[11.42089,45.84047],[11.42093,45.84042],[11.4209,45.84041],[11.42088,45.8404],[11.42087,45.84038],[11.42087,45.84036],[11.42087,45.84035],[11.42088,45.84033],[11.42087,45.84024],[11.42087,45.84019],[11.42088,45.84014]]},"properties":{"town_name":"Rotzo"}},{"type":"Feature","geometry":{"type":"LineString","coordinates":[[13.33815,46.50282],[13.3382,46.50299],[13.33816,46.5032],[13.33798,46.50378],[13.33775,46.50439],[13.33758,46.50485],[13.33752,46.50509],[13.3375,46.50524],[13.33739,46.50547],[13.33723,46.50574],[13.33706,46.50613],[13.33702,46.50622],[13.33697,46.50643],[13.33693,46.50657],[13.33683,46.50693],[13.33675,46.50703],[13.33677,46.50714],[13.33685,46.50729],[13.33686,46.50746],[13.33683,46.50755],[13.33683,46.50764],[13.33693,46.50774],[13.33707,46.50799],[13.33723,46.50802],[13.33789,46.5082],[13.33868,46.5083],[13.33983,46.50835],[13.34029,46.50838],[13.34056,46.50844],[13.34079,46.50844],[13.34108,46.50842],[13.34135,46.50846],[13.34152,46.50852],[13.34165,46.50855],[13.34207,46.5085],[13.34225,46.50856],[13.34205,46.50864],[13.34183,46.50873],[13.34089,46.50913],[13.34077,46.50918],[13.3407,46.50921],[13.33945,46.50975],[13.33883,46.51001],[13.33768,46.51049],[13.33728,46.51066],[13.33693,46.51079],[13.33665,46.51087],[13.33631,46.51095],[13.33599,46.51101],[13.3358,46.51103],[13.33558,46.51105],[13.3353,46.51106],[13.33512,46.51105],[13.3349,46.51104],[13.33468,46.51101],[13.33443,46.51096],[13.33396,46.51084],[13.33359,46.51074],[13.33314,46.51061],[13.33254,46.51043],[13.33229,46.51036],[13.33198,46.51029],[13.33171,46.51023],[13.32594,46.50938],[13.32544,46.50931],[13.3252,46.50927],[13.32492,46.50924],[13.32445,46.50919],[13.32298,46.50903],[13.32221,46.50895],[13.32073,46.50882],[13.3197,46.50872],[13.31866,46.50862],[13.31657,46.5084],[13.31559,46.50839],[13.31485,46.50832],[13.31268,46.5081],[13.31246,46.50808],[13.31231,46.50807],[13.31149,46.50799],[13.31129,46.50797],[13.3108,46.50792],[13.31074,46.50792],[13.31049,46.50789],[13.31037,46.50788],[13.30997,46.50784],[13.30988,46.50784],[13.30953,46.50781],[13.30928,46.50777],[13.30916,46.50776],[13.30906,46.50773],[13.30889,46.50765],[13.30855,46.50751],[13.30819,46.50735],[13.30791,46.50724],[13.3078,46.50721],[13.30762,46.50715],[13.30748,46.50709],[13.30736,46.50702],[13.30734,46.50701],[13.30726,46.50695],[13.30713,46.50688],[13.30705,46.50684],[13.30701,46.50682],[13.30697,46.5068],[13.30685,46.50676],[13.30659,46.50667],[13.30659,46.50667]]},"properties":{"town_name":"Brda"}},{"type":"Feature","geometry":{"type":"LineString","coordinates":[[12.58055,45.59745],[12.58031,45.59753],[12.57973,45.59772],[12.57946,45.59781],[12.57934,45.59787],[12.5793,45.59789],[12.57936,45.59794],[12.57939,45.59797],[12.57942,45.59803],[12.57955,45.59824],[12.57962,45.59841],[12.57968,45.59858],[12.5797,45.59867],[12.5797,45.5988],[12.57968,45.59893],[12.57961,45.59908],[12.57955,45.59916],[12.57948,45.59923],[12.57941,45.5993],[12.57933,45.59935],[12.57927,45.59938],[12.57909,45.59948],[12.57902,45.59952],[12.57889,45.59958],[12.57854,45.59977],[12.57818,45.59998],[12.57803,45.60007],[12.57792,45.60013],[12.5778,45.60018],[12.5776,45.60025],[12.5774,45.60031],[12.57713,45.60041],[12.57693,45.60049],[12.5764,45.60073],[12.57608,45.6009],[12.57577,45.60108],[12.57536,45.60138],[12.57504,45.60164],[12.57473,45.60193],[12.5741,45.60254],[12.57392,45.60274],[12.57386,45.60282],[12.57368,45.60307],[12.57341,45.60343],[12.57289,45.60416],[12.5728,45.6043],[12.57273,45.60443],[12.57263,45.60469],[12.57255,45.60496],[12.57247,45.60522],[12.57236,45.60548],[12.57233,45.60559],[12.57234,45.60568],[12.57239,45.60577],[12.5725,45.60587],[12.573,45.60618],[12.57364,45.60656],[12.57416,45.60688],[12.57426,45.60695],[12.57436,45.60703],[12.57445,45.60711],[12.57468,45.60733],[12.5748,45.60744],[12.57609,45.60878],[12.57615,45.60888],[12.57619,45.60896],[12.57619,45.60898],[12.5762,45.60899],[12.57621,45.60901],[12.57623,45.60909],[12.57624,45.60913],[12.57624,45.60913],[12.57617,45.60954],[12.5761,45.6103],[12.576,45.61176],[12.57598,45.61205],[12.57597,45.61234],[12.57593,45.61287],[12.57592,45.61316],[12.5759,45.61344],[12.57589,45.61352],[12.57588,45.61356],[12.57586,45.61359],[12.57582,45.61363],[12.57576,45.61366],[12.57564,45.61371],[12.57519,45.61386],[12.57511,45.61391],[12.57504,45.61396],[12.57471,45.61408],[12.57438,45.61423],[12.57404,45.61439],[12.57355,45.61467],[12.57312,45.615],[12.57304,45.61506],[12.57279,45.61525],[12.57273,45.6153],[12.57267,45.61534],[12.57256,45.61543],[12.57238,45.61559],[12.5721,45.61585],[12.57204,45.61593],[12.57203,45.61594],[12.57167,45.61647],[12.57126,45.6172],[12.57112,45.61747],[12.57105,45.61761],[12.57089,45.61805],[12.57075,45.61864],[12.57073,45.61889],[12.57072,45.61906],[12.57074,45.61933],[12.57074,45.61939],[12.5707,45.61976],[12.5707,45.61983],[12.57055,45.62034],[12.57041,45.62094],[12.57036,45.62064],[12.5703,45.62058],[12.56973,45.62034],[12.56946,45.6202],[12.56932,45.62015],[12.56918,45.62012],[12.56906,45.62012],[12.56893,45.62013],[12.56868,45.62013],[12.56819,45.62005],[12.56722,45.61988],[12.56661,45.62128],[12.56644,45.62166],[12.5661,45.62248],[12.56599,45.62271],[12.56592,45.62272],[12.56586,45.62276],[12.56578,45.62278],[12.56548,45.62284],[12.56513,45.62289],[12.56499,45.62291],[12.56487,45.62292]]},"properties":{"town_name":"Chiesanuova"}}]}